# run_id=20260925-1754 git=cc7bf86 jvm=25.0.4.1 heap=24g host=PC-THAI tree=clean data=51a0304d3d57 cmd=--exp 6 --dataset bible --algo EHAUSM-R,HAUSP-UB[noEUCS] --repeats 1 --results-dir results --timeout 90
Dataset,MinUtil,BatchID,RunIndex,HAUSP_EHAUSM-R,HAUSP_HAUSP-UB,Status,RunID,UBArm
BIBLE,0.000500,0,0,48701,48701,SUCCESS_MATCH,20260925-1754,HAUSP-UB[noEUCS]
BIBLE,0.000500,1,0,48266,48266,SUCCESS_MATCH,20260925-1754,HAUSP-UB[noEUCS]
BIBLE,0.000500,2,0,37666,37666,SUCCESS_MATCH,20260925-1754,HAUSP-UB[noEUCS]
BIBLE,0.000500,3,0,38012,38012,SUCCESS_MATCH,20260925-1754,HAUSP-UB[noEUCS]
BIBLE,0.000500,4,0,29772,29772,SUCCESS_MATCH,20260925-1754,HAUSP-UB[noEUCS]
# run_id=20260925-1758 git=cc7bf86 jvm=25.0.4.1 heap=24g host=PC-THAI tree=clean data=51a0304d3d57 cmd=--exp 6 --dataset bms1_spmf --algo EHAUSM-R,HAUSP-UB[noEUCS] --repeats 1 --results-dir results --timeout 90
BMS1_SPMF,0.003500,0,0,100,100,SUCCESS_MATCH,20260925-1758,HAUSP-UB[noEUCS]
BMS1_SPMF,0.003500,1,0,97,97,SUCCESS_MATCH,20260925-1758,HAUSP-UB[noEUCS]
BMS1_SPMF,0.003500,2,0,94,94,SUCCESS_MATCH,20260925-1758,HAUSP-UB[noEUCS]
BMS1_SPMF,0.003500,3,0,93,93,SUCCESS_MATCH,20260925-1758,HAUSP-UB[noEUCS]
BMS1_SPMF,0.003500,4,0,93,93,SUCCESS_MATCH,20260925-1758,HAUSP-UB[noEUCS]
# run_id=20260925-1759 git=cc7bf86 jvm=25.0.4.1 heap=24g host=PC-THAI tree=clean data=51a0304d3d57 cmd=--exp 6 --dataset syn_c8t1s5i8n5k --algo EHAUSM-R,HAUSP-UB[noEUCS] --repeats 1 --results-dir results --timeout 90
C8T1S5I8N5K,0.000200,0,0,6078,6078,SUCCESS_MATCH,20260925-1759,HAUSP-UB[noEUCS]
C8T1S5I8N5K,0.000200,1,0,4680,4680,SUCCESS_MATCH,20260925-1759,HAUSP-UB[noEUCS]
C8T1S5I8N5K,0.000200,2,0,3088,3088,SUCCESS_MATCH,20260925-1759,HAUSP-UB[noEUCS]
C8T1S5I8N5K,0.000200,3,0,2428,2428,SUCCESS_MATCH,20260925-1759,HAUSP-UB[noEUCS]
C8T1S5I8N5K,0.000200,4,0,2623,2623,SUCCESS_MATCH,20260925-1759,HAUSP-UB[noEUCS]
# run_id=20260925-1759 git=cc7bf86 jvm=25.0.4.1 heap=24g host=PC-THAI tree=clean data=51a0304d3d57 cmd=--exp 6 --dataset fifa --algo EHAUSM-R,HAUSP-UB[noEUCS] --repeats 1 --results-dir results --timeout 90
FIFA,0.009000,0,0,1083,1083,SUCCESS_MATCH,20260925-1759,HAUSP-UB[noEUCS]
FIFA,0.009000,1,0,1043,1043,SUCCESS_MATCH,20260925-1759,HAUSP-UB[noEUCS]
FIFA,0.009000,2,0,1114,1114,SUCCESS_MATCH,20260925-1759,HAUSP-UB[noEUCS]
FIFA,0.009000,3,0,1199,1199,SUCCESS_MATCH,20260925-1759,HAUSP-UB[noEUCS]
FIFA,0.009000,4,0,1174,1174,SUCCESS_MATCH,20260925-1759,HAUSP-UB[noEUCS]
# run_id=20260925-1830 git=cc7bf86 jvm=25.0.4.1 heap=24g host=PC-THAI tree=clean data=51a0304d3d57 cmd=--exp 6 --dataset kosarak --algo EHAUSM-R,HAUSP-UB[noEUCS] --repeats 1 --results-dir results --timeout 90
KOSARAK,0.005000,0,0,44,44,SUCCESS_MATCH,20260925-1830,HAUSP-UB[noEUCS]
KOSARAK,0.005000,1,0,44,44,SUCCESS_MATCH,20260925-1830,HAUSP-UB[noEUCS]
KOSARAK,0.005000,2,0,44,44,SUCCESS_MATCH,20260925-1830,HAUSP-UB[noEUCS]
KOSARAK,0.005000,3,0,44,44,SUCCESS_MATCH,20260925-1830,HAUSP-UB[noEUCS]
KOSARAK,0.005000,4,0,44,44,SUCCESS_MATCH,20260925-1830,HAUSP-UB[noEUCS]
# run_id=20260925-1834 git=cc7bf86 jvm=25.0.4.1 heap=24g host=PC-THAI tree=clean data=51a0304d3d57 cmd=--exp 6 --dataset leviathan --algo EHAUSM-R,HAUSP-UB[noEUCS] --repeats 1 --results-dir results --timeout 90
LEVIATHAN,0.005000,0,0,1358,1358,SUCCESS_MATCH,20260925-1834,HAUSP-UB[noEUCS]
LEVIATHAN,0.005000,1,0,1794,1794,SUCCESS_MATCH,20260925-1834,HAUSP-UB[noEUCS]
LEVIATHAN,0.005000,2,0,1962,1962,SUCCESS_MATCH,20260925-1834,HAUSP-UB[noEUCS]
LEVIATHAN,0.005000,3,0,1912,1912,SUCCESS_MATCH,20260925-1834,HAUSP-UB[noEUCS]
LEVIATHAN,0.005000,4,0,1983,1983,SUCCESS_MATCH,20260925-1834,HAUSP-UB[noEUCS]
# run_id=20260925-1834 git=cc7bf86 jvm=25.0.4.1 heap=24g host=PC-THAI tree=clean data=51a0304d3d57 cmd=--exp 6 --dataset sign --algo EHAUSM-R,HAUSP-UB[noEUCS] --repeats 1 --results-dir results --timeout 90
SIGN,0.005000,0,0,3340,3340,SUCCESS_MATCH,20260925-1834,HAUSP-UB[noEUCS]
SIGN,0.005000,1,0,2637,2637,SUCCESS_MATCH,20260925-1834,HAUSP-UB[noEUCS]
SIGN,0.005000,2,0,2248,2248,SUCCESS_MATCH,20260925-1834,HAUSP-UB[noEUCS]
SIGN,0.005000,3,0,1988,1988,SUCCESS_MATCH,20260925-1834,HAUSP-UB[noEUCS]
SIGN,0.005000,4,0,1907,1907,SUCCESS_MATCH,20260925-1834,HAUSP-UB[noEUCS]
# run_id=20260925-1834 git=cc7bf86 jvm=25.0.4.1 heap=24g host=PC-THAI tree=clean data=51a0304d3d57 cmd=--exp 6 --dataset tafeng --algo EHAUSM-R,HAUSP-UB[noEUCS] --repeats 1 --results-dir results --timeout 90
TAFENG,0.001600,0,0,23,23,SUCCESS_MATCH,20260925-1834,HAUSP-UB[noEUCS]
TAFENG,0.001600,1,0,22,22,SUCCESS_MATCH,20260925-1834,HAUSP-UB[noEUCS]
TAFENG,0.001600,2,0,38766,38766,SUCCESS_MATCH,20260925-1834,HAUSP-UB[noEUCS]
TAFENG,0.001600,3,0,1863,1863,SUCCESS_MATCH,20260925-1834,HAUSP-UB[noEUCS]
TAFENG,0.001600,4,0,96,96,SUCCESS_MATCH,20260925-1834,HAUSP-UB[noEUCS]
