# run_id=20260905-2047 git=0c08753 jvm=26.0.1 heap=24g host=ThaiTMs-MacBook-Pro.local tree=clean cmd=--exp 1,3,8 --algo HAUSP-UB --repeats 1 --results-dir results-2026-09/counts --timeout 90 --resume
Timestamp,Algorithm,Dataset,BatchID,RunIndex,MinUtil,mu,DeltaRatio,TotalDBUtil,CumulativeDBSize,tScan(ms),tMining(ms),tTotal(ms),tLayer1(ms),tLayer2(ms),tLayer3(ms),Cand,PrunedL1(SWU),PrunedL2(IAUUB),PrunedL3(MFUUB),TightnessPEAU,TightnessIAUUB,TightnessMFUUB,HAUSP,SHAUS,MemPeak(MB),PoolBorrows,PoolReuses,PoolPeakLive,AudulActive,Status,Recursed,ArmOrder,Schedule,PoolBytes,FlatBytes,EucsBytes,AudulRootBytes,RescanTriggered,BufferUtil,BufferTested,SafetyBound,PrunedL3Node,PrunedL1Root,MemMode,MemLive(MB),MemRetained(MB),GcForced,RunID
2026-09-05 20:48:31,HAUSP-UB,BIBLE,1,0,0.000500,0.000,0.050,35550162,36369,47,17582,17629,1,664,91,83528915,12054,83293828,11096,0.000000,0.290140,0.297948,29772,0,523.88,83527661,83526030,3853,13905,SUCCESS,223663,0,,141419520,25186112,33808976,118391680,,,,,747,1075,used,,,,20260905-2047
2026-09-05 20:49:07,HAUSP-UB,BIBLE,1,0,0.000500,0.000,0.100,35550162,36369,37,17567,17605,1,656,91,83528915,12054,83293828,11096,0.000000,0.290140,0.297948,29772,0,707.12,83527661,83526030,3853,13905,SUCCESS,223663,0,,136061952,25186112,33808976,118391680,,,,,747,1075,used,,,,20260905-2047
2026-09-05 20:49:45,HAUSP-UB,BIBLE,1,0,0.000500,0.000,0.150,35550162,36369,37,18332,18369,1,660,92,83528915,12054,83293828,11096,0.000000,0.290140,0.297948,29772,0,754.64,83527661,83526030,3853,13905,SUCCESS,223663,0,,144188416,25186112,33808976,118391680,,,,,747,1075,used,,,,20260905-2047
2026-09-05 20:50:21,HAUSP-UB,BIBLE,1,0,0.000500,0.000,0.200,35550162,36369,34,17304,17340,1,666,90,83528915,12054,83293828,11096,0.000000,0.290140,0.297948,29772,0,759.05,83527661,83526030,3853,13905,SUCCESS,223663,0,,144188416,25186112,33808976,118391680,,,,,747,1075,used,,,,20260905-2047
2026-09-05 20:50:50,HAUSP-UB,BMS1_SPMF,1,0,0.003500,0.000,0.050,7229030,59601,4,28348,28352,0,932,264,101714408,170,101041040,87,0.000000,0.039763,0.039814,93,0,67.35,101714152,101713931,562,497,SUCCESS,673331,0,,2040320,4788416,3121200,3681792,,,,,87,37,used,,,,20260905-2047
2026-09-05 20:51:20,HAUSP-UB,BMS1_SPMF,1,0,0.003500,0.000,0.100,7229030,59601,4,28524,28529,0,942,265,101714408,170,101041040,87,0.000000,0.039763,0.039814,93,0,63.79,101714152,101713931,562,497,SUCCESS,673331,0,,1905664,4788416,3121200,3681792,,,,,87,37,used,,,,20260905-2047
2026-09-05 20:51:49,HAUSP-UB,BMS1_SPMF,1,0,0.003500,0.000,0.150,7229030,59601,4,28552,28557,0,938,267,101714408,170,101041040,87,0.000000,0.039763,0.039814,93,0,63.48,101714152,101713931,562,497,SUCCESS,673331,0,,1905664,4788416,3121200,3681792,,,,,87,37,used,,,,20260905-2047
2026-09-05 20:52:18,HAUSP-UB,BMS1_SPMF,1,0,0.003500,0.000,0.200,7229030,59601,4,28539,28544,0,941,267,101714408,170,101041040,87,0.000000,0.039763,0.039814,93,0,63.51,101714152,101713931,562,497,SUCCESS,673331,0,,1905664,4788416,3121200,3681792,,,,,87,37,used,,,,20260905-2047
# run_id=20260905-2054 git=3b074c9 jvm=26.0.1 heap=24g host=ThaiTMs-MacBook-Pro.local tree=clean cmd=--exp 1,3,8 --algo HAUSP-UB --repeats 1 --results-dir results-2026-09/counts --timeout 90 --resume
2026-09-05 20:57:16,HAUSP-UB,FIFA,1,0,0.012000,0.000,0.050,35721991,20450,22,90483,90506,5,219,60,20784913,2701,20655889,267,0.000000,0.096915,0.097026,334,0,614.66,20784542,20784461,414,2990,SUCCESS,128691,0,,40501248,23714944,399886528,24841856,,,,,99,165,used,,,,20260905-2054
# run_id=20260905-2104 git=06f95fd jvm=26.0.1 heap=24g host=ThaiTMs-MacBook-Pro.local tree=clean cmd=--exp 1,3,8 --algo HAUSP-UB --repeats 1 --results-dir results-2026-09/counts --timeout 90 --resume
2026-09-05 21:07:20,HAUSP-UB,FIFA,1,0,0.012000,0.000,0.100,35721991,20450,86,89475,89561,0,178,54,20784913,2701,20655889,267,0.000000,0.096915,0.097026,334,0,615.84,20784542,20784461,414,2990,SUCCESS,128691,0,,42401792,23714944,399886528,24841856,,,,,99,165,used,,,,20260905-2104
2026-09-05 21:10:06,HAUSP-UB,FIFA,1,0,0.012000,0.000,0.150,35721991,20450,9,89895,89904,0,182,53,20784913,2701,20655889,267,0.000000,0.096915,0.097026,334,0,619.95,20784542,20784461,414,2990,SUCCESS,128691,0,,41058304,23714944,399886528,24841856,,,,,99,165,used,,,,20260905-2104
2026-09-05 21:12:52,HAUSP-UB,FIFA,1,0,0.012000,0.000,0.200,35721991,20450,8,90472,90481,0,187,54,20784913,2701,20655889,267,0.000000,0.096915,0.097026,334,0,623.47,20784542,20784461,414,2990,SUCCESS,128691,0,,42926080,23714944,399886528,24841856,,,,,99,165,used,,,,20260905-2104
2026-09-05 21:13:44,HAUSP-UB,KOSARAK,1,0,0.005000,0.000,0.050,400890653,990002,1723,22406,24129,11,38,4,3144185,38834,3134331,1379,0.000000,0.027005,0.032215,44,0,3802.57,3142114,3140344,3823,41270,SUCCESS,8432,0,,210305024,256608480,1074421968,357436544,,,,,1379,1422,used,,,,20260905-2104
2026-09-05 21:14:39,HAUSP-UB,KOSARAK,1,0,0.005000,0.000,0.100,400890653,990002,1776,22939,24716,19,37,4,3144185,38834,3134331,1379,0.000000,0.027005,0.032215,44,0,3595.88,3142114,3140344,3823,41270,SUCCESS,8432,0,,210305024,256608480,1074421968,357436544,,,,,1379,1422,used,,,,20260905-2104
2026-09-05 21:15:31,HAUSP-UB,KOSARAK,1,0,0.005000,0.000,0.150,400890653,990002,1635,22421,24056,7,37,4,3144185,38834,3134331,1379,0.000000,0.027005,0.032215,44,0,5325.20,3142114,3140344,3823,41270,SUCCESS,8432,0,,210305024,256608480,1074421968,357436544,,,,,1379,1422,used,,,,20260905-2104
2026-09-05 21:16:24,HAUSP-UB,KOSARAK,1,0,0.005000,0.000,0.200,400890653,990002,1665,22552,24217,7,38,4,3144185,38834,3134331,1379,0.000000,0.027005,0.032215,44,0,3928.98,3142114,3140344,3823,41270,SUCCESS,8432,0,,210305024,256608480,1074421968,357436544,,,,,1379,1422,used,,,,20260905-2104
2026-09-05 21:16:28,HAUSP-UB,LEVIATHAN,1,0,0.003000,0.000,0.050,14156241,5834,18,1699,1718,0,48,10,5958464,8336,5929969,1777,0.000000,0.366961,0.379732,6511,0,191.73,5958130,5957213,1568,9025,SUCCESS,26495,0,,0,6312032,33739184,21993088,,,,,336,559,used,,,,20260905-2104
2026-09-05 21:16:32,HAUSP-UB,LEVIATHAN,1,0,0.003000,0.000,0.100,14156241,5834,19,1696,1716,0,48,10,5958464,8336,5929969,1777,0.000000,0.366961,0.379732,6511,0,207.35,5958130,5957213,1568,9025,SUCCESS,26495,0,,20989696,6312032,33739184,21993088,,,,,336,559,used,,,,20260905-2104
2026-09-05 21:16:35,HAUSP-UB,LEVIATHAN,1,0,0.003000,0.000,0.150,14156241,5834,18,1702,1720,0,50,10,5958464,8336,5929969,1777,0.000000,0.366961,0.379732,6511,0,168.90,5958130,5957213,1568,9025,SUCCESS,26495,0,,0,6312032,33739184,21993088,,,,,336,559,used,,,,20260905-2104
2026-09-05 21:16:39,HAUSP-UB,LEVIATHAN,1,0,0.003000,0.000,0.200,14156241,5834,19,1701,1721,0,48,10,5958464,8336,5929969,1777,0.000000,0.366961,0.379732,6511,0,165.06,5958130,5957213,1568,9025,SUCCESS,26495,0,,0,6312032,33739184,21993088,,,,,336,559,used,,,,20260905-2104
2026-09-05 21:16:55,HAUSP-UB,SIGN,1,0,0.003000,0.000,0.050,1668652,730,0,8293,8294,0,436,232,86623963,32,86030002,60,0.000000,0.176058,0.176085,12666,0,122.34,86623714,86623697,754,267,SUCCESS,593947,0,,5542016,1214656,74809588,905472,,,,,60,14,used,,,,20260905-2104
2026-09-05 21:17:10,HAUSP-UB,SIGN,1,0,0.003000,0.000,0.100,1668652,730,0,8268,8268,0,433,231,86623963,32,86030002,60,0.000000,0.176058,0.176085,12666,0,119.93,86623714,86623697,754,267,SUCCESS,593947,0,,5492864,1214656,74809588,905472,,,,,60,14,used,,,,20260905-2104
2026-09-05 21:17:26,HAUSP-UB,SIGN,1,0,0.003000,0.000,0.150,1668652,730,0,8258,8259,0,434,232,86623963,32,86030002,60,0.000000,0.176058,0.176085,12666,0,119.86,86623714,86623697,754,267,SUCCESS,593947,0,,5492864,1214656,74809588,905472,,,,,60,14,used,,,,20260905-2104
2026-09-05 21:17:42,HAUSP-UB,SIGN,1,0,0.003000,0.000,0.200,1668652,730,0,8281,8282,0,435,231,86623963,32,86030002,60,0.000000,0.176058,0.176085,12666,0,120.62,86623714,86623697,754,267,SUCCESS,593947,0,,5542016,1214656,74809588,905472,,,,,60,14,used,,,,20260905-2104
2026-09-05 21:17:45,HAUSP-UB,C8T1S5I8N5K,1,0,0.000200,0.000,0.050,47416411,47133,86,891,978,4,44,36,1906734,46615,1799929,12578,0.000000,0.208598,0.219840,2623,0,916.05,1870891,1869456,2118,68240,SUCCESS,91130,0,,341504,22186560,155545888,21701248,,,,,12577,15674,used,,,,20260905-2104
2026-09-05 21:17:47,HAUSP-UB,C8T1S5I8N5K,1,0,0.000200,0.000,0.100,47416411,47133,70,884,955,4,44,36,1906734,46615,1799929,12578,0.000000,0.208598,0.219840,2623,0,966.59,1870891,1869456,2118,68240,SUCCESS,91130,0,,350464,22186560,155545888,21701248,,,,,12577,15674,used,,,,20260905-2104
2026-09-05 21:17:50,HAUSP-UB,C8T1S5I8N5K,1,0,0.000200,0.000,0.150,47416411,47133,68,875,944,4,43,36,1906734,46615,1799929,12578,0.000000,0.208598,0.219840,2623,0,917.07,1870891,1869456,2118,68240,SUCCESS,91130,0,,341504,22186560,155545888,21701248,,,,,12577,15674,used,,,,20260905-2104
2026-09-05 21:17:53,HAUSP-UB,C8T1S5I8N5K,1,0,0.000200,0.000,0.200,47416411,47133,69,881,951,4,44,36,1906734,46615,1799929,12578,0.000000,0.208598,0.219840,2623,0,964.50,1870891,1869456,2118,68240,SUCCESS,91130,0,,350464,22186560,155545888,21701248,,,,,12577,15674,used,,,,20260905-2104
