# run_id=20260920-0654 git=3b44d0a jvm=26.0.1 heap=24g host=ThaiTMs-MacBook-Pro.local tree=clean data=51a0304d3d57 cmd=--exp 1,5,6,9 --timeout 90 --dataset tafeng --repeats 3
Timestamp,Algorithm,Dataset,BatchID,RunIndex,MinUtil,mu,DeltaRatio,TotalDBUtil,CumulativeDBSize,tScan(ms),tMining(ms),tTotal(ms),tLayer1(ms),tLayer2(ms),tLayer3(ms),Cand,PrunedL1(SWU),PrunedL2(IAUUB),PrunedL3(MFUUB),TightnessPEAU,TightnessIAUUB,TightnessMFUUB,HAUSP,SHAUS,MemPeak(MB),PoolBorrows,PoolReuses,PoolPeakLive,AudulActive,Status,Recursed,ArmOrder,Schedule,PoolBytes,FlatBytes,EucsBytes,AudulRootBytes,RescanTriggered,BufferUtil,BufferTested,SafetyBound,PrunedL3Node,PrunedL1Root,MemMode,MemLive(MB),MemRetained(MB),GcForced,RunID
2026-09-20 09:28:32,EHAUSM-I,TAFENG,0,0,0.001600,0.000,0.200,22786539,6453,19,44919,44939,0,0,0,465248232,9557,464754232,0,0.020926,0.000000,0.000000,23,0,1642.26,0,0,0,0,SUCCESS,0,0,,,,,,,,,,,,used,,,,20260920-0654
2026-09-20 09:28:34,EHAUSM-I,TAFENG,1,0,0.001600,0.000,0.200,46344420,12906,14,1103,1118,0,0,0,3148434,13080,3143738,0,0.140142,0.000000,0.000000,22,0,2941.95,0,0,0,0,SUCCESS,0,0,,,,,,,,,,,,used,,,,20260920-0654
2026-09-20 09:28:35,EHAUSM-I,TAFENG,2,0,0.001600,0.000,0.200,71466201,19359,16,1140,1157,0,0,0,3282595,14907,3238556,0,0.128314,0.000000,0.000000,38766,0,701.90,0,0,0,0,SUCCESS,0,0,,,,,,,,,,,,used,,,,20260920-0654
2026-09-20 09:28:36,EHAUSM-I,TAFENG,3,0,0.001600,0.000,0.200,90187956,25812,18,1095,1113,0,0,0,1996918,15772,1991769,0,0.127180,0.000000,0.000000,1863,0,562.90,0,0,0,0,SUCCESS,0,0,,,,,,,,,,,,used,,,,20260920-0654
2026-09-20 09:28:38,EHAUSM-I,TAFENG,4,0,0.001600,0.000,0.200,108290594,32266,17,1325,1343,0,0,0,2330028,16292,2326353,0,0.092116,0.000000,0.000000,96,0,473.51,0,0,0,0,SUCCESS,0,0,,,,,,,,,,,,used,,,,20260920-0654
2026-09-20 09:29:24,EHAUSM-I,TAFENG,0,1,0.001600,0.000,0.200,22786539,6453,10,45019,45030,0,0,0,465248232,9557,464754232,0,0.020926,0.000000,0.000000,23,0,733.62,0,0,0,0,SUCCESS,0,0,,,,,,,,,,,,used,,,,20260920-0654
2026-09-20 09:29:25,EHAUSM-I,TAFENG,1,1,0.001600,0.000,0.200,46344420,12906,13,947,961,0,0,0,3148434,13080,3143738,0,0.140142,0.000000,0.000000,22,0,1507.84,0,0,0,0,SUCCESS,0,0,,,,,,,,,,,,used,,,,20260920-0654
2026-09-20 09:29:27,EHAUSM-I,TAFENG,2,1,0.001600,0.000,0.200,71466201,19359,16,1257,1273,0,0,0,3282595,14907,3238556,0,0.128314,0.000000,0.000000,38766,0,566.14,0,0,0,0,SUCCESS,0,0,,,,,,,,,,,,used,,,,20260920-0654
2026-09-20 09:29:28,EHAUSM-I,TAFENG,3,1,0.001600,0.000,0.200,90187956,25812,18,1100,1118,0,0,0,1996918,15772,1991769,0,0.127180,0.000000,0.000000,1863,0,436.06,0,0,0,0,SUCCESS,0,0,,,,,,,,,,,,used,,,,20260920-0654
2026-09-20 09:29:30,EHAUSM-I,TAFENG,4,1,0.001600,0.000,0.200,108290594,32266,17,1335,1353,0,0,0,2330028,16292,2326353,0,0.092116,0.000000,0.000000,96,0,459.35,0,0,0,0,SUCCESS,0,0,,,,,,,,,,,,used,,,,20260920-0654
2026-09-20 09:30:16,EHAUSM-I,TAFENG,0,2,0.001600,0.000,0.200,22786539,6453,10,45076,45086,0,0,0,465248232,9557,464754232,0,0.020926,0.000000,0.000000,23,0,2410.79,0,0,0,0,SUCCESS,0,0,,,,,,,,,,,,used,,,,20260920-0654
2026-09-20 09:30:17,EHAUSM-I,TAFENG,1,2,0.001600,0.000,0.200,46344420,12906,13,1093,1107,0,0,0,3148434,13080,3143738,0,0.140142,0.000000,0.000000,22,0,2910.86,0,0,0,0,SUCCESS,0,0,,,,,,,,,,,,used,,,,20260920-0654
2026-09-20 09:30:18,EHAUSM-I,TAFENG,2,2,0.001600,0.000,0.200,71466201,19359,16,1130,1147,0,0,0,3282595,14907,3238556,0,0.128314,0.000000,0.000000,38766,0,700.90,0,0,0,0,SUCCESS,0,0,,,,,,,,,,,,used,,,,20260920-0654
2026-09-20 09:30:20,EHAUSM-I,TAFENG,3,2,0.001600,0.000,0.200,90187956,25812,16,1236,1253,0,0,0,1996918,15772,1991769,0,0.127180,0.000000,0.000000,1863,0,577.69,0,0,0,0,SUCCESS,0,0,,,,,,,,,,,,used,,,,20260920-0654
2026-09-20 09:30:21,EHAUSM-I,TAFENG,4,2,0.001600,0.000,0.200,108290594,32266,17,1328,1346,0,0,0,2330028,16292,2326353,0,0.092116,0.000000,0.000000,96,0,459.38,0,0,0,0,SUCCESS,0,0,,,,,,,,,,,,used,,,,20260920-0654
2026-09-20 09:30:54,EHAUSM-R,TAFENG,0,0,0.001600,0.000,0.200,22786539,6453,9,31610,31620,0,0,0,465248232,9557,464754232,0,0.005696,0.000000,0.000000,23,0,876.42,0,0,0,0,SUCCESS,0,1,,,,,,,,,,,,used,,,,20260920-0654
2026-09-20 09:30:55,EHAUSM-R,TAFENG,1,0,0.001600,0.000,0.200,46344420,12906,18,1003,1022,0,0,0,6694115,13080,6689419,0,0.015990,0.000000,0.000000,22,0,734.55,0,0,0,0,SUCCESS,0,1,,,,,,,,,,,,used,,,,20260920-0654
2026-09-20 09:30:56,EHAUSM-R,TAFENG,2,0,0.001600,0.000,0.200,71466201,19359,24,1169,1194,0,0,0,7356577,14907,7312538,0,0.050771,0.000000,0.000000,38766,0,1043.94,0,0,0,0,SUCCESS,0,1,,,,,,,,,,,,used,,,,20260920-0654
2026-09-20 09:30:58,EHAUSM-R,TAFENG,3,0,0.001600,0.000,0.200,90187956,25812,32,1399,1432,0,0,0,7087294,15772,7082145,0,0.028100,0.000000,0.000000,1863,0,2477.30,0,0,0,0,SUCCESS,0,1,,,,,,,,,,,,used,,,,20260920-0654
2026-09-20 09:31:00,EHAUSM-R,TAFENG,4,0,0.001600,0.000,0.200,108290594,32266,39,1543,1582,0,0,0,8104030,16292,8100355,0,0.022171,0.000000,0.000000,96,0,585.41,0,0,0,0,SUCCESS,0,1,,,,,,,,,,,,used,,,,20260920-0654
2026-09-20 09:31:32,EHAUSM-R,TAFENG,0,1,0.001600,0.000,0.200,22786539,6453,9,31624,31633,0,0,0,465248232,9557,464754232,0,0.005696,0.000000,0.000000,23,0,796.22,0,0,0,0,SUCCESS,0,1,,,,,,,,,,,,used,,,,20260920-0654
2026-09-20 09:31:33,EHAUSM-R,TAFENG,1,1,0.001600,0.000,0.200,46344420,12906,17,1007,1024,0,0,0,6694115,13080,6689419,0,0.015990,0.000000,0.000000,22,0,734.84,0,0,0,0,SUCCESS,0,1,,,,,,,,,,,,used,,,,20260920-0654
2026-09-20 09:31:35,EHAUSM-R,TAFENG,2,1,0.001600,0.000,0.200,71466201,19359,26,1183,1210,0,0,0,7356577,14907,7312538,0,0.050771,0.000000,0.000000,38766,0,1044.03,0,0,0,0,SUCCESS,0,1,,,,,,,,,,,,used,,,,20260920-0654
2026-09-20 09:31:36,EHAUSM-R,TAFENG,3,1,0.001600,0.000,0.200,90187956,25812,31,1379,1411,0,0,0,7087294,15772,7082145,0,0.028100,0.000000,0.000000,1863,0,1743.47,0,0,0,0,SUCCESS,0,1,,,,,,,,,,,,used,,,,20260920-0654
2026-09-20 09:31:38,EHAUSM-R,TAFENG,4,1,0.001600,0.000,0.200,108290594,32266,39,1549,1589,0,0,0,8104030,16292,8100355,0,0.022171,0.000000,0.000000,96,0,586.15,0,0,0,0,SUCCESS,0,1,,,,,,,,,,,,used,,,,20260920-0654
2026-09-20 09:32:10,EHAUSM-R,TAFENG,0,2,0.001600,0.000,0.200,22786539,6453,9,31592,31602,0,0,0,465248232,9557,464754232,0,0.005696,0.000000,0.000000,23,0,1341.03,0,0,0,0,SUCCESS,0,1,,,,,,,,,,,,used,,,,20260920-0654
2026-09-20 09:32:12,EHAUSM-R,TAFENG,1,2,0.001600,0.000,0.200,46344420,12906,17,1011,1029,0,0,0,6694115,13080,6689419,0,0.015990,0.000000,0.000000,22,0,734.82,0,0,0,0,SUCCESS,0,1,,,,,,,,,,,,used,,,,20260920-0654
2026-09-20 09:32:13,EHAUSM-R,TAFENG,2,2,0.001600,0.000,0.200,71466201,19359,24,1170,1195,0,0,0,7356577,14907,7312538,0,0.050771,0.000000,0.000000,38766,0,1059.84,0,0,0,0,SUCCESS,0,1,,,,,,,,,,,,used,,,,20260920-0654
2026-09-20 09:32:15,EHAUSM-R,TAFENG,3,2,0.001600,0.000,0.200,90187956,25812,31,1363,1395,0,0,0,7087294,15772,7082145,0,0.028100,0.000000,0.000000,1863,0,1743.17,0,0,0,0,SUCCESS,0,1,,,,,,,,,,,,used,,,,20260920-0654
2026-09-20 09:32:16,EHAUSM-R,TAFENG,4,2,0.001600,0.000,0.200,108290594,32266,38,1560,1598,0,0,0,8104030,16292,8100355,0,0.022171,0.000000,0.000000,96,0,585.41,0,0,0,0,SUCCESS,0,1,,,,,,,,,,,,used,,,,20260920-0654
2026-09-20 09:32:36,HAUSP-UB[noL2+L3@node+nopool+noEUCS],TAFENG,0,0,0.001600,0.000,0.200,22786539,6453,10,18693,18704,0,0,0,465248232,12474,0,464751315,0.000000,0.016419,0.016420,23,0,2424.77,465257789,0,28665,17484,SUCCESS,465245315,2,,606464,4654648,0,5051520,,,,,464751315,2917,used,,,,20260920-0654
2026-09-20 09:32:36,HAUSP-UB[noL2+L3@node+nopool+noEUCS],TAFENG,1,0,0.001600,0.000,0.200,46344420,12906,20,463,484,8,0,0,6694115,16191,0,6686308,0.000000,0.086969,0.087012,22,0,1078.61,6689711,0,16479,20977,SUCCESS,6691004,2,,324736,9320976,0,9181056,,,,,6686308,3111,used,,,,20260920-0654
2026-09-20 09:32:37,HAUSP-UB[noL2+L3@node+nopool+noEUCS],TAFENG,2,0,0.001600,0.000,0.200,71466201,19359,6,566,572,0,0,0,7356577,18072,0,7309373,0.000000,0.094843,0.094887,38766,0,1088.29,7350507,0,16507,22666,SUCCESS,7353412,2,,169728,13980512,0,13430144,,,,,7309373,3165,used,,,,20260920-0654
2026-09-20 09:32:38,HAUSP-UB[noL2+L3@node+nopool+noEUCS],TAFENG,3,0,0.001600,0.000,0.200,90187956,25812,5,601,606,0,0,0,7087294,18964,0,7078953,0.000000,0.098427,0.098473,1863,0,1098.22,7080400,0,16574,23356,SUCCESS,7084102,2,,79360,17520408,0,16503680,,,,,7078953,3192,used,,,,20260920-0654
2026-09-20 09:32:39,HAUSP-UB[noL2+L3@node+nopool+noEUCS],TAFENG,4,0,0.001600,0.000,0.200,108290594,32266,4,733,737,0,0,0,8104030,19474,0,8097173,0.000000,0.091844,0.091885,96,0,1105.75,8096966,0,16756,23812,SUCCESS,8100848,2,,461056,20582408,0,19256576,,,,,8097173,3182,used,,,,20260920-0654
2026-09-20 09:32:58,HAUSP-UB[noL2+L3@node+nopool+noEUCS],TAFENG,0,1,0.001600,0.000,0.200,22786539,6453,5,18734,18739,0,0,0,465248232,12474,0,464751315,0.000000,0.016419,0.016420,23,0,2409.76,465257789,0,28665,17484,SUCCESS,465245315,2,,322304,4654648,0,5051520,,,,,464751315,2917,used,,,,20260920-0654
2026-09-20 09:32:59,HAUSP-UB[noL2+L3@node+nopool+noEUCS],TAFENG,1,1,0.001600,0.000,0.200,46344420,12906,6,441,447,0,0,0,6694115,16191,0,6686308,0.000000,0.086969,0.087012,22,0,1046.61,6689711,0,16479,20977,SUCCESS,6691004,2,,361728,9320976,0,9181056,,,,,6686308,3111,used,,,,20260920-0654
2026-09-20 09:33:00,HAUSP-UB[noL2+L3@node+nopool+noEUCS],TAFENG,2,1,0.001600,0.000,0.200,71466201,19359,5,544,550,0,0,0,7356577,18072,0,7309373,0.000000,0.094843,0.094887,38766,0,1056.49,7350507,0,16507,22666,SUCCESS,7353412,2,,437120,13980512,0,13430144,,,,,7309373,3165,used,,,,20260920-0654
2026-09-20 09:33:01,HAUSP-UB[noL2+L3@node+nopool+noEUCS],TAFENG,3,1,0.001600,0.000,0.200,90187956,25812,4,606,611,0,0,0,7087294,18964,0,7078953,0.000000,0.098427,0.098473,1863,0,1066.08,7080400,0,16574,23356,SUCCESS,7084102,2,,439936,17520408,0,16503680,,,,,7078953,3192,used,,,,20260920-0654
2026-09-20 09:33:02,HAUSP-UB[noL2+L3@node+nopool+noEUCS],TAFENG,4,1,0.001600,0.000,0.200,108290594,32266,4,731,736,0,0,0,8104030,19474,0,8097173,0.000000,0.091844,0.091885,96,0,1074.15,8096966,0,16756,23812,SUCCESS,8100848,2,,309760,20582408,0,19256576,,,,,8097173,3182,used,,,,20260920-0654
2026-09-20 09:33:21,HAUSP-UB[noL2+L3@node+nopool+noEUCS],TAFENG,0,2,0.001600,0.000,0.200,22786539,6453,5,18723,18729,0,0,0,465248232,12474,0,464751315,0.000000,0.016419,0.016420,23,0,2424.77,465257789,0,28665,17484,SUCCESS,465245315,2,,834304,4654648,0,5051520,,,,,464751315,2917,used,,,,20260920-0654
2026-09-20 09:33:22,HAUSP-UB[noL2+L3@node+nopool+noEUCS],TAFENG,1,2,0.001600,0.000,0.200,46344420,12906,6,447,453,0,0,0,6694115,16191,0,6686308,0.000000,0.086969,0.087012,22,0,1046.61,6689711,0,16479,20977,SUCCESS,6691004,2,,361728,9320976,0,9181056,,,,,6686308,3111,used,,,,20260920-0654
2026-09-20 09:33:22,HAUSP-UB[noL2+L3@node+nopool+noEUCS],TAFENG,2,2,0.001600,0.000,0.200,71466201,19359,5,540,545,0,0,0,7356577,18072,0,7309373,0.000000,0.094843,0.094887,38766,0,1056.29,7350507,0,16507,22666,SUCCESS,7353412,2,,437120,13980512,0,13430144,,,,,7309373,3165,used,,,,20260920-0654
2026-09-20 09:33:23,HAUSP-UB[noL2+L3@node+nopool+noEUCS],TAFENG,3,2,0.001600,0.000,0.200,90187956,25812,4,603,607,0,0,0,7087294,18964,0,7078953,0.000000,0.098427,0.098473,1863,0,1065.88,7080400,0,16574,23356,SUCCESS,7084102,2,,439936,17520408,0,16503680,,,,,7078953,3192,used,,,,20260920-0654
2026-09-20 09:33:24,HAUSP-UB[noL2+L3@node+nopool+noEUCS],TAFENG,4,2,0.001600,0.000,0.200,108290594,32266,4,767,771,0,0,0,8104030,19474,0,8097173,0.000000,0.091844,0.091885,96,0,1073.51,8096966,0,16756,23812,SUCCESS,8100848,2,,309760,20582408,0,19256576,,,,,8097173,3182,used,,,,20260920-0654
2026-09-20 09:33:41,HAUSP-UB[noL2+nopool+noEUCS],TAFENG,0,0,0.001600,0.000,0.200,22786539,6453,5,15975,15981,0,0,0,465248232,12474,0,464751315,0.000000,0.002582,0.002718,23,0,2384.62,465257789,0,28665,17484,SUCCESS,496142,3,,368768,4654648,0,5051520,,,,,2142,2917,used,,,,20260920-0654
2026-09-20 09:33:41,HAUSP-UB[noL2+nopool+noEUCS],TAFENG,1,0,0.001600,0.000,0.200,46344420,12906,6,401,408,0,0,0,6694115,16191,0,6686308,0.000000,0.014945,0.024049,22,0,1005.80,6689711,0,16479,20977,SUCCESS,6867,3,,0,9320976,0,9181056,,,,,2171,3111,used,,,,20260920-0654
2026-09-20 09:33:42,HAUSP-UB[noL2+nopool+noEUCS],TAFENG,2,0,0.001600,0.000,0.200,71466201,19359,6,499,506,0,0,0,7356577,18072,0,7309373,0.000000,0.468249,0.468970,38766,0,1033.33,7350507,0,16507,22666,SUCCESS,83069,3,,59136,13980512,0,13430144,,,,,39030,3165,used,,,,20260920-0654
2026-09-20 09:33:43,HAUSP-UB[noL2+nopool+noEUCS],TAFENG,3,0,0.001600,0.000,0.200,90187956,25812,4,629,634,0,0,0,7087294,18964,0,7078953,0.000000,0.214849,0.221473,1863,0,1446.80,7080400,0,16574,23356,SUCCESS,8936,3,,0,17520408,0,16503680,,,,,3787,3192,used,,,,20260920-0654
2026-09-20 09:33:44,HAUSP-UB[noL2+nopool+noEUCS],TAFENG,4,0,0.001600,0.000,0.200,108290594,32266,4,694,698,0,0,0,8104030,19474,0,8097173,0.000000,0.026159,0.036465,96,0,716.85,8096966,0,16756,23812,SUCCESS,5741,3,,0,20582408,0,19256576,,,,,2066,3182,used,,,,20260920-0654
2026-09-20 09:34:00,HAUSP-UB[noL2+nopool+noEUCS],TAFENG,0,1,0.001600,0.000,0.200,22786539,6453,5,15980,15985,0,0,0,465248232,12474,0,464751315,0.000000,0.002582,0.002718,23,0,2344.49,465257789,0,28665,17484,SUCCESS,496142,3,,399616,4654648,0,5051520,,,,,2142,2917,used,,,,20260920-0654
2026-09-20 09:34:01,HAUSP-UB[noL2+nopool+noEUCS],TAFENG,1,1,0.001600,0.000,0.200,46344420,12906,5,400,406,0,0,0,6694115,16191,0,6686308,0.000000,0.014945,0.024049,22,0,1005.59,6689711,0,16479,20977,SUCCESS,6867,3,,0,9320976,0,9181056,,,,,2171,3111,used,,,,20260920-0654
2026-09-20 09:34:02,HAUSP-UB[noL2+nopool+noEUCS],TAFENG,2,1,0.001600,0.000,0.200,71466201,19359,5,529,534,0,0,0,7356577,18072,0,7309373,0.000000,0.468249,0.468970,38766,0,1032.46,7350507,0,16507,22666,SUCCESS,83069,3,,206336,13980512,0,13430144,,,,,39030,3165,used,,,,20260920-0654
2026-09-20 09:34:02,HAUSP-UB[noL2+nopool+noEUCS],TAFENG,3,1,0.001600,0.000,0.200,90187956,25812,5,566,571,0,0,0,7087294,18964,0,7078953,0.000000,0.214849,0.221473,1863,0,911.24,7080400,0,16574,23356,SUCCESS,8936,3,,0,17520408,0,16503680,,,,,3787,3192,used,,,,20260920-0654
2026-09-20 09:34:03,HAUSP-UB[noL2+nopool+noEUCS],TAFENG,4,1,0.001600,0.000,0.200,108290594,32266,4,685,690,0,0,0,8104030,19474,0,8097173,0.000000,0.026159,0.036465,96,0,589.30,8096966,0,16756,23812,SUCCESS,5741,3,,0,20582408,0,19256576,,,,,2066,3182,used,,,,20260920-0654
2026-09-20 09:34:20,HAUSP-UB[noL2+nopool+noEUCS],TAFENG,0,2,0.001600,0.000,0.200,22786539,6453,5,15936,15941,0,0,0,465248232,12474,0,464751315,0.000000,0.002582,0.002718,23,0,2394.10,465257789,0,28665,17484,SUCCESS,496142,3,,446336,4654648,0,5051520,,,,,2142,2917,used,,,,20260920-0654
2026-09-20 09:34:21,HAUSP-UB[noL2+nopool+noEUCS],TAFENG,1,2,0.001600,0.000,0.200,46344420,12906,6,401,407,0,0,0,6694115,16191,0,6686308,0.000000,0.014945,0.024049,22,0,973.27,6689711,0,16479,20977,SUCCESS,6867,3,,0,9320976,0,9181056,,,,,2171,3111,used,,,,20260920-0654
2026-09-20 09:34:21,HAUSP-UB[noL2+nopool+noEUCS],TAFENG,2,2,0.001600,0.000,0.200,71466201,19359,5,568,573,0,0,0,7356577,18072,0,7309373,0.000000,0.468249,0.468970,38766,0,1448.57,7350507,0,16507,22666,SUCCESS,83069,3,,0,13980512,0,13430144,,,,,39030,3165,used,,,,20260920-0654
2026-09-20 09:34:22,HAUSP-UB[noL2+nopool+noEUCS],TAFENG,3,2,0.001600,0.000,0.200,90187956,25812,5,575,581,0,0,0,7087294,18964,0,7078953,0.000000,0.214849,0.221473,1863,0,910.91,7080400,0,16574,23356,SUCCESS,8936,3,,0,17520408,0,16503680,,,,,3787,3192,used,,,,20260920-0654
2026-09-20 09:34:23,HAUSP-UB[noL2+nopool+noEUCS],TAFENG,4,2,0.001600,0.000,0.200,108290594,32266,4,685,689,0,0,0,8104030,19474,0,8097173,0.000000,0.026159,0.036465,96,0,589.55,8096966,0,16756,23812,SUCCESS,5741,3,,0,20582408,0,19256576,,,,,2066,3182,used,,,,20260920-0654
2026-09-20 09:34:38,HAUSP-UB[noL2+noEUCS],TAFENG,0,0,0.001600,0.000,0.200,22786539,6453,5,14647,14652,0,0,0,465248232,12474,0,464751315,0.000000,0.002582,0.002718,23,0,328.77,465257789,465229124,28665,17484,SUCCESS,496142,4,,3484544,4654648,0,5051520,,,,,2142,2917,used,,,,20260920-0654
2026-09-20 09:34:39,HAUSP-UB[noL2+noEUCS],TAFENG,1,0,0.001600,0.000,0.200,46344420,12906,5,393,399,0,0,0,6694115,16191,0,6686308,0.000000,0.014945,0.024049,22,0,340.53,6689711,6684413,16479,20977,SUCCESS,6867,4,,8304896,9320976,0,10589312,,,,,2171,3111,used,,,,20260920-0654
2026-09-20 09:34:40,HAUSP-UB[noL2+noEUCS],TAFENG,2,0,0.001600,0.000,0.200,71466201,19359,6,498,504,0,0,0,7356577,18072,0,7309373,0.000000,0.468249,0.468970,38766,0,363.19,7350507,7346986,16507,22666,SUCCESS,83069,4,,12541568,13980512,0,16174720,,,,,39030,3165,used,,,,20260920-0654
2026-09-20 09:34:40,HAUSP-UB[noL2+noEUCS],TAFENG,3,0,0.001600,0.000,0.200,90187956,25812,5,563,568,0,0,0,7087294,18964,0,7078953,0.000000,0.214849,0.221473,1863,0,371.00,7080400,7078644,16574,23356,SUCCESS,8936,4,,18660992,17520408,0,20077824,,,,,3787,3192,used,,,,20260920-0654
2026-09-20 09:34:41,HAUSP-UB[noL2+noEUCS],TAFENG,4,0,0.001600,0.000,0.200,108290594,32266,4,673,678,0,0,0,8104030,19474,0,8097173,0.000000,0.026159,0.036465,96,0,384.66,8096966,8096094,16756,23812,SUCCESS,5741,4,,24529664,20582408,0,23494784,,,,,2066,3182,used,,,,20260920-0654
2026-09-20 09:34:56,HAUSP-UB[noL2+noEUCS],TAFENG,0,1,0.001600,0.000,0.200,22786539,6453,5,14623,14628,0,0,0,465248232,12474,0,464751315,0.000000,0.002582,0.002718,23,0,328.77,465257789,465229124,28665,17484,SUCCESS,496142,4,,3484544,4654648,0,5051520,,,,,2142,2917,used,,,,20260920-0654
2026-09-20 09:34:57,HAUSP-UB[noL2+noEUCS],TAFENG,1,1,0.001600,0.000,0.200,46344420,12906,5,393,399,0,0,0,6694115,16191,0,6686308,0.000000,0.014945,0.024049,22,0,340.53,6689711,6684413,16479,20977,SUCCESS,6867,4,,8304896,9320976,0,10589312,,,,,2171,3111,used,,,,20260920-0654
2026-09-20 09:34:58,HAUSP-UB[noL2+noEUCS],TAFENG,2,1,0.001600,0.000,0.200,71466201,19359,6,496,502,0,0,0,7356577,18072,0,7309373,0.000000,0.468249,0.468970,38766,0,363.19,7350507,7346986,16507,22666,SUCCESS,83069,4,,12541568,13980512,0,16174720,,,,,39030,3165,used,,,,20260920-0654
2026-09-20 09:34:58,HAUSP-UB[noL2+noEUCS],TAFENG,3,1,0.001600,0.000,0.200,90187956,25812,5,560,565,0,0,0,7087294,18964,0,7078953,0.000000,0.214849,0.221473,1863,0,371.00,7080400,7078644,16574,23356,SUCCESS,8936,4,,18660992,17520408,0,20077824,,,,,3787,3192,used,,,,20260920-0654
2026-09-20 09:34:59,HAUSP-UB[noL2+noEUCS],TAFENG,4,1,0.001600,0.000,0.200,108290594,32266,4,678,683,0,0,0,8104030,19474,0,8097173,0.000000,0.026159,0.036465,96,0,384.66,8096966,8096094,16756,23812,SUCCESS,5741,4,,24529664,20582408,0,23494784,,,,,2066,3182,used,,,,20260920-0654
2026-09-20 09:35:15,HAUSP-UB[noL2+noEUCS],TAFENG,0,2,0.001600,0.000,0.200,22786539,6453,4,14595,14600,0,0,0,465248232,12474,0,464751315,0.000000,0.002582,0.002718,23,0,328.77,465257789,465229124,28665,17484,SUCCESS,496142,4,,3484544,4654648,0,5051520,,,,,2142,2917,used,,,,20260920-0654
2026-09-20 09:35:15,HAUSP-UB[noL2+noEUCS],TAFENG,1,2,0.001600,0.000,0.200,46344420,12906,6,396,402,0,0,0,6694115,16191,0,6686308,0.000000,0.014945,0.024049,22,0,340.53,6689711,6684413,16479,20977,SUCCESS,6867,4,,8304896,9320976,0,10589312,,,,,2171,3111,used,,,,20260920-0654
2026-09-20 09:35:16,HAUSP-UB[noL2+noEUCS],TAFENG,2,2,0.001600,0.000,0.200,71466201,19359,6,489,495,0,0,0,7356577,18072,0,7309373,0.000000,0.468249,0.468970,38766,0,363.19,7350507,7346986,16507,22666,SUCCESS,83069,4,,12541568,13980512,0,16174720,,,,,39030,3165,used,,,,20260920-0654
2026-09-20 09:35:17,HAUSP-UB[noL2+noEUCS],TAFENG,3,2,0.001600,0.000,0.200,90187956,25812,5,566,571,0,0,0,7087294,18964,0,7078953,0.000000,0.214849,0.221473,1863,0,371.00,7080400,7078644,16574,23356,SUCCESS,8936,4,,18660992,17520408,0,20077824,,,,,3787,3192,used,,,,20260920-0654
2026-09-20 09:35:17,HAUSP-UB[noL2+noEUCS],TAFENG,4,2,0.001600,0.000,0.200,108290594,32266,4,672,677,0,0,0,8104030,19474,0,8097173,0.000000,0.026159,0.036465,96,0,384.66,8096966,8096094,16756,23812,SUCCESS,5741,4,,24529664,20582408,0,23494784,,,,,2066,3182,used,,,,20260920-0654
2026-09-20 09:35:30,HAUSP-UB[noEUCS],TAFENG,0,0,0.001600,0.000,0.200,22786539,6453,5,11609,11614,0,0,0,465248232,12474,464749007,2308,0.000000,0.002582,0.002718,23,0,320.77,465257789,465234802,22987,17484,SUCCESS,496142,5,,0,4654648,0,5051520,,,,,2142,2917,used,,,,20260920-0654
2026-09-20 09:35:30,HAUSP-UB[noEUCS],TAFENG,1,0,0.001600,0.000,0.200,46344420,12906,5,357,363,0,0,0,6694115,16191,6684133,2175,0.000000,0.014945,0.024049,22,0,338.36,6689711,6685285,9929,20977,SUCCESS,6867,5,,5961472,9320976,0,11050368,,,,,2171,3111,used,,,,20260920-0654
2026-09-20 09:35:31,HAUSP-UB[noEUCS],TAFENG,2,0,0.001600,0.000,0.200,71466201,19359,6,458,465,0,0,0,7356577,18072,7270341,39032,0.000000,0.468249,0.468970,38766,0,360.56,7350507,7348444,8499,22666,SUCCESS,83069,5,,9451264,13980512,0,16873344,,,,,39030,3165,used,,,,20260920-0654
2026-09-20 09:35:32,HAUSP-UB[noEUCS],TAFENG,3,0,0.001600,0.000,0.200,90187956,25812,5,526,532,0,0,0,7087294,18964,7075163,3790,0.000000,0.214849,0.221473,1863,0,367.04,7080400,7079526,7684,23356,SUCCESS,8936,5,,13321216,17520408,0,20904704,,,,,3787,3192,used,,,,20260920-0654
2026-09-20 09:35:32,HAUSP-UB[noEUCS],TAFENG,4,0,0.001600,0.000,0.200,108290594,32266,4,639,644,0,0,0,8104030,19474,8095105,2068,0.000000,0.026159,0.036465,96,0,379.18,8096966,8096392,7568,23812,SUCCESS,5741,5,,17172224,20582408,0,24458624,,,,,2066,3182,used,,,,20260920-0654
2026-09-20 09:35:45,HAUSP-UB[noEUCS],TAFENG,0,1,0.001600,0.000,0.200,22786539,6453,5,11703,11708,0,0,0,465248232,12474,464749007,2308,0.000000,0.002582,0.002718,23,0,320.77,465257789,465234802,22987,17484,SUCCESS,496142,5,,0,4654648,0,5051520,,,,,2142,2917,used,,,,20260920-0654
2026-09-20 09:35:45,HAUSP-UB[noEUCS],TAFENG,1,1,0.001600,0.000,0.200,46344420,12906,6,351,357,0,0,0,6694115,16191,6684133,2175,0.000000,0.014945,0.024049,22,0,338.36,6689711,6685285,9929,20977,SUCCESS,6867,5,,5961472,9320976,0,11050368,,,,,2171,3111,used,,,,20260920-0654
2026-09-20 09:35:46,HAUSP-UB[noEUCS],TAFENG,2,1,0.001600,0.000,0.200,71466201,19359,5,459,465,0,0,0,7356577,18072,7270341,39032,0.000000,0.468249,0.468970,38766,0,360.56,7350507,7348444,8499,22666,SUCCESS,83069,5,,9451264,13980512,0,16873344,,,,,39030,3165,used,,,,20260920-0654
2026-09-20 09:35:47,HAUSP-UB[noEUCS],TAFENG,3,1,0.001600,0.000,0.200,90187956,25812,5,528,533,0,0,0,7087294,18964,7075163,3790,0.000000,0.214849,0.221473,1863,0,367.04,7080400,7079526,7684,23356,SUCCESS,8936,5,,13321216,17520408,0,20904704,,,,,3787,3192,used,,,,20260920-0654
2026-09-20 09:35:48,HAUSP-UB[noEUCS],TAFENG,4,1,0.001600,0.000,0.200,108290594,32266,4,644,649,0,0,0,8104030,19474,8095105,2068,0.000000,0.026159,0.036465,96,0,379.18,8096966,8096392,7568,23812,SUCCESS,5741,5,,17172224,20582408,0,24458624,,,,,2066,3182,used,,,,20260920-0654
2026-09-20 09:36:00,HAUSP-UB[noEUCS],TAFENG,0,2,0.001600,0.000,0.200,22786539,6453,5,11718,11723,0,0,0,465248232,12474,464749007,2308,0.000000,0.002582,0.002718,23,0,320.77,465257789,465234802,22987,17484,SUCCESS,496142,5,,0,4654648,0,5051520,,,,,2142,2917,used,,,,20260920-0654
2026-09-20 09:36:00,HAUSP-UB[noEUCS],TAFENG,1,2,0.001600,0.000,0.200,46344420,12906,5,364,370,0,0,0,6694115,16191,6684133,2175,0.000000,0.014945,0.024049,22,0,338.36,6689711,6685285,9929,20977,SUCCESS,6867,5,,5961472,9320976,0,11050368,,,,,2171,3111,used,,,,20260920-0654
2026-09-20 09:36:01,HAUSP-UB[noEUCS],TAFENG,2,2,0.001600,0.000,0.200,71466201,19359,6,458,464,0,0,0,7356577,18072,7270341,39032,0.000000,0.468249,0.468970,38766,0,360.56,7350507,7348444,8499,22666,SUCCESS,83069,5,,9451264,13980512,0,16873344,,,,,39030,3165,used,,,,20260920-0654
2026-09-20 09:36:02,HAUSP-UB[noEUCS],TAFENG,3,2,0.001600,0.000,0.200,90187956,25812,5,533,538,0,0,0,7087294,18964,7075163,3790,0.000000,0.214849,0.221473,1863,0,367.04,7080400,7079526,7684,23356,SUCCESS,8936,5,,13321216,17520408,0,20904704,,,,,3787,3192,used,,,,20260920-0654
2026-09-20 09:36:03,HAUSP-UB[noEUCS],TAFENG,4,2,0.001600,0.000,0.200,108290594,32266,4,652,657,0,0,0,8104030,19474,8095105,2068,0.000000,0.026159,0.036465,96,0,379.18,8096966,8096392,7568,23812,SUCCESS,5741,5,,17172224,20582408,0,24458624,,,,,2066,3182,used,,,,20260920-0654
