# run_id=20260906-2111 git=77dd2c9 jvm=26.0.1 heap=24g host=ThaiTMs-MacBook-Pro.local tree=clean cmd=--exp 1,3 --dataset syn_c8t1s5i8n5k,leviathan --repeats 3 --repeats-min-seconds 10 --results-dir results-2026-09 --timeout 90 --resume
Timestamp,Algorithm,Dataset,BatchID,RunIndex,MinUtil,mu,DeltaRatio,TotalDBUtil,CumulativeDBSize,tScan(ms),tMining(ms),tTotal(ms),tLayer1(ms),tLayer2(ms),tLayer3(ms),Cand,PrunedL1(SWU),PrunedL2(IAUUB),PrunedL3(MFUUB),TightnessPEAU,TightnessIAUUB,TightnessMFUUB,HAUSP,SHAUS,MemPeak(MB),PoolBorrows,PoolReuses,PoolPeakLive,AudulActive,Status,Recursed,ArmOrder,Schedule,PoolBytes,FlatBytes,EucsBytes,AudulRootBytes,RescanTriggered,BufferUtil,BufferTested,SafetyBound,PrunedL3Node,PrunedL1Root,MemMode,MemLive(MB),MemRetained(MB),GcForced,RunID
2026-09-06 21:11:27,EHAUSM-R,LEVIATHAN,1,0,0.003000,0.000,0.050,14156241,5834,49,5074,5124,0,0,0,6599011,7777,6572852,0,0.439127,0.000000,0.000000,6511,0,82.90,0,0,0,0,SUCCESS,0,0,,,,,,,,,,,,used,,,,20260906-2111
2026-09-06 21:11:32,EHAUSM-R,LEVIATHAN,1,1,0.003000,0.000,0.050,14156241,5834,52,4951,5004,0,0,0,6599011,7777,6572852,0,0.439127,0.000000,0.000000,6511,0,102.84,0,0,0,0,SUCCESS,0,0,,,,,,,,,,,,used,,,,20260906-2111
2026-09-06 21:11:37,EHAUSM-R,LEVIATHAN,1,2,0.003000,0.000,0.050,14156241,5834,17,4980,4997,0,0,0,6599011,7777,6572852,0,0.439127,0.000000,0.000000,6511,0,147.07,0,0,0,0,SUCCESS,0,0,,,,,,,,,,,,used,,,,20260906-2111
2026-09-06 21:11:43,EHAUSM-R,LEVIATHAN,1,3,0.003000,0.000,0.050,14156241,5834,16,5009,5026,0,0,0,6599011,7777,6572852,0,0.439127,0.000000,0.000000,6511,0,94.95,0,0,0,0,SUCCESS,0,0,,,,,,,,,,,,used,,,,20260906-2111
2026-09-06 21:11:48,EHAUSM-R,LEVIATHAN,1,4,0.003000,0.000,0.050,14156241,5834,16,5014,5030,0,0,0,6599011,7777,6572852,0,0.439127,0.000000,0.000000,6511,0,174.81,0,0,0,0,SUCCESS,0,0,,,,,,,,,,,,used,,,,20260906-2111
2026-09-06 21:11:53,EHAUSM-R,LEVIATHAN,1,5,0.003000,0.000,0.050,14156241,5834,16,5033,5049,0,0,0,6599011,7777,6572852,0,0.439127,0.000000,0.000000,6511,0,47.09,0,0,0,0,SUCCESS,0,0,,,,,,,,,,,,used,,,,20260906-2111
2026-09-06 21:11:58,EHAUSM-R,LEVIATHAN,1,6,0.003000,0.000,0.050,14156241,5834,17,5041,5059,0,0,0,6599011,7777,6572852,0,0.439127,0.000000,0.000000,6511,0,191.53,0,0,0,0,SUCCESS,0,0,,,,,,,,,,,,used,,,,20260906-2111
2026-09-06 21:12:04,EHAUSM-R,LEVIATHAN,1,7,0.003000,0.000,0.050,14156241,5834,17,5039,5057,0,0,0,6599011,7777,6572852,0,0.439127,0.000000,0.000000,6511,0,95.02,0,0,0,0,SUCCESS,0,0,,,,,,,,,,,,used,,,,20260906-2111
2026-09-06 21:12:09,EHAUSM-R,LEVIATHAN,1,8,0.003000,0.000,0.050,14156241,5834,16,5043,5060,0,0,0,6599011,7777,6572852,0,0.439127,0.000000,0.000000,6511,0,174.86,0,0,0,0,SUCCESS,0,0,,,,,,,,,,,,used,,,,20260906-2111
2026-09-06 21:12:14,EHAUSM-R,LEVIATHAN,1,9,0.003000,0.000,0.050,14156241,5834,16,5050,5066,0,0,0,6599011,7777,6572852,0,0.439127,0.000000,0.000000,6511,0,46.86,0,0,0,0,SUCCESS,0,0,,,,,,,,,,,,used,,,,20260906-2111
2026-09-06 21:12:25,EHAUSM-I,LEVIATHAN,1,0,0.003000,0.000,0.050,14156241,5834,14,5473,5488,0,0,0,3689991,7777,3663832,0,0.510413,0.000000,0.000000,6511,0,1121.27,0,0,0,0,SUCCESS,0,1,,,,,,,,,,,,used,,,,20260906-2111
2026-09-06 21:12:35,EHAUSM-I,LEVIATHAN,1,1,0.003000,0.000,0.050,14156241,5834,4,5456,5460,0,0,0,3689991,7777,3663832,0,0.510413,0.000000,0.000000,6511,0,1129.98,0,0,0,0,SUCCESS,0,1,,,,,,,,,,,,used,,,,20260906-2111
2026-09-06 21:12:46,EHAUSM-I,LEVIATHAN,1,2,0.003000,0.000,0.050,14156241,5834,3,5440,5444,0,0,0,3689991,7777,3663832,0,0.510413,0.000000,0.000000,6511,0,489.05,0,0,0,0,SUCCESS,0,1,,,,,,,,,,,,used,,,,20260906-2111
2026-09-06 21:12:56,EHAUSM-I,LEVIATHAN,1,3,0.003000,0.000,0.050,14156241,5834,3,5417,5421,0,0,0,3689991,7777,3663832,0,0.510413,0.000000,0.000000,6511,0,790.72,0,0,0,0,SUCCESS,0,1,,,,,,,,,,,,used,,,,20260906-2111
2026-09-06 21:13:06,EHAUSM-I,LEVIATHAN,1,4,0.003000,0.000,0.050,14156241,5834,3,5416,5420,0,0,0,3689991,7777,3663832,0,0.510413,0.000000,0.000000,6511,0,585.95,0,0,0,0,SUCCESS,0,1,,,,,,,,,,,,used,,,,20260906-2111
2026-09-06 21:13:17,EHAUSM-I,LEVIATHAN,1,5,0.003000,0.000,0.050,14156241,5834,3,5419,5423,0,0,0,3689991,7777,3663832,0,0.510413,0.000000,0.000000,6511,0,618.91,0,0,0,0,SUCCESS,0,1,,,,,,,,,,,,used,,,,20260906-2111
2026-09-06 21:13:27,EHAUSM-I,LEVIATHAN,1,6,0.003000,0.000,0.050,14156241,5834,3,5419,5423,0,0,0,3689991,7777,3663832,0,0.510413,0.000000,0.000000,6511,0,599.73,0,0,0,0,SUCCESS,0,1,,,,,,,,,,,,used,,,,20260906-2111
2026-09-06 21:13:38,EHAUSM-I,LEVIATHAN,1,7,0.003000,0.000,0.050,14156241,5834,4,5422,5426,0,0,0,3689991,7777,3663832,0,0.510413,0.000000,0.000000,6511,0,618.40,0,0,0,0,SUCCESS,0,1,,,,,,,,,,,,used,,,,20260906-2111
2026-09-06 21:13:48,EHAUSM-I,LEVIATHAN,1,8,0.003000,0.000,0.050,14156241,5834,3,5434,5438,0,0,0,3689991,7777,3663832,0,0.510413,0.000000,0.000000,6511,0,622.85,0,0,0,0,SUCCESS,0,1,,,,,,,,,,,,used,,,,20260906-2111
2026-09-06 21:13:58,EHAUSM-I,LEVIATHAN,1,9,0.003000,0.000,0.050,14156241,5834,3,5435,5440,0,0,0,3689991,7777,3663832,0,0.510413,0.000000,0.000000,6511,0,634.90,0,0,0,0,SUCCESS,0,1,,,,,,,,,,,,used,,,,20260906-2111
2026-09-06 21:14:11,Pre-HAUSPM,LEVIATHAN,1,0,0.003000,0.200,0.050,14156241,5834,5,7054,7059,0,0,0,36239222,0,36197393,0,0.000000,0.000000,0.000000,6511,12869,460.72,0,0,0,0,SUCCESS,0,2,,,,,,1,0,2742799,6869,,,used,,,,20260906-2111
2026-09-06 21:14:24,Pre-HAUSPM,LEVIATHAN,1,1,0.003000,0.200,0.050,14156241,5834,0,7051,7052,0,0,0,36239222,0,36197393,0,0.000000,0.000000,0.000000,6511,12869,312.81,0,0,0,0,SUCCESS,0,2,,,,,,1,0,2742799,6869,,,used,,,,20260906-2111
2026-09-06 21:14:37,Pre-HAUSPM,LEVIATHAN,1,2,0.003000,0.200,0.050,14156241,5834,0,7047,7047,0,0,0,36239222,0,36197393,0,0.000000,0.000000,0.000000,6511,12869,246.94,0,0,0,0,SUCCESS,0,2,,,,,,1,0,2742799,6869,,,used,,,,20260906-2111
2026-09-06 21:14:50,Pre-HAUSPM,LEVIATHAN,1,3,0.003000,0.200,0.050,14156241,5834,0,7068,7069,0,0,0,36239222,0,36197393,0,0.000000,0.000000,0.000000,6511,12869,417.40,0,0,0,0,SUCCESS,0,2,,,,,,1,0,2742799,6869,,,used,,,,20260906-2111
2026-09-06 21:15:03,Pre-HAUSPM,LEVIATHAN,1,4,0.003000,0.200,0.050,14156241,5834,0,7062,7063,0,0,0,36239222,0,36197393,0,0.000000,0.000000,0.000000,6511,12869,593.30,0,0,0,0,SUCCESS,0,2,,,,,,1,0,2742799,6869,,,used,,,,20260906-2111
2026-09-06 21:15:16,Pre-HAUSPM,LEVIATHAN,1,5,0.003000,0.200,0.050,14156241,5834,0,7052,7053,0,0,0,36239222,0,36197393,0,0.000000,0.000000,0.000000,6511,12869,463.40,0,0,0,0,SUCCESS,0,2,,,,,,1,0,2742799,6869,,,used,,,,20260906-2111
2026-09-06 21:15:28,Pre-HAUSPM,LEVIATHAN,1,6,0.003000,0.200,0.050,14156241,5834,0,7042,7043,0,0,0,36239222,0,36197393,0,0.000000,0.000000,0.000000,6511,12869,193.24,0,0,0,0,SUCCESS,0,2,,,,,,1,0,2742799,6869,,,used,,,,20260906-2111
2026-09-06 21:15:41,Pre-HAUSPM,LEVIATHAN,1,7,0.003000,0.200,0.050,14156241,5834,0,7035,7036,0,0,0,36239222,0,36197393,0,0.000000,0.000000,0.000000,6511,12869,192.68,0,0,0,0,SUCCESS,0,2,,,,,,1,0,2742799,6869,,,used,,,,20260906-2111
2026-09-06 21:15:54,Pre-HAUSPM,LEVIATHAN,1,8,0.003000,0.200,0.050,14156241,5834,0,7045,7046,0,0,0,36239222,0,36197393,0,0.000000,0.000000,0.000000,6511,12869,338.20,0,0,0,0,SUCCESS,0,2,,,,,,1,0,2742799,6869,,,used,,,,20260906-2111
2026-09-06 21:16:07,Pre-HAUSPM,LEVIATHAN,1,9,0.003000,0.200,0.050,14156241,5834,0,7046,7047,0,0,0,36239222,0,36197393,0,0.000000,0.000000,0.000000,6511,12869,304.94,0,0,0,0,SUCCESS,0,2,,,,,,1,0,2742799,6869,,,used,,,,20260906-2111
2026-09-06 21:16:11,HAUSP-UB,LEVIATHAN,1,0,0.003000,0.000,0.050,14156241,5834,26,1808,1835,2,46,10,5958464,8336,5929969,1777,0.000000,0.366961,0.379732,6511,0,164.38,5958130,5957213,1568,9025,SUCCESS,26495,3,,0,6312032,33739184,21993088,,,,,336,559,used,,,,20260906-2111
2026-09-06 21:16:14,HAUSP-UB,LEVIATHAN,1,1,0.003000,0.000,0.050,14156241,5834,18,1809,1828,0,48,10,5958464,8336,5929969,1777,0.000000,0.366961,0.379732,6511,0,235.98,5958130,5957213,1568,9025,SUCCESS,26495,3,,20989696,6312032,33739184,21993088,,,,,336,559,used,,,,20260906-2111
2026-09-06 21:16:18,HAUSP-UB,LEVIATHAN,1,2,0.003000,0.000,0.050,14156241,5834,18,1786,1805,0,47,10,5958464,8336,5929969,1777,0.000000,0.366961,0.379732,6511,0,163.72,5958130,5957213,1568,9025,SUCCESS,26495,3,,0,6312032,33739184,21993088,,,,,336,559,used,,,,20260906-2111
2026-09-06 21:16:21,HAUSP-UB,LEVIATHAN,1,3,0.003000,0.000,0.050,14156241,5834,17,1788,1805,0,47,10,5958464,8336,5929969,1777,0.000000,0.366961,0.379732,6511,0,201.87,5958130,5957213,1568,9025,SUCCESS,26495,3,,20481792,6312032,33739184,21993088,,,,,336,559,used,,,,20260906-2111
2026-09-06 21:16:24,HAUSP-UB,LEVIATHAN,1,4,0.003000,0.000,0.050,14156241,5834,17,1800,1818,0,48,10,5958464,8336,5929969,1777,0.000000,0.366961,0.379732,6511,0,165.84,5958130,5957213,1568,9025,SUCCESS,26495,3,,20989696,6312032,33739184,21993088,,,,,336,559,used,,,,20260906-2111
2026-09-06 21:16:28,HAUSP-UB,LEVIATHAN,1,5,0.003000,0.000,0.050,14156241,5834,17,1796,1814,0,47,10,5958464,8336,5929969,1777,0.000000,0.366961,0.379732,6511,0,170.15,5958130,5957213,1568,9025,SUCCESS,26495,3,,0,6312032,33739184,21993088,,,,,336,559,used,,,,20260906-2111
2026-09-06 21:16:31,HAUSP-UB,LEVIATHAN,1,6,0.003000,0.000,0.050,14156241,5834,18,1794,1812,0,47,10,5958464,8336,5929969,1777,0.000000,0.366961,0.379732,6511,0,204.72,5958130,5957213,1568,9025,SUCCESS,26495,3,,20481792,6312032,33739184,21993088,,,,,336,559,used,,,,20260906-2111
2026-09-06 21:16:35,HAUSP-UB,LEVIATHAN,1,7,0.003000,0.000,0.050,14156241,5834,18,1800,1818,0,48,10,5958464,8336,5929969,1777,0.000000,0.366961,0.379732,6511,0,166.88,5958130,5957213,1568,9025,SUCCESS,26495,3,,20989696,6312032,33739184,21993088,,,,,336,559,used,,,,20260906-2111
2026-09-06 21:16:38,HAUSP-UB,LEVIATHAN,1,8,0.003000,0.000,0.050,14156241,5834,18,1788,1806,0,48,10,5958464,8336,5929969,1777,0.000000,0.366961,0.379732,6511,0,163.73,5958130,5957213,1568,9025,SUCCESS,26495,3,,0,6312032,33739184,21993088,,,,,336,559,used,,,,20260906-2111
2026-09-06 21:16:42,HAUSP-UB,LEVIATHAN,1,9,0.003000,0.000,0.050,14156241,5834,19,1790,1809,0,47,10,5958464,8336,5929969,1777,0.000000,0.366961,0.379732,6511,0,204.56,5958130,5957213,1568,9025,SUCCESS,26495,3,,20989696,6312032,33739184,21993088,,,,,336,559,used,,,,20260906-2111
2026-09-06 21:16:47,EHAUSM-R,LEVIATHAN,1,0,0.003000,0.000,0.100,14156241,5834,28,5121,5150,0,0,0,6599011,7777,6572852,0,0.439127,0.000000,0.000000,6511,0,58.28,0,0,0,0,SUCCESS,0,0,,,,,,,,,,,,used,,,,20260906-2111
2026-09-06 21:16:53,EHAUSM-R,LEVIATHAN,1,1,0.003000,0.000,0.100,14156241,5834,20,5011,5032,0,0,0,6599011,7777,6572852,0,0.439127,0.000000,0.000000,6511,0,166.90,0,0,0,0,SUCCESS,0,0,,,,,,,,,,,,used,,,,20260906-2111
2026-09-06 21:16:58,EHAUSM-R,LEVIATHAN,1,2,0.003000,0.000,0.100,14156241,5834,18,5002,5021,0,0,0,6599011,7777,6572852,0,0.439127,0.000000,0.000000,6511,0,158.57,0,0,0,0,SUCCESS,0,0,,,,,,,,,,,,used,,,,20260906-2111
2026-09-06 21:17:03,EHAUSM-R,LEVIATHAN,1,3,0.003000,0.000,0.100,14156241,5834,17,5014,5032,0,0,0,6599011,7777,6572852,0,0.439127,0.000000,0.000000,6511,0,158.56,0,0,0,0,SUCCESS,0,0,,,,,,,,,,,,used,,,,20260906-2111
2026-09-06 21:17:08,EHAUSM-R,LEVIATHAN,1,4,0.003000,0.000,0.100,14156241,5834,17,5002,5020,0,0,0,6599011,7777,6572852,0,0.439127,0.000000,0.000000,6511,0,158.81,0,0,0,0,SUCCESS,0,0,,,,,,,,,,,,used,,,,20260906-2111
2026-09-06 21:17:14,EHAUSM-R,LEVIATHAN,1,5,0.003000,0.000,0.100,14156241,5834,17,5005,5023,0,0,0,6599011,7777,6572852,0,0.439127,0.000000,0.000000,6511,0,46.43,0,0,0,0,SUCCESS,0,0,,,,,,,,,,,,used,,,,20260906-2111
2026-09-06 21:17:19,EHAUSM-R,LEVIATHAN,1,6,0.003000,0.000,0.100,14156241,5834,17,5000,5018,0,0,0,6599011,7777,6572852,0,0.439127,0.000000,0.000000,6511,0,143.25,0,0,0,0,SUCCESS,0,0,,,,,,,,,,,,used,,,,20260906-2111
2026-09-06 21:17:24,EHAUSM-R,LEVIATHAN,1,7,0.003000,0.000,0.100,14156241,5834,16,4993,5010,0,0,0,6599011,7777,6572852,0,0.439127,0.000000,0.000000,6511,0,223.36,0,0,0,0,SUCCESS,0,0,,,,,,,,,,,,used,,,,20260906-2111
2026-09-06 21:17:29,EHAUSM-R,LEVIATHAN,1,8,0.003000,0.000,0.100,14156241,5834,17,4993,5011,0,0,0,6599011,7777,6572852,0,0.439127,0.000000,0.000000,6511,0,94.35,0,0,0,0,SUCCESS,0,0,,,,,,,,,,,,used,,,,20260906-2111
2026-09-06 21:17:35,EHAUSM-R,LEVIATHAN,1,9,0.003000,0.000,0.100,14156241,5834,17,4995,5012,0,0,0,6599011,7777,6572852,0,0.439127,0.000000,0.000000,6511,0,143.15,0,0,0,0,SUCCESS,0,0,,,,,,,,,,,,used,,,,20260906-2111
2026-09-06 21:17:45,EHAUSM-I,LEVIATHAN,1,0,0.003000,0.000,0.100,14156241,5834,4,5423,5427,0,0,0,3689991,7777,3663832,0,0.510413,0.000000,0.000000,6511,0,718.70,0,0,0,0,SUCCESS,0,1,,,,,,,,,,,,used,,,,20260906-2111
2026-09-06 21:17:56,EHAUSM-I,LEVIATHAN,1,1,0.003000,0.000,0.100,14156241,5834,4,5432,5436,0,0,0,3689991,7777,3663832,0,0.510413,0.000000,0.000000,6511,0,716.72,0,0,0,0,SUCCESS,0,1,,,,,,,,,,,,used,,,,20260906-2111
2026-09-06 21:18:06,EHAUSM-I,LEVIATHAN,1,2,0.003000,0.000,0.100,14156241,5834,4,5442,5446,0,0,0,3689991,7777,3663832,0,0.510413,0.000000,0.000000,6511,0,355.79,0,0,0,0,SUCCESS,0,1,,,,,,,,,,,,used,,,,20260906-2111
2026-09-06 21:18:17,EHAUSM-I,LEVIATHAN,1,3,0.003000,0.000,0.100,14156241,5834,3,5426,5430,0,0,0,3689991,7777,3663832,0,0.510413,0.000000,0.000000,6511,0,1025.02,0,0,0,0,SUCCESS,0,1,,,,,,,,,,,,used,,,,20260906-2111
2026-09-06 21:18:27,EHAUSM-I,LEVIATHAN,1,4,0.003000,0.000,0.100,14156241,5834,3,5424,5428,0,0,0,3689991,7777,3663832,0,0.510413,0.000000,0.000000,6511,0,609.05,0,0,0,0,SUCCESS,0,1,,,,,,,,,,,,used,,,,20260906-2111
2026-09-06 21:18:37,EHAUSM-I,LEVIATHAN,1,5,0.003000,0.000,0.100,14156241,5834,3,5434,5438,0,0,0,3689991,7777,3663832,0,0.510413,0.000000,0.000000,6511,0,995.48,0,0,0,0,SUCCESS,0,1,,,,,,,,,,,,used,,,,20260906-2111
2026-09-06 21:18:48,EHAUSM-I,LEVIATHAN,1,6,0.003000,0.000,0.100,14156241,5834,3,5439,5443,0,0,0,3689991,7777,3663832,0,0.510413,0.000000,0.000000,6511,0,479.77,0,0,0,0,SUCCESS,0,1,,,,,,,,,,,,used,,,,20260906-2111
2026-09-06 21:18:58,EHAUSM-I,LEVIATHAN,1,7,0.003000,0.000,0.100,14156241,5834,3,5433,5437,0,0,0,3689991,7777,3663832,0,0.510413,0.000000,0.000000,6511,0,873.76,0,0,0,0,SUCCESS,0,1,,,,,,,,,,,,used,,,,20260906-2111
2026-09-06 21:19:09,EHAUSM-I,LEVIATHAN,1,8,0.003000,0.000,0.100,14156241,5834,3,5441,5445,0,0,0,3689991,7777,3663832,0,0.510413,0.000000,0.000000,6511,0,1024.78,0,0,0,0,SUCCESS,0,1,,,,,,,,,,,,used,,,,20260906-2111
2026-09-06 21:19:19,EHAUSM-I,LEVIATHAN,1,9,0.003000,0.000,0.100,14156241,5834,3,5435,5439,0,0,0,3689991,7777,3663832,0,0.510413,0.000000,0.000000,6511,0,997.53,0,0,0,0,SUCCESS,0,1,,,,,,,,,,,,used,,,,20260906-2111
2026-09-06 21:19:32,Pre-HAUSPM,LEVIATHAN,1,0,0.003000,0.200,0.100,14156241,5834,0,7123,7123,0,0,0,36239222,0,36197393,0,0.000000,0.000000,0.000000,6511,12869,273.88,0,0,0,0,SUCCESS,0,2,,,,,,1,0,2742799,6869,,,used,,,,20260906-2111
2026-09-06 21:19:45,Pre-HAUSPM,LEVIATHAN,1,1,0.003000,0.200,0.100,14156241,5834,0,7138,7138,0,0,0,36239222,0,36197393,0,0.000000,0.000000,0.000000,6511,12869,321.71,0,0,0,0,SUCCESS,0,2,,,,,,1,0,2742799,6869,,,used,,,,20260906-2111
2026-09-06 21:19:58,Pre-HAUSPM,LEVIATHAN,1,2,0.003000,0.200,0.100,14156241,5834,0,7132,7132,0,0,0,36239222,0,36197393,0,0.000000,0.000000,0.000000,6511,12869,256.47,0,0,0,0,SUCCESS,0,2,,,,,,1,0,2742799,6869,,,used,,,,20260906-2111
2026-09-06 21:20:11,Pre-HAUSPM,LEVIATHAN,1,3,0.003000,0.200,0.100,14156241,5834,0,7122,7122,0,0,0,36239222,0,36197393,0,0.000000,0.000000,0.000000,6511,12869,224.79,0,0,0,0,SUCCESS,0,2,,,,,,1,0,2742799,6869,,,used,,,,20260906-2111
2026-09-06 21:20:24,Pre-HAUSPM,LEVIATHAN,1,4,0.003000,0.200,0.100,14156241,5834,0,7115,7115,0,0,0,36239222,0,36197393,0,0.000000,0.000000,0.000000,6511,12869,111.80,0,0,0,0,SUCCESS,0,2,,,,,,1,0,2742799,6869,,,used,,,,20260906-2111
2026-09-06 21:20:37,Pre-HAUSPM,LEVIATHAN,1,5,0.003000,0.200,0.100,14156241,5834,0,7137,7138,0,0,0,36239222,0,36197393,0,0.000000,0.000000,0.000000,6511,12869,576.12,0,0,0,0,SUCCESS,0,2,,,,,,1,0,2742799,6869,,,used,,,,20260906-2111
2026-09-06 21:20:50,Pre-HAUSPM,LEVIATHAN,1,6,0.003000,0.200,0.100,14156241,5834,0,7130,7131,0,0,0,36239222,0,36197393,0,0.000000,0.000000,0.000000,6511,12869,129.37,0,0,0,0,SUCCESS,0,2,,,,,,1,0,2742799,6869,,,used,,,,20260906-2111
2026-09-06 21:21:03,Pre-HAUSPM,LEVIATHAN,1,7,0.003000,0.200,0.100,14156241,5834,0,7151,7151,0,0,0,36239222,0,36197393,0,0.000000,0.000000,0.000000,6511,12869,192.85,0,0,0,0,SUCCESS,0,2,,,,,,1,0,2742799,6869,,,used,,,,20260906-2111
2026-09-06 21:21:16,Pre-HAUSPM,LEVIATHAN,1,8,0.003000,0.200,0.100,14156241,5834,0,7157,7158,0,0,0,36239222,0,36197393,0,0.000000,0.000000,0.000000,6511,12869,209.48,0,0,0,0,SUCCESS,0,2,,,,,,1,0,2742799,6869,,,used,,,,20260906-2111
2026-09-06 21:21:29,Pre-HAUSPM,LEVIATHAN,1,9,0.003000,0.200,0.100,14156241,5834,0,7132,7133,0,0,0,36239222,0,36197393,0,0.000000,0.000000,0.000000,6511,12869,353.84,0,0,0,0,SUCCESS,0,2,,,,,,1,0,2742799,6869,,,used,,,,20260906-2111
2026-09-06 21:21:33,HAUSP-UB,LEVIATHAN,1,0,0.003000,0.000,0.100,14156241,5834,19,1796,1815,0,48,10,5958464,8336,5929969,1777,0.000000,0.366961,0.379732,6511,0,163.43,5958130,5957213,1568,9025,SUCCESS,26495,3,,0,6312032,33739184,21993088,,,,,336,559,used,,,,20260906-2111
2026-09-06 21:21:36,HAUSP-UB,LEVIATHAN,1,1,0.003000,0.000,0.100,14156241,5834,18,1793,1811,0,48,10,5958464,8336,5929969,1777,0.000000,0.366961,0.379732,6511,0,208.76,5958130,5957213,1568,9025,SUCCESS,26495,3,,20989696,6312032,33739184,21993088,,,,,336,559,used,,,,20260906-2111
2026-09-06 21:21:40,HAUSP-UB,LEVIATHAN,1,2,0.003000,0.000,0.100,14156241,5834,18,1796,1815,0,48,10,5958464,8336,5929969,1777,0.000000,0.366961,0.379732,6511,0,166.08,5958130,5957213,1568,9025,SUCCESS,26495,3,,20989696,6312032,33739184,21993088,,,,,336,559,used,,,,20260906-2111
2026-09-06 21:21:43,HAUSP-UB,LEVIATHAN,1,3,0.003000,0.000,0.100,14156241,5834,18,1789,1807,0,48,10,5958464,8336,5929969,1777,0.000000,0.366961,0.379732,6511,0,164.03,5958130,5957213,1568,9025,SUCCESS,26495,3,,0,6312032,33739184,21993088,,,,,336,559,used,,,,20260906-2111
2026-09-06 21:21:47,HAUSP-UB,LEVIATHAN,1,4,0.003000,0.000,0.100,14156241,5834,17,1792,1810,0,48,10,5958464,8336,5929969,1777,0.000000,0.366961,0.379732,6511,0,205.68,5958130,5957213,1568,9025,SUCCESS,26495,3,,20989696,6312032,33739184,21993088,,,,,336,559,used,,,,20260906-2111
2026-09-06 21:21:50,HAUSP-UB,LEVIATHAN,1,5,0.003000,0.000,0.100,14156241,5834,18,1789,1808,0,49,10,5958464,8336,5929969,1777,0.000000,0.366961,0.379732,6511,0,164.65,5958130,5957213,1568,9025,SUCCESS,26495,3,,0,6312032,33739184,21993088,,,,,336,559,used,,,,20260906-2111
2026-09-06 21:21:54,HAUSP-UB,LEVIATHAN,1,6,0.003000,0.000,0.100,14156241,5834,18,1793,1811,0,48,10,5958464,8336,5929969,1777,0.000000,0.366961,0.379732,6511,0,207.44,5958130,5957213,1568,9025,SUCCESS,26495,3,,20989696,6312032,33739184,21993088,,,,,336,559,used,,,,20260906-2111
2026-09-06 21:21:57,HAUSP-UB,LEVIATHAN,1,7,0.003000,0.000,0.100,14156241,5834,18,1802,1821,0,50,10,5958464,8336,5929969,1777,0.000000,0.366961,0.379732,6511,0,166.15,5958130,5957213,1568,9025,SUCCESS,26495,3,,20989696,6312032,33739184,21993088,,,,,336,559,used,,,,20260906-2111
2026-09-06 21:22:01,HAUSP-UB,LEVIATHAN,1,8,0.003000,0.000,0.100,14156241,5834,17,1794,1812,0,53,11,5958464,8336,5929969,1777,0.000000,0.366961,0.379732,6511,0,163.85,5958130,5957213,1568,9025,SUCCESS,26495,3,,0,6312032,33739184,21993088,,,,,336,559,used,,,,20260906-2111
2026-09-06 21:22:04,HAUSP-UB,LEVIATHAN,1,9,0.003000,0.000,0.100,14156241,5834,18,1784,1802,0,48,10,5958464,8336,5929969,1777,0.000000,0.366961,0.379732,6511,0,206.22,5958130,5957213,1568,9025,SUCCESS,26495,3,,20481792,6312032,33739184,21993088,,,,,336,559,used,,,,20260906-2111
2026-09-06 21:22:10,EHAUSM-R,LEVIATHAN,1,0,0.003000,0.000,0.150,14156241,5834,71,5070,5142,0,0,0,6599011,7777,6572852,0,0.439127,0.000000,0.000000,6511,0,106.84,0,0,0,0,SUCCESS,0,0,,,,,,,,,,,,used,,,,20260906-2111
2026-09-06 21:22:15,EHAUSM-R,LEVIATHAN,1,1,0.003000,0.000,0.150,14156241,5834,19,4991,5010,0,0,0,6599011,7777,6572852,0,0.439127,0.000000,0.000000,6511,0,62.79,0,0,0,0,SUCCESS,0,0,,,,,,,,,,,,used,,,,20260906-2111
2026-09-06 21:22:20,EHAUSM-R,LEVIATHAN,1,2,0.003000,0.000,0.150,14156241,5834,17,4986,5004,0,0,0,6599011,7777,6572852,0,0.439127,0.000000,0.000000,6511,0,158.54,0,0,0,0,SUCCESS,0,0,,,,,,,,,,,,used,,,,20260906-2111
2026-09-06 21:22:26,EHAUSM-R,LEVIATHAN,1,3,0.003000,0.000,0.150,14156241,5834,13,5005,5018,0,0,0,6599011,7777,6572852,0,0.439127,0.000000,0.000000,6511,0,46.54,0,0,0,0,SUCCESS,0,0,,,,,,,,,,,,used,,,,20260906-2111
2026-09-06 21:22:31,EHAUSM-R,LEVIATHAN,1,4,0.003000,0.000,0.150,14156241,5834,17,5002,5020,0,0,0,6599011,7777,6572852,0,0.439127,0.000000,0.000000,6511,0,142.89,0,0,0,0,SUCCESS,0,0,,,,,,,,,,,,used,,,,20260906-2111
2026-09-06 21:22:36,EHAUSM-R,LEVIATHAN,1,5,0.003000,0.000,0.150,14156241,5834,17,5001,5019,0,0,0,6599011,7777,6572852,0,0.439127,0.000000,0.000000,6511,0,223.33,0,0,0,0,SUCCESS,0,0,,,,,,,,,,,,used,,,,20260906-2111
2026-09-06 21:22:41,EHAUSM-R,LEVIATHAN,1,6,0.003000,0.000,0.150,14156241,5834,17,5033,5051,0,0,0,6599011,7777,6572852,0,0.439127,0.000000,0.000000,6511,0,110.62,0,0,0,0,SUCCESS,0,0,,,,,,,,,,,,used,,,,20260906-2111
2026-09-06 21:22:47,EHAUSM-R,LEVIATHAN,1,7,0.003000,0.000,0.150,14156241,5834,17,5005,5023,0,0,0,6599011,7777,6572852,0,0.439127,0.000000,0.000000,6511,0,223.29,0,0,0,0,SUCCESS,0,0,,,,,,,,,,,,used,,,,20260906-2111
2026-09-06 21:22:52,EHAUSM-R,LEVIATHAN,1,8,0.003000,0.000,0.150,14156241,5834,17,5013,5031,0,0,0,6599011,7777,6572852,0,0.439127,0.000000,0.000000,6511,0,110.85,0,0,0,0,SUCCESS,0,0,,,,,,,,,,,,used,,,,20260906-2111
2026-09-06 21:22:57,EHAUSM-R,LEVIATHAN,1,9,0.003000,0.000,0.150,14156241,5834,17,5020,5037,0,0,0,6599011,7777,6572852,0,0.439127,0.000000,0.000000,6511,0,223.16,0,0,0,0,SUCCESS,0,0,,,,,,,,,,,,used,,,,20260906-2111
2026-09-06 21:23:08,EHAUSM-I,LEVIATHAN,1,0,0.003000,0.000,0.150,14156241,5834,4,5466,5470,0,0,0,3689991,7777,3663832,0,0.510413,0.000000,0.000000,6511,0,633.92,0,0,0,0,SUCCESS,0,1,,,,,,,,,,,,used,,,,20260906-2111
2026-09-06 21:23:18,EHAUSM-I,LEVIATHAN,1,1,0.003000,0.000,0.150,14156241,5834,4,5481,5485,0,0,0,3689991,7777,3663832,0,0.510413,0.000000,0.000000,6511,0,594.58,0,0,0,0,SUCCESS,0,1,,,,,,,,,,,,used,,,,20260906-2111
2026-09-06 21:23:29,EHAUSM-I,LEVIATHAN,1,2,0.003000,0.000,0.150,14156241,5834,3,5473,5478,0,0,0,3689991,7777,3663832,0,0.510413,0.000000,0.000000,6511,0,646.02,0,0,0,0,SUCCESS,0,1,,,,,,,,,,,,used,,,,20260906-2111
2026-09-06 21:23:39,EHAUSM-I,LEVIATHAN,1,3,0.003000,0.000,0.150,14156241,5834,3,5483,5487,0,0,0,3689991,7777,3663832,0,0.510413,0.000000,0.000000,6511,0,646.00,0,0,0,0,SUCCESS,0,1,,,,,,,,,,,,used,,,,20260906-2111
2026-09-06 21:23:50,EHAUSM-I,LEVIATHAN,1,4,0.003000,0.000,0.150,14156241,5834,4,5444,5448,0,0,0,3689991,7777,3663832,0,0.510413,0.000000,0.000000,6511,0,626.37,0,0,0,0,SUCCESS,0,1,,,,,,,,,,,,used,,,,20260906-2111
2026-09-06 21:24:00,EHAUSM-I,LEVIATHAN,1,5,0.003000,0.000,0.150,14156241,5834,3,5434,5438,0,0,0,3689991,7777,3663832,0,0.510413,0.000000,0.000000,6511,0,643.56,0,0,0,0,SUCCESS,0,1,,,,,,,,,,,,used,,,,20260906-2111
2026-09-06 21:24:11,EHAUSM-I,LEVIATHAN,1,6,0.003000,0.000,0.150,14156241,5834,3,5446,5450,0,0,0,3689991,7777,3663832,0,0.510413,0.000000,0.000000,6511,0,615.27,0,0,0,0,SUCCESS,0,1,,,,,,,,,,,,used,,,,20260906-2111
2026-09-06 21:24:21,EHAUSM-I,LEVIATHAN,1,7,0.003000,0.000,0.150,14156241,5834,3,5444,5448,0,0,0,3689991,7777,3663832,0,0.510413,0.000000,0.000000,6511,0,601.24,0,0,0,0,SUCCESS,0,1,,,,,,,,,,,,used,,,,20260906-2111
2026-09-06 21:24:31,EHAUSM-I,LEVIATHAN,1,8,0.003000,0.000,0.150,14156241,5834,4,5439,5443,0,0,0,3689991,7777,3663832,0,0.510413,0.000000,0.000000,6511,0,694.75,0,0,0,0,SUCCESS,0,1,,,,,,,,,,,,used,,,,20260906-2111
2026-09-06 21:24:42,EHAUSM-I,LEVIATHAN,1,9,0.003000,0.000,0.150,14156241,5834,3,5436,5440,0,0,0,3689991,7777,3663832,0,0.510413,0.000000,0.000000,6511,0,628.75,0,0,0,0,SUCCESS,0,1,,,,,,,,,,,,used,,,,20260906-2111
2026-09-06 21:24:55,Pre-HAUSPM,LEVIATHAN,1,0,0.003000,0.200,0.150,14156241,5834,0,7126,7126,0,0,0,36239222,0,36197393,0,0.000000,0.000000,0.000000,6511,12869,192.97,0,0,0,0,SUCCESS,0,2,,,,,,1,0,2742799,6869,,,used,,,,20260906-2111
2026-09-06 21:25:08,Pre-HAUSPM,LEVIATHAN,1,1,0.003000,0.200,0.150,14156241,5834,0,7131,7131,0,0,0,36239222,0,36197393,0,0.000000,0.000000,0.000000,6511,12869,146.63,0,0,0,0,SUCCESS,0,2,,,,,,1,0,2742799,6869,,,used,,,,20260906-2111
2026-09-06 21:25:21,Pre-HAUSPM,LEVIATHAN,1,2,0.003000,0.200,0.150,14156241,5834,0,7155,7155,0,0,0,36239222,0,36197393,0,0.000000,0.000000,0.000000,6511,12869,177.38,0,0,0,0,SUCCESS,0,2,,,,,,1,0,2742799,6869,,,used,,,,20260906-2111
2026-09-06 21:25:34,Pre-HAUSPM,LEVIATHAN,1,3,0.003000,0.200,0.150,14156241,5834,0,7114,7114,0,0,0,36239222,0,36197393,0,0.000000,0.000000,0.000000,6511,12869,256.78,0,0,0,0,SUCCESS,0,2,,,,,,1,0,2742799,6869,,,used,,,,20260906-2111
2026-09-06 21:25:47,Pre-HAUSPM,LEVIATHAN,1,4,0.003000,0.200,0.150,14156241,5834,0,7128,7129,0,0,0,36239222,0,36197393,0,0.000000,0.000000,0.000000,6511,12869,288.54,0,0,0,0,SUCCESS,0,2,,,,,,1,0,2742799,6869,,,used,,,,20260906-2111
2026-09-06 21:26:00,Pre-HAUSPM,LEVIATHAN,1,5,0.003000,0.200,0.150,14156241,5834,0,7116,7117,0,0,0,36239222,0,36197393,0,0.000000,0.000000,0.000000,6511,12869,192.96,0,0,0,0,SUCCESS,0,2,,,,,,1,0,2742799,6869,,,used,,,,20260906-2111
2026-09-06 21:26:13,Pre-HAUSPM,LEVIATHAN,1,6,0.003000,0.200,0.150,14156241,5834,0,7076,7076,0,0,0,36239222,0,36197393,0,0.000000,0.000000,0.000000,6511,12869,165.02,0,0,0,0,SUCCESS,0,2,,,,,,1,0,2742799,6869,,,used,,,,20260906-2111
2026-09-06 21:26:26,Pre-HAUSPM,LEVIATHAN,1,7,0.003000,0.200,0.150,14156241,5834,0,7078,7079,0,0,0,36239222,0,36197393,0,0.000000,0.000000,0.000000,6511,12869,192.74,0,0,0,0,SUCCESS,0,2,,,,,,1,0,2742799,6869,,,used,,,,20260906-2111
2026-09-06 21:26:39,Pre-HAUSPM,LEVIATHAN,1,8,0.003000,0.200,0.150,14156241,5834,0,7074,7074,0,0,0,36239222,0,36197393,0,0.000000,0.000000,0.000000,6511,12869,192.78,0,0,0,0,SUCCESS,0,2,,,,,,1,0,2742799,6869,,,used,,,,20260906-2111
2026-09-06 21:26:51,Pre-HAUSPM,LEVIATHAN,1,9,0.003000,0.200,0.150,14156241,5834,0,7093,7094,0,0,0,36239222,0,36197393,0,0.000000,0.000000,0.000000,6511,12869,212.06,0,0,0,0,SUCCESS,0,2,,,,,,1,0,2742799,6869,,,used,,,,20260906-2111
2026-09-06 21:26:55,HAUSP-UB,LEVIATHAN,1,0,0.003000,0.000,0.150,14156241,5834,17,1795,1813,0,48,10,5958464,8336,5929969,1777,0.000000,0.366961,0.379732,6511,0,167.57,5958130,5957213,1568,9025,SUCCESS,26495,3,,0,6312032,33739184,21993088,,,,,336,559,used,,,,20260906-2111
2026-09-06 21:26:58,HAUSP-UB,LEVIATHAN,1,1,0.003000,0.000,0.150,14156241,5834,18,1782,1800,0,48,10,5958464,8336,5929969,1777,0.000000,0.366961,0.379732,6511,0,213.06,5958130,5957213,1568,9025,SUCCESS,26495,3,,20989696,6312032,33739184,21993088,,,,,336,559,used,,,,20260906-2111
2026-09-06 21:27:02,HAUSP-UB,LEVIATHAN,1,2,0.003000,0.000,0.150,14156241,5834,18,1778,1796,0,48,10,5958464,8336,5929969,1777,0.000000,0.366961,0.379732,6511,0,163.55,5958130,5957213,1568,9025,SUCCESS,26495,3,,0,6312032,33739184,21993088,,,,,336,559,used,,,,20260906-2111
2026-09-06 21:27:05,HAUSP-UB,LEVIATHAN,1,3,0.003000,0.000,0.150,14156241,5834,18,1785,1804,0,48,10,5958464,8336,5929969,1777,0.000000,0.366961,0.379732,6511,0,203.08,5958130,5957213,1568,9025,SUCCESS,26495,3,,20481792,6312032,33739184,21993088,,,,,336,559,used,,,,20260906-2111
2026-09-06 21:27:09,HAUSP-UB,LEVIATHAN,1,4,0.003000,0.000,0.150,14156241,5834,18,1784,1803,0,48,10,5958464,8336,5929969,1777,0.000000,0.366961,0.379732,6511,0,166.98,5958130,5957213,1568,9025,SUCCESS,26495,3,,20989696,6312032,33739184,21993088,,,,,336,559,used,,,,20260906-2111
2026-09-06 21:27:12,HAUSP-UB,LEVIATHAN,1,5,0.003000,0.000,0.150,14156241,5834,18,1773,1792,0,48,10,5958464,8336,5929969,1777,0.000000,0.366961,0.379732,6511,0,164.06,5958130,5957213,1568,9025,SUCCESS,26495,3,,0,6312032,33739184,21993088,,,,,336,559,used,,,,20260906-2111
2026-09-06 21:27:16,HAUSP-UB,LEVIATHAN,1,6,0.003000,0.000,0.150,14156241,5834,18,1777,1796,0,48,10,5958464,8336,5929969,1777,0.000000,0.366961,0.379732,6511,0,208.26,5958130,5957213,1568,9025,SUCCESS,26495,3,,20989696,6312032,33739184,21993088,,,,,336,559,used,,,,20260906-2111
2026-09-06 21:27:19,HAUSP-UB,LEVIATHAN,1,7,0.003000,0.000,0.150,14156241,5834,17,1785,1803,0,50,10,5958464,8336,5929969,1777,0.000000,0.366961,0.379732,6511,0,170.29,5958130,5957213,1568,9025,SUCCESS,26495,3,,0,6312032,33739184,21993088,,,,,336,559,used,,,,20260906-2111
2026-09-06 21:27:23,HAUSP-UB,LEVIATHAN,1,8,0.003000,0.000,0.150,14156241,5834,17,1797,1815,0,48,10,5958464,8336,5929969,1777,0.000000,0.366961,0.379732,6511,0,203.24,5958130,5957213,1568,9025,SUCCESS,26495,3,,20481792,6312032,33739184,21993088,,,,,336,559,used,,,,20260906-2111
2026-09-06 21:27:26,HAUSP-UB,LEVIATHAN,1,9,0.003000,0.000,0.150,14156241,5834,17,1785,1803,0,48,10,5958464,8336,5929969,1777,0.000000,0.366961,0.379732,6511,0,169.87,5958130,5957213,1568,9025,SUCCESS,26495,3,,0,6312032,33739184,21993088,,,,,336,559,used,,,,20260906-2111
2026-09-06 21:27:32,EHAUSM-R,LEVIATHAN,1,0,0.003000,0.000,0.200,14156241,5834,18,4966,4984,0,0,0,6599011,7777,6572852,0,0.439127,0.000000,0.000000,6511,0,125.25,0,0,0,0,SUCCESS,0,0,,,,,,,,,,,,used,,,,20260906-2111
2026-09-06 21:27:37,EHAUSM-R,LEVIATHAN,1,1,0.003000,0.000,0.200,14156241,5834,18,4966,4985,0,0,0,6599011,7777,6572852,0,0.439127,0.000000,0.000000,6511,0,158.81,0,0,0,0,SUCCESS,0,0,,,,,,,,,,,,used,,,,20260906-2111
2026-09-06 21:27:42,EHAUSM-R,LEVIATHAN,1,2,0.003000,0.000,0.200,14156241,5834,18,4975,4994,0,0,0,6599011,7777,6572852,0,0.439127,0.000000,0.000000,6511,0,158.67,0,0,0,0,SUCCESS,0,0,,,,,,,,,,,,used,,,,20260906-2111
2026-09-06 21:27:47,EHAUSM-R,LEVIATHAN,1,3,0.003000,0.000,0.200,14156241,5834,17,4963,4981,0,0,0,6599011,7777,6572852,0,0.439127,0.000000,0.000000,6511,0,46.54,0,0,0,0,SUCCESS,0,0,,,,,,,,,,,,used,,,,20260906-2111
2026-09-06 21:27:52,EHAUSM-R,LEVIATHAN,1,4,0.003000,0.000,0.200,14156241,5834,18,4971,4989,0,0,0,6599011,7777,6572852,0,0.439127,0.000000,0.000000,6511,0,143.05,0,0,0,0,SUCCESS,0,0,,,,,,,,,,,,used,,,,20260906-2111
2026-09-06 21:27:58,EHAUSM-R,LEVIATHAN,1,5,0.003000,0.000,0.200,14156241,5834,18,4954,4973,0,0,0,6599011,7777,6572852,0,0.439127,0.000000,0.000000,6511,0,223.25,0,0,0,0,SUCCESS,0,0,,,,,,,,,,,,used,,,,20260906-2111
2026-09-06 21:28:03,EHAUSM-R,LEVIATHAN,1,6,0.003000,0.000,0.200,14156241,5834,18,4980,4998,0,0,0,6599011,7777,6572852,0,0.439127,0.000000,0.000000,6511,0,110.86,0,0,0,0,SUCCESS,0,0,,,,,,,,,,,,used,,,,20260906-2111
2026-09-06 21:28:08,EHAUSM-R,LEVIATHAN,1,7,0.003000,0.000,0.200,14156241,5834,17,4958,4976,0,0,0,6599011,7777,6572852,0,0.439127,0.000000,0.000000,6511,0,223.43,0,0,0,0,SUCCESS,0,0,,,,,,,,,,,,used,,,,20260906-2111
2026-09-06 21:28:13,EHAUSM-R,LEVIATHAN,1,8,0.003000,0.000,0.200,14156241,5834,18,4959,4977,0,0,0,6599011,7777,6572852,0,0.439127,0.000000,0.000000,6511,0,110.74,0,0,0,0,SUCCESS,0,0,,,,,,,,,,,,used,,,,20260906-2111
2026-09-06 21:28:18,EHAUSM-R,LEVIATHAN,1,9,0.003000,0.000,0.200,14156241,5834,18,4963,4981,0,0,0,6599011,7777,6572852,0,0.439127,0.000000,0.000000,6511,0,223.28,0,0,0,0,SUCCESS,0,0,,,,,,,,,,,,used,,,,20260906-2111
2026-09-06 21:28:29,EHAUSM-I,LEVIATHAN,1,0,0.003000,0.000,0.200,14156241,5834,4,5423,5428,0,0,0,3689991,7777,3663832,0,0.510413,0.000000,0.000000,6511,0,782.42,0,0,0,0,SUCCESS,0,1,,,,,,,,,,,,used,,,,20260906-2111
2026-09-06 21:28:39,EHAUSM-I,LEVIATHAN,1,1,0.003000,0.000,0.200,14156241,5834,3,5395,5399,0,0,0,3689991,7777,3663832,0,0.510413,0.000000,0.000000,6511,0,936.99,0,0,0,0,SUCCESS,0,1,,,,,,,,,,,,used,,,,20260906-2111
2026-09-06 21:28:49,EHAUSM-I,LEVIATHAN,1,2,0.003000,0.000,0.200,14156241,5834,3,5398,5402,0,0,0,3689991,7777,3663832,0,0.510413,0.000000,0.000000,6511,0,630.88,0,0,0,0,SUCCESS,0,1,,,,,,,,,,,,used,,,,20260906-2111
2026-09-06 21:29:00,EHAUSM-I,LEVIATHAN,1,3,0.003000,0.000,0.200,14156241,5834,4,5398,5402,0,0,0,3689991,7777,3663832,0,0.510413,0.000000,0.000000,6511,0,1058.58,0,0,0,0,SUCCESS,0,1,,,,,,,,,,,,used,,,,20260906-2111
2026-09-06 21:29:10,EHAUSM-I,LEVIATHAN,1,4,0.003000,0.000,0.200,14156241,5834,3,5397,5401,0,0,0,3689991,7777,3663832,0,0.510413,0.000000,0.000000,6511,0,664.68,0,0,0,0,SUCCESS,0,1,,,,,,,,,,,,used,,,,20260906-2111
2026-09-06 21:29:21,EHAUSM-I,LEVIATHAN,1,5,0.003000,0.000,0.200,14156241,5834,3,5405,5408,0,0,0,3689991,7777,3663832,0,0.510413,0.000000,0.000000,6511,0,658.49,0,0,0,0,SUCCESS,0,1,,,,,,,,,,,,used,,,,20260906-2111
2026-09-06 21:29:31,EHAUSM-I,LEVIATHAN,1,6,0.003000,0.000,0.200,14156241,5834,4,5423,5428,0,0,0,3689991,7777,3663832,0,0.510413,0.000000,0.000000,6511,0,856.04,0,0,0,0,SUCCESS,0,1,,,,,,,,,,,,used,,,,20260906-2111
2026-09-06 21:29:41,EHAUSM-I,LEVIATHAN,1,7,0.003000,0.000,0.200,14156241,5834,3,5399,5403,0,0,0,3689991,7777,3663832,0,0.510413,0.000000,0.000000,6511,0,933.84,0,0,0,0,SUCCESS,0,1,,,,,,,,,,,,used,,,,20260906-2111
2026-09-06 21:29:52,EHAUSM-I,LEVIATHAN,1,8,0.003000,0.000,0.200,14156241,5834,4,5427,5431,0,0,0,3689991,7777,3663832,0,0.510413,0.000000,0.000000,6511,0,1093.94,0,0,0,0,SUCCESS,0,1,,,,,,,,,,,,used,,,,20260906-2111
2026-09-06 21:30:02,EHAUSM-I,LEVIATHAN,1,9,0.003000,0.000,0.200,14156241,5834,3,5395,5399,0,0,0,3689991,7777,3663832,0,0.510413,0.000000,0.000000,6511,0,927.48,0,0,0,0,SUCCESS,0,1,,,,,,,,,,,,used,,,,20260906-2111
2026-09-06 21:30:15,Pre-HAUSPM,LEVIATHAN,1,0,0.003000,0.200,0.200,14156241,5834,0,7045,7045,0,0,0,36239222,0,36197393,0,0.000000,0.000000,0.000000,6511,12869,147.42,0,0,0,0,SUCCESS,0,2,,,,,,1,0,2742799,6869,,,used,,,,20260906-2111
2026-09-06 21:30:28,Pre-HAUSPM,LEVIATHAN,1,1,0.003000,0.200,0.200,14156241,5834,0,7053,7054,0,0,0,36239222,0,36197393,0,0.000000,0.000000,0.000000,6511,12869,257.05,0,0,0,0,SUCCESS,0,2,,,,,,1,0,2742799,6869,,,used,,,,20260906-2111
2026-09-06 21:30:41,Pre-HAUSPM,LEVIATHAN,1,2,0.003000,0.200,0.200,14156241,5834,0,7048,7048,0,0,0,36239222,0,36197393,0,0.000000,0.000000,0.000000,6511,12869,164.68,0,0,0,0,SUCCESS,0,2,,,,,,1,0,2742799,6869,,,used,,,,20260906-2111
2026-09-06 21:30:54,Pre-HAUSPM,LEVIATHAN,1,3,0.003000,0.200,0.200,14156241,5834,0,7064,7064,0,0,0,36239222,0,36197393,0,0.000000,0.000000,0.000000,6511,12869,353.63,0,0,0,0,SUCCESS,0,2,,,,,,1,0,2742799,6869,,,used,,,,20260906-2111
2026-09-06 21:31:06,Pre-HAUSPM,LEVIATHAN,1,4,0.003000,0.200,0.200,14156241,5834,0,7070,7070,0,0,0,36239222,0,36197393,0,0.000000,0.000000,0.000000,6511,12869,256.56,0,0,0,0,SUCCESS,0,2,,,,,,1,0,2742799,6869,,,used,,,,20260906-2111
2026-09-06 21:31:19,Pre-HAUSPM,LEVIATHAN,1,5,0.003000,0.200,0.200,14156241,5834,0,7061,7061,0,0,0,36239222,0,36197393,0,0.000000,0.000000,0.000000,6511,12869,288.87,0,0,0,0,SUCCESS,0,2,,,,,,1,0,2742799,6869,,,used,,,,20260906-2111
2026-09-06 21:31:32,Pre-HAUSPM,LEVIATHAN,1,6,0.003000,0.200,0.200,14156241,5834,0,7058,7059,0,0,0,36239222,0,36197393,0,0.000000,0.000000,0.000000,6511,12869,212.04,0,0,0,0,SUCCESS,0,2,,,,,,1,0,2742799,6869,,,used,,,,20260906-2111
2026-09-06 21:31:45,Pre-HAUSPM,LEVIATHAN,1,7,0.003000,0.200,0.200,14156241,5834,0,7055,7056,0,0,0,36239222,0,36197393,0,0.000000,0.000000,0.000000,6511,12869,83.29,0,0,0,0,SUCCESS,0,2,,,,,,1,0,2742799,6869,,,used,,,,20260906-2111
2026-09-06 21:31:58,Pre-HAUSPM,LEVIATHAN,1,8,0.003000,0.200,0.200,14156241,5834,0,7059,7059,0,0,0,36239222,0,36197393,0,0.000000,0.000000,0.000000,6511,12869,337.79,0,0,0,0,SUCCESS,0,2,,,,,,1,0,2742799,6869,,,used,,,,20260906-2111
2026-09-06 21:32:11,Pre-HAUSPM,LEVIATHAN,1,9,0.003000,0.200,0.200,14156241,5834,0,7058,7058,0,0,0,36239222,0,36197393,0,0.000000,0.000000,0.000000,6511,12869,114.02,0,0,0,0,SUCCESS,0,2,,,,,,1,0,2742799,6869,,,used,,,,20260906-2111
2026-09-06 21:32:14,HAUSP-UB,LEVIATHAN,1,0,0.003000,0.000,0.200,14156241,5834,18,1746,1765,0,49,10,5958464,8336,5929969,1777,0.000000,0.366961,0.379732,6511,0,168.47,5958130,5957213,1568,9025,SUCCESS,26495,3,,0,6312032,33739184,21993088,,,,,336,559,used,,,,20260906-2111
2026-09-06 21:32:18,HAUSP-UB,LEVIATHAN,1,1,0.003000,0.000,0.200,14156241,5834,18,1735,1754,0,49,10,5958464,8336,5929969,1777,0.000000,0.366961,0.379732,6511,0,209.67,5958130,5957213,1568,9025,SUCCESS,26495,3,,20989696,6312032,33739184,21993088,,,,,336,559,used,,,,20260906-2111
2026-09-06 21:32:21,HAUSP-UB,LEVIATHAN,1,2,0.003000,0.000,0.200,14156241,5834,18,1743,1761,0,49,10,5958464,8336,5929969,1777,0.000000,0.366961,0.379732,6511,0,166.33,5958130,5957213,1568,9025,SUCCESS,26495,3,,20989696,6312032,33739184,21993088,,,,,336,559,used,,,,20260906-2111
2026-09-06 21:32:25,HAUSP-UB,LEVIATHAN,1,3,0.003000,0.000,0.200,14156241,5834,18,1737,1756,0,49,10,5958464,8336,5929969,1777,0.000000,0.366961,0.379732,6511,0,163.44,5958130,5957213,1568,9025,SUCCESS,26495,3,,0,6312032,33739184,21993088,,,,,336,559,used,,,,20260906-2111
2026-09-06 21:32:28,HAUSP-UB,LEVIATHAN,1,4,0.003000,0.000,0.200,14156241,5834,18,1736,1754,0,49,10,5958464,8336,5929969,1777,0.000000,0.366961,0.379732,6511,0,209.27,5958130,5957213,1568,9025,SUCCESS,26495,3,,20989696,6312032,33739184,21993088,,,,,336,559,used,,,,20260906-2111
2026-09-06 21:32:31,HAUSP-UB,LEVIATHAN,1,5,0.003000,0.000,0.200,14156241,5834,18,1743,1761,0,49,10,5958464,8336,5929969,1777,0.000000,0.366961,0.379732,6511,0,165.41,5958130,5957213,1568,9025,SUCCESS,26495,3,,20989696,6312032,33739184,21993088,,,,,336,559,used,,,,20260906-2111
2026-09-06 21:32:35,HAUSP-UB,LEVIATHAN,1,6,0.003000,0.000,0.200,14156241,5834,18,1743,1761,0,49,10,5958464,8336,5929969,1777,0.000000,0.366961,0.379732,6511,0,163.75,5958130,5957213,1568,9025,SUCCESS,26495,3,,0,6312032,33739184,21993088,,,,,336,559,used,,,,20260906-2111
2026-09-06 21:32:38,HAUSP-UB,LEVIATHAN,1,7,0.003000,0.000,0.200,14156241,5834,17,1735,1753,0,49,10,5958464,8336,5929969,1777,0.000000,0.366961,0.379732,6511,0,201.64,5958130,5957213,1568,9025,SUCCESS,26495,3,,20481792,6312032,33739184,21993088,,,,,336,559,used,,,,20260906-2111
2026-09-06 21:32:42,HAUSP-UB,LEVIATHAN,1,8,0.003000,0.000,0.200,14156241,5834,18,1757,1775,0,49,10,5958464,8336,5929969,1777,0.000000,0.366961,0.379732,6511,0,164.87,5958130,5957213,1568,9025,SUCCESS,26495,3,,20989696,6312032,33739184,21993088,,,,,336,559,used,,,,20260906-2111
2026-09-06 21:32:45,HAUSP-UB,LEVIATHAN,1,9,0.003000,0.000,0.200,14156241,5834,17,1734,1752,0,49,10,5958464,8336,5929969,1777,0.000000,0.366961,0.379732,6511,0,163.99,5958130,5957213,1568,9025,SUCCESS,26495,3,,0,6312032,33739184,21993088,,,,,336,559,used,,,,20260906-2111
2026-09-06 21:32:47,EHAUSM-R,C8T1S5I8N5K,1,0,0.000200,0.000,0.050,47416411,47133,247,1355,1603,0,0,0,3020056,30941,2941503,0,0.297580,0.000000,0.000000,2623,0,677.77,0,0,0,0,SUCCESS,0,0,,,,,,,,,,,,used,,,,20260906-2111
2026-09-06 21:32:49,EHAUSM-R,C8T1S5I8N5K,1,1,0.000200,0.000,0.050,47416411,47133,90,1223,1314,0,0,0,3020056,30941,2941503,0,0.297580,0.000000,0.000000,2623,0,644.21,0,0,0,0,SUCCESS,0,0,,,,,,,,,,,,used,,,,20260906-2111
2026-09-06 21:32:50,EHAUSM-R,C8T1S5I8N5K,1,2,0.000200,0.000,0.050,47416411,47133,90,1227,1318,0,0,0,3020056,30941,2941503,0,0.297580,0.000000,0.000000,2623,0,209.12,0,0,0,0,SUCCESS,0,0,,,,,,,,,,,,used,,,,20260906-2111
2026-09-06 21:32:52,EHAUSM-R,C8T1S5I8N5K,1,3,0.000200,0.000,0.050,47416411,47133,93,1226,1320,0,0,0,3020056,30941,2941503,0,0.297580,0.000000,0.000000,2623,0,207.57,0,0,0,0,SUCCESS,0,0,,,,,,,,,,,,used,,,,20260906-2111
2026-09-06 21:32:53,EHAUSM-R,C8T1S5I8N5K,1,4,0.000200,0.000,0.050,47416411,47133,92,1224,1317,0,0,0,3020056,30941,2941503,0,0.297580,0.000000,0.000000,2623,0,191.13,0,0,0,0,SUCCESS,0,0,,,,,,,,,,,,used,,,,20260906-2111
2026-09-06 21:32:55,EHAUSM-R,C8T1S5I8N5K,1,5,0.000200,0.000,0.050,47416411,47133,92,1225,1318,0,0,0,3020056,30941,2941503,0,0.297580,0.000000,0.000000,2623,0,191.79,0,0,0,0,SUCCESS,0,0,,,,,,,,,,,,used,,,,20260906-2111
2026-09-06 21:32:56,EHAUSM-R,C8T1S5I8N5K,1,6,0.000200,0.000,0.050,47416411,47133,93,1223,1317,0,0,0,3020056,30941,2941503,0,0.297580,0.000000,0.000000,2623,0,193.66,0,0,0,0,SUCCESS,0,0,,,,,,,,,,,,used,,,,20260906-2111
2026-09-06 21:32:58,EHAUSM-R,C8T1S5I8N5K,1,7,0.000200,0.000,0.050,47416411,47133,93,1225,1319,0,0,0,3020056,30941,2941503,0,0.297580,0.000000,0.000000,2623,0,192.79,0,0,0,0,SUCCESS,0,0,,,,,,,,,,,,used,,,,20260906-2111
2026-09-06 21:32:59,EHAUSM-R,C8T1S5I8N5K,1,8,0.000200,0.000,0.050,47416411,47133,93,1222,1316,0,0,0,3020056,30941,2941503,0,0.297580,0.000000,0.000000,2623,0,191.18,0,0,0,0,SUCCESS,0,0,,,,,,,,,,,,used,,,,20260906-2111
2026-09-06 21:33:01,EHAUSM-R,C8T1S5I8N5K,1,9,0.000200,0.000,0.050,47416411,47133,92,1224,1317,0,0,0,3020056,30941,2941503,0,0.297580,0.000000,0.000000,2623,0,191.86,0,0,0,0,SUCCESS,0,0,,,,,,,,,,,,used,,,,20260906-2111
2026-09-06 21:33:04,EHAUSM-I,C8T1S5I8N5K,1,0,0.000200,0.000,0.050,47416411,47133,41,1361,1402,0,0,0,2031329,30941,1952776,0,0.432510,0.000000,0.000000,2623,0,997.35,0,0,0,0,SUCCESS,0,1,,,,,,,,,,,,used,,,,20260906-2111
2026-09-06 21:33:07,EHAUSM-I,C8T1S5I8N5K,1,1,0.000200,0.000,0.050,47416411,47133,40,1268,1308,0,0,0,2031329,30941,1952776,0,0.432510,0.000000,0.000000,2623,0,1008.22,0,0,0,0,SUCCESS,0,1,,,,,,,,,,,,used,,,,20260906-2111
2026-09-06 21:33:10,EHAUSM-I,C8T1S5I8N5K,1,2,0.000200,0.000,0.050,47416411,47133,40,1266,1306,0,0,0,2031329,30941,1952776,0,0.432510,0.000000,0.000000,2623,0,1004.05,0,0,0,0,SUCCESS,0,1,,,,,,,,,,,,used,,,,20260906-2111
2026-09-06 21:33:13,EHAUSM-I,C8T1S5I8N5K,1,3,0.000200,0.000,0.050,47416411,47133,39,1268,1308,0,0,0,2031329,30941,1952776,0,0.432510,0.000000,0.000000,2623,0,1001.02,0,0,0,0,SUCCESS,0,1,,,,,,,,,,,,used,,,,20260906-2111
2026-09-06 21:33:15,EHAUSM-I,C8T1S5I8N5K,1,4,0.000200,0.000,0.050,47416411,47133,40,1269,1310,0,0,0,2031329,30941,1952776,0,0.432510,0.000000,0.000000,2623,0,1001.49,0,0,0,0,SUCCESS,0,1,,,,,,,,,,,,used,,,,20260906-2111
2026-09-06 21:33:18,EHAUSM-I,C8T1S5I8N5K,1,5,0.000200,0.000,0.050,47416411,47133,40,1269,1310,0,0,0,2031329,30941,1952776,0,0.432510,0.000000,0.000000,2623,0,1020.04,0,0,0,0,SUCCESS,0,1,,,,,,,,,,,,used,,,,20260906-2111
2026-09-06 21:33:21,EHAUSM-I,C8T1S5I8N5K,1,6,0.000200,0.000,0.050,47416411,47133,40,1267,1307,0,0,0,2031329,30941,1952776,0,0.432510,0.000000,0.000000,2623,0,1018.29,0,0,0,0,SUCCESS,0,1,,,,,,,,,,,,used,,,,20260906-2111
2026-09-06 21:33:24,EHAUSM-I,C8T1S5I8N5K,1,7,0.000200,0.000,0.050,47416411,47133,40,1267,1308,0,0,0,2031329,30941,1952776,0,0.432510,0.000000,0.000000,2623,0,1016.91,0,0,0,0,SUCCESS,0,1,,,,,,,,,,,,used,,,,20260906-2111
2026-09-06 21:33:27,EHAUSM-I,C8T1S5I8N5K,1,8,0.000200,0.000,0.050,47416411,47133,40,1266,1307,0,0,0,2031329,30941,1952776,0,0.432510,0.000000,0.000000,2623,0,1015.64,0,0,0,0,SUCCESS,0,1,,,,,,,,,,,,used,,,,20260906-2111
2026-09-06 21:33:29,EHAUSM-I,C8T1S5I8N5K,1,9,0.000200,0.000,0.050,47416411,47133,40,1266,1306,0,0,0,2031329,30941,1952776,0,0.432510,0.000000,0.000000,2623,0,1009.71,0,0,0,0,SUCCESS,0,1,,,,,,,,,,,,used,,,,20260906-2111
2026-09-06 21:33:35,Pre-HAUSPM,C8T1S5I8N5K,1,0,0.000200,0.200,0.050,47416411,47133,1,2980,2982,0,0,0,19323837,0,19169868,0,0.000000,0.000000,0.000000,2623,51786,896.03,0,0,0,0,SUCCESS,0,2,,,,,,1,0,9398114,1521,,,used,,,,20260906-2111
2026-09-06 21:33:41,Pre-HAUSPM,C8T1S5I8N5K,1,1,0.000200,0.200,0.050,47416411,47133,1,2979,2981,0,0,0,19323837,0,19169868,0,0.000000,0.000000,0.000000,2623,51786,2181.08,0,0,0,0,SUCCESS,0,2,,,,,,1,0,9398114,1521,,,used,,,,20260906-2111
2026-09-06 21:33:47,Pre-HAUSPM,C8T1S5I8N5K,1,2,0.000200,0.200,0.050,47416411,47133,1,2979,2981,0,0,0,19323837,0,19169868,0,0.000000,0.000000,0.000000,2623,51786,922.91,0,0,0,0,SUCCESS,0,2,,,,,,1,0,9398114,1521,,,used,,,,20260906-2111
2026-09-06 21:33:53,Pre-HAUSPM,C8T1S5I8N5K,1,3,0.000200,0.200,0.050,47416411,47133,1,2990,2992,0,0,0,19323837,0,19169868,0,0.000000,0.000000,0.000000,2623,51786,382.07,0,0,0,0,SUCCESS,0,2,,,,,,1,0,9398114,1521,,,used,,,,20260906-2111
2026-09-06 21:33:59,Pre-HAUSPM,C8T1S5I8N5K,1,4,0.000200,0.200,0.050,47416411,47133,1,2980,2982,0,0,0,19323837,0,19169868,0,0.000000,0.000000,0.000000,2623,51786,2280.15,0,0,0,0,SUCCESS,0,2,,,,,,1,0,9398114,1521,,,used,,,,20260906-2111
2026-09-06 21:34:05,Pre-HAUSPM,C8T1S5I8N5K,1,5,0.000200,0.200,0.050,47416411,47133,1,2976,2978,0,0,0,19323837,0,19169868,0,0.000000,0.000000,0.000000,2623,51786,747.13,0,0,0,0,SUCCESS,0,2,,,,,,1,0,9398114,1521,,,used,,,,20260906-2111
2026-09-06 21:34:12,Pre-HAUSPM,C8T1S5I8N5K,1,6,0.000200,0.200,0.050,47416411,47133,1,3084,3086,0,0,0,19323837,0,19169868,0,0.000000,0.000000,0.000000,2623,51786,633.87,0,0,0,0,SUCCESS,0,2,,,,,,1,0,9398114,1521,,,used,,,,20260906-2111
2026-09-06 21:34:18,Pre-HAUSPM,C8T1S5I8N5K,1,7,0.000200,0.200,0.050,47416411,47133,1,3084,3086,0,0,0,19323837,0,19169868,0,0.000000,0.000000,0.000000,2623,51786,336.54,0,0,0,0,SUCCESS,0,2,,,,,,1,0,9398114,1521,,,used,,,,20260906-2111
2026-09-06 21:34:24,Pre-HAUSPM,C8T1S5I8N5K,1,8,0.000200,0.200,0.050,47416411,47133,1,2978,2980,0,0,0,19323837,0,19169868,0,0.000000,0.000000,0.000000,2623,51786,493.17,0,0,0,0,SUCCESS,0,2,,,,,,1,0,9398114,1521,,,used,,,,20260906-2111
2026-09-06 21:34:30,Pre-HAUSPM,C8T1S5I8N5K,1,9,0.000200,0.200,0.050,47416411,47133,1,2980,2982,0,0,0,19323837,0,19169868,0,0.000000,0.000000,0.000000,2623,51786,2485.85,0,0,0,0,SUCCESS,0,2,,,,,,1,0,9398114,1521,,,used,,,,20260906-2111
2026-09-06 21:34:32,HAUSP-UB,C8T1S5I8N5K,1,0,0.000200,0.000,0.050,47416411,47133,69,881,951,4,43,35,1906734,46615,1799929,12578,0.000000,0.208598,0.219840,2623,0,1018.96,1870891,1869456,2118,68240,SUCCESS,91130,3,,350464,22186560,155545888,21701248,,,,,12577,15674,used,,,,20260906-2111
2026-09-06 21:34:34,HAUSP-UB,C8T1S5I8N5K,1,1,0.000200,0.000,0.050,47416411,47133,67,885,953,4,43,35,1906734,46615,1799929,12578,0.000000,0.208598,0.219840,2623,0,921.92,1870891,1869456,2118,68240,SUCCESS,91130,3,,350464,22186560,155545888,21701248,,,,,12577,15674,used,,,,20260906-2111
2026-09-06 21:34:36,HAUSP-UB,C8T1S5I8N5K,1,2,0.000200,0.000,0.050,47416411,47133,66,880,947,4,43,35,1906734,46615,1799929,12578,0.000000,0.208598,0.219840,2623,0,1018.22,1870891,1869456,2118,68240,SUCCESS,91130,3,,350464,22186560,155545888,21701248,,,,,12577,15674,used,,,,20260906-2111
2026-09-06 21:34:39,HAUSP-UB,C8T1S5I8N5K,1,3,0.000200,0.000,0.050,47416411,47133,67,890,957,4,43,35,1906734,46615,1799929,12578,0.000000,0.208598,0.219840,2623,0,920.84,1870891,1869456,2118,68240,SUCCESS,91130,3,,350464,22186560,155545888,21701248,,,,,12577,15674,used,,,,20260906-2111
2026-09-06 21:34:41,HAUSP-UB,C8T1S5I8N5K,1,4,0.000200,0.000,0.050,47416411,47133,67,909,976,4,43,35,1906734,46615,1799929,12578,0.000000,0.208598,0.219840,2623,0,1018.62,1870891,1869456,2118,68240,SUCCESS,91130,3,,350464,22186560,155545888,21701248,,,,,12577,15674,used,,,,20260906-2111
2026-09-06 21:34:43,HAUSP-UB,C8T1S5I8N5K,1,5,0.000200,0.000,0.050,47416411,47133,67,885,952,4,43,35,1906734,46615,1799929,12578,0.000000,0.208598,0.219840,2623,0,920.97,1870891,1869456,2118,68240,SUCCESS,91130,3,,350464,22186560,155545888,21701248,,,,,12577,15674,used,,,,20260906-2111
2026-09-06 21:34:45,HAUSP-UB,C8T1S5I8N5K,1,6,0.000200,0.000,0.050,47416411,47133,68,887,956,4,43,35,1906734,46615,1799929,12578,0.000000,0.208598,0.219840,2623,0,1018.25,1870891,1869456,2118,68240,SUCCESS,91130,3,,350464,22186560,155545888,21701248,,,,,12577,15674,used,,,,20260906-2111
2026-09-06 21:34:48,HAUSP-UB,C8T1S5I8N5K,1,7,0.000200,0.000,0.050,47416411,47133,67,889,956,4,43,35,1906734,46615,1799929,12578,0.000000,0.208598,0.219840,2623,0,921.06,1870891,1869456,2118,68240,SUCCESS,91130,3,,350464,22186560,155545888,21701248,,,,,12577,15674,used,,,,20260906-2111
2026-09-06 21:34:50,HAUSP-UB,C8T1S5I8N5K,1,8,0.000200,0.000,0.050,47416411,47133,68,897,966,4,43,35,1906734,46615,1799929,12578,0.000000,0.208598,0.219840,2623,0,1018.47,1870891,1869456,2118,68240,SUCCESS,91130,3,,350464,22186560,155545888,21701248,,,,,12577,15674,used,,,,20260906-2111
2026-09-06 21:34:52,HAUSP-UB,C8T1S5I8N5K,1,9,0.000200,0.000,0.050,47416411,47133,67,910,977,4,43,35,1906734,46615,1799929,12578,0.000000,0.208598,0.219840,2623,0,1021.21,1870891,1869456,2118,68240,SUCCESS,91130,3,,350464,22186560,155545888,21701248,,,,,12577,15674,used,,,,20260906-2111
2026-09-06 21:34:54,HAUSP-UB,C8T1S5I8N5K,1,10,0.000200,0.000,0.050,47416411,47133,67,882,950,4,43,35,1906734,46615,1799929,12578,0.000000,0.208598,0.219840,2623,0,1023.81,1870891,1869456,2118,68240,SUCCESS,91130,3,,350464,22186560,155545888,21701248,,,,,12577,15674,used,,,,20260906-2111
2026-09-06 21:34:57,HAUSP-UB,C8T1S5I8N5K,1,11,0.000200,0.000,0.050,47416411,47133,67,885,952,4,43,35,1906734,46615,1799929,12578,0.000000,0.208598,0.219840,2623,0,918.66,1870891,1869456,2118,68240,SUCCESS,91130,3,,341504,22186560,155545888,21701248,,,,,12577,15674,used,,,,20260906-2111
2026-09-06 21:34:59,HAUSP-UB,C8T1S5I8N5K,1,12,0.000200,0.000,0.050,47416411,47133,65,878,944,4,43,35,1906734,46615,1799929,12578,0.000000,0.208598,0.219840,2623,0,922.40,1870891,1869456,2118,68240,SUCCESS,91130,3,,0,22186560,155545888,21701248,,,,,12577,15674,used,,,,20260906-2111
2026-09-06 21:35:01,HAUSP-UB,C8T1S5I8N5K,1,13,0.000200,0.000,0.050,47416411,47133,67,890,958,4,43,35,1906734,46615,1799929,12578,0.000000,0.208598,0.219840,2623,0,1018.33,1870891,1869456,2118,68240,SUCCESS,91130,3,,350464,22186560,155545888,21701248,,,,,12577,15674,used,,,,20260906-2111
2026-09-06 21:35:03,HAUSP-UB,C8T1S5I8N5K,1,14,0.000200,0.000,0.050,47416411,47133,66,892,959,4,43,35,1906734,46615,1799929,12578,0.000000,0.208598,0.219840,2623,0,918.90,1870891,1869456,2118,68240,SUCCESS,91130,3,,341504,22186560,155545888,21701248,,,,,12577,15674,used,,,,20260906-2111
2026-09-06 21:35:05,EHAUSM-R,C8T1S5I8N5K,1,0,0.000200,0.000,0.100,47416411,47133,83,1213,1296,0,0,0,3020056,30941,2941503,0,0.297580,0.000000,0.000000,2623,0,759.89,0,0,0,0,SUCCESS,0,0,,,,,,,,,,,,used,,,,20260906-2111
2026-09-06 21:35:07,EHAUSM-R,C8T1S5I8N5K,1,1,0.000200,0.000,0.100,47416411,47133,81,1209,1291,0,0,0,3020056,30941,2941503,0,0.297580,0.000000,0.000000,2623,0,767.74,0,0,0,0,SUCCESS,0,0,,,,,,,,,,,,used,,,,20260906-2111
2026-09-06 21:35:08,EHAUSM-R,C8T1S5I8N5K,1,2,0.000200,0.000,0.100,47416411,47133,81,1214,1296,0,0,0,3020056,30941,2941503,0,0.297580,0.000000,0.000000,2623,0,544.28,0,0,0,0,SUCCESS,0,0,,,,,,,,,,,,used,,,,20260906-2111
2026-09-06 21:35:10,EHAUSM-R,C8T1S5I8N5K,1,3,0.000200,0.000,0.100,47416411,47133,81,1211,1293,0,0,0,3020056,30941,2941503,0,0.297580,0.000000,0.000000,2623,0,768.57,0,0,0,0,SUCCESS,0,0,,,,,,,,,,,,used,,,,20260906-2111
2026-09-06 21:35:11,EHAUSM-R,C8T1S5I8N5K,1,4,0.000200,0.000,0.100,47416411,47133,83,1215,1299,0,0,0,3020056,30941,2941503,0,0.297580,0.000000,0.000000,2623,0,544.30,0,0,0,0,SUCCESS,0,0,,,,,,,,,,,,used,,,,20260906-2111
2026-09-06 21:35:13,EHAUSM-R,C8T1S5I8N5K,1,5,0.000200,0.000,0.100,47416411,47133,82,1208,1291,0,0,0,3020056,30941,2941503,0,0.297580,0.000000,0.000000,2623,0,767.92,0,0,0,0,SUCCESS,0,0,,,,,,,,,,,,used,,,,20260906-2111
2026-09-06 21:35:14,EHAUSM-R,C8T1S5I8N5K,1,6,0.000200,0.000,0.100,47416411,47133,80,1212,1292,0,0,0,3020056,30941,2941503,0,0.297580,0.000000,0.000000,2623,0,545.08,0,0,0,0,SUCCESS,0,0,,,,,,,,,,,,used,,,,20260906-2111
2026-09-06 21:35:16,EHAUSM-R,C8T1S5I8N5K,1,7,0.000200,0.000,0.100,47416411,47133,86,1205,1291,0,0,0,3020056,30941,2941503,0,0.297580,0.000000,0.000000,2623,0,797.93,0,0,0,0,SUCCESS,0,0,,,,,,,,,,,,used,,,,20260906-2111
2026-09-06 21:35:17,EHAUSM-R,C8T1S5I8N5K,1,8,0.000200,0.000,0.100,47416411,47133,83,1206,1290,0,0,0,3020056,30941,2941503,0,0.297580,0.000000,0.000000,2623,0,782.11,0,0,0,0,SUCCESS,0,0,,,,,,,,,,,,used,,,,20260906-2111
2026-09-06 21:35:19,EHAUSM-R,C8T1S5I8N5K,1,9,0.000200,0.000,0.100,47416411,47133,82,1212,1294,0,0,0,3020056,30941,2941503,0,0.297580,0.000000,0.000000,2623,0,765.48,0,0,0,0,SUCCESS,0,0,,,,,,,,,,,,used,,,,20260906-2111
2026-09-06 21:35:22,EHAUSM-I,C8T1S5I8N5K,1,0,0.000200,0.000,0.100,47416411,47133,42,1269,1312,0,0,0,2031329,30941,1952776,0,0.432510,0.000000,0.000000,2623,0,1966.74,0,0,0,0,SUCCESS,0,1,,,,,,,,,,,,used,,,,20260906-2111
2026-09-06 21:35:25,EHAUSM-I,C8T1S5I8N5K,1,1,0.000200,0.000,0.100,47416411,47133,40,1253,1294,0,0,0,2031329,30941,1952776,0,0.432510,0.000000,0.000000,2623,0,1284.39,0,0,0,0,SUCCESS,0,1,,,,,,,,,,,,used,,,,20260906-2111
2026-09-06 21:35:27,EHAUSM-I,C8T1S5I8N5K,1,2,0.000200,0.000,0.100,47416411,47133,40,1252,1292,0,0,0,2031329,30941,1952776,0,0.432510,0.000000,0.000000,2623,0,1279.39,0,0,0,0,SUCCESS,0,1,,,,,,,,,,,,used,,,,20260906-2111
2026-09-06 21:35:30,EHAUSM-I,C8T1S5I8N5K,1,3,0.000200,0.000,0.100,47416411,47133,40,1252,1293,0,0,0,2031329,30941,1952776,0,0.432510,0.000000,0.000000,2623,0,1295.94,0,0,0,0,SUCCESS,0,1,,,,,,,,,,,,used,,,,20260906-2111
2026-09-06 21:35:33,EHAUSM-I,C8T1S5I8N5K,1,4,0.000200,0.000,0.100,47416411,47133,40,1254,1294,0,0,0,2031329,30941,1952776,0,0.432510,0.000000,0.000000,2623,0,1308.34,0,0,0,0,SUCCESS,0,1,,,,,,,,,,,,used,,,,20260906-2111
2026-09-06 21:35:36,EHAUSM-I,C8T1S5I8N5K,1,5,0.000200,0.000,0.100,47416411,47133,39,1254,1293,0,0,0,2031329,30941,1952776,0,0.432510,0.000000,0.000000,2623,0,1296.31,0,0,0,0,SUCCESS,0,1,,,,,,,,,,,,used,,,,20260906-2111
2026-09-06 21:35:39,EHAUSM-I,C8T1S5I8N5K,1,6,0.000200,0.000,0.100,47416411,47133,40,1254,1294,0,0,0,2031329,30941,1952776,0,0.432510,0.000000,0.000000,2623,0,1352.15,0,0,0,0,SUCCESS,0,1,,,,,,,,,,,,used,,,,20260906-2111
2026-09-06 21:35:41,EHAUSM-I,C8T1S5I8N5K,1,7,0.000200,0.000,0.100,47416411,47133,40,1250,1290,0,0,0,2031329,30941,1952776,0,0.432510,0.000000,0.000000,2623,0,1291.19,0,0,0,0,SUCCESS,0,1,,,,,,,,,,,,used,,,,20260906-2111
2026-09-06 21:35:44,EHAUSM-I,C8T1S5I8N5K,1,8,0.000200,0.000,0.100,47416411,47133,40,1253,1293,0,0,0,2031329,30941,1952776,0,0.432510,0.000000,0.000000,2623,0,1297.79,0,0,0,0,SUCCESS,0,1,,,,,,,,,,,,used,,,,20260906-2111
2026-09-06 21:35:47,EHAUSM-I,C8T1S5I8N5K,1,9,0.000200,0.000,0.100,47416411,47133,41,1256,1297,0,0,0,2031329,30941,1952776,0,0.432510,0.000000,0.000000,2623,0,1282.17,0,0,0,0,SUCCESS,0,1,,,,,,,,,,,,used,,,,20260906-2111
2026-09-06 21:35:53,Pre-HAUSPM,C8T1S5I8N5K,1,0,0.000200,0.200,0.100,47416411,47133,2,2976,2978,0,0,0,19323837,0,19169868,0,0.000000,0.000000,0.000000,2623,51786,197.17,0,0,0,0,SUCCESS,0,2,,,,,,1,0,9398114,1521,,,used,,,,20260906-2111
2026-09-06 21:35:59,Pre-HAUSPM,C8T1S5I8N5K,1,1,0.000200,0.200,0.100,47416411,47133,2,2964,2966,0,0,0,19323837,0,19169868,0,0.000000,0.000000,0.000000,2623,51786,2161.80,0,0,0,0,SUCCESS,0,2,,,,,,1,0,9398114,1521,,,used,,,,20260906-2111
2026-09-06 21:36:05,Pre-HAUSPM,C8T1S5I8N5K,1,2,0.000200,0.200,0.100,47416411,47133,2,3068,3070,0,0,0,19323837,0,19169868,0,0.000000,0.000000,0.000000,2623,51786,292.94,0,0,0,0,SUCCESS,0,2,,,,,,1,0,9398114,1521,,,used,,,,20260906-2111
2026-09-06 21:36:11,Pre-HAUSPM,C8T1S5I8N5K,1,3,0.000200,0.200,0.100,47416411,47133,1,2993,2995,0,0,0,19323837,0,19169868,0,0.000000,0.000000,0.000000,2623,51786,415.00,0,0,0,0,SUCCESS,0,2,,,,,,1,0,9398114,1521,,,used,,,,20260906-2111
2026-09-06 21:36:17,Pre-HAUSPM,C8T1S5I8N5K,1,4,0.000200,0.200,0.100,47416411,47133,1,3001,3003,0,0,0,19323837,0,19169868,0,0.000000,0.000000,0.000000,2623,51786,322.42,0,0,0,0,SUCCESS,0,2,,,,,,1,0,9398114,1521,,,used,,,,20260906-2111
2026-09-06 21:36:23,Pre-HAUSPM,C8T1S5I8N5K,1,5,0.000200,0.200,0.100,47416411,47133,1,2967,2969,0,0,0,19323837,0,19169868,0,0.000000,0.000000,0.000000,2623,51786,1282.83,0,0,0,0,SUCCESS,0,2,,,,,,1,0,9398114,1521,,,used,,,,20260906-2111
2026-09-06 21:36:29,Pre-HAUSPM,C8T1S5I8N5K,1,6,0.000200,0.200,0.100,47416411,47133,1,3021,3023,0,0,0,19323837,0,19169868,0,0.000000,0.000000,0.000000,2623,51786,843.65,0,0,0,0,SUCCESS,0,2,,,,,,1,0,9398114,1521,,,used,,,,20260906-2111
2026-09-06 21:36:35,Pre-HAUSPM,C8T1S5I8N5K,1,7,0.000200,0.200,0.100,47416411,47133,2,2993,2995,0,0,0,19323837,0,19169868,0,0.000000,0.000000,0.000000,2623,51786,226.48,0,0,0,0,SUCCESS,0,2,,,,,,1,0,9398114,1521,,,used,,,,20260906-2111
2026-09-06 21:36:41,Pre-HAUSPM,C8T1S5I8N5K,1,8,0.000200,0.200,0.100,47416411,47133,1,2969,2971,0,0,0,19323837,0,19169868,0,0.000000,0.000000,0.000000,2623,51786,1283.83,0,0,0,0,SUCCESS,0,2,,,,,,1,0,9398114,1521,,,used,,,,20260906-2111
2026-09-06 21:36:47,Pre-HAUSPM,C8T1S5I8N5K,1,9,0.000200,0.200,0.100,47416411,47133,2,3030,3032,0,0,0,19323837,0,19169868,0,0.000000,0.000000,0.000000,2623,51786,981.29,0,0,0,0,SUCCESS,0,2,,,,,,1,0,9398114,1521,,,used,,,,20260906-2111
2026-09-06 21:36:49,HAUSP-UB,C8T1S5I8N5K,1,0,0.000200,0.000,0.100,47416411,47133,66,912,979,4,43,35,1906734,46615,1799929,12578,0.000000,0.208598,0.219840,2623,0,1023.34,1870891,1869456,2118,68240,SUCCESS,91130,3,,341504,22186560,155545888,21701248,,,,,12577,15674,used,,,,20260906-2111
2026-09-06 21:36:51,HAUSP-UB,C8T1S5I8N5K,1,1,0.000200,0.000,0.100,47416411,47133,67,885,952,4,43,35,1906734,46615,1799929,12578,0.000000,0.208598,0.219840,2623,0,916.57,1870891,1869456,2118,68240,SUCCESS,91130,3,,350464,22186560,155545888,21701248,,,,,12577,15674,used,,,,20260906-2111
2026-09-06 21:36:53,HAUSP-UB,C8T1S5I8N5K,1,2,0.000200,0.000,0.100,47416411,47133,66,877,943,4,43,35,1906734,46615,1799929,12578,0.000000,0.208598,0.219840,2623,0,854.34,1870891,1869456,2118,68240,SUCCESS,91130,3,,350464,22186560,155545888,21701248,,,,,12577,15674,used,,,,20260906-2111
2026-09-06 21:36:56,HAUSP-UB,C8T1S5I8N5K,1,3,0.000200,0.000,0.100,47416411,47133,68,943,1011,4,43,35,1906734,46615,1799929,12578,0.000000,0.208598,0.219840,2623,0,976.26,1870891,1869456,2118,68240,SUCCESS,91130,3,,341504,22186560,155545888,21701248,,,,,12577,15674,used,,,,20260906-2111
2026-09-06 21:36:58,HAUSP-UB,C8T1S5I8N5K,1,4,0.000200,0.000,0.100,47416411,47133,68,895,963,4,43,35,1906734,46615,1799929,12578,0.000000,0.208598,0.219840,2623,0,915.87,1870891,1869456,2118,68240,SUCCESS,91130,3,,350464,22186560,155545888,21701248,,,,,12577,15674,used,,,,20260906-2111
2026-09-06 21:37:00,HAUSP-UB,C8T1S5I8N5K,1,5,0.000200,0.000,0.100,47416411,47133,66,876,942,4,43,35,1906734,46615,1799929,12578,0.000000,0.208598,0.219840,2623,0,855.60,1870891,1869456,2118,68240,SUCCESS,91130,3,,350464,22186560,155545888,21701248,,,,,12577,15674,used,,,,20260906-2111
2026-09-06 21:37:03,HAUSP-UB,C8T1S5I8N5K,1,6,0.000200,0.000,0.100,47416411,47133,67,921,989,4,43,35,1906734,46615,1799929,12578,0.000000,0.208598,0.219840,2623,0,954.50,1870891,1869456,2118,68240,SUCCESS,91130,3,,350464,22186560,155545888,21701248,,,,,12577,15674,used,,,,20260906-2111
2026-09-06 21:37:05,HAUSP-UB,C8T1S5I8N5K,1,7,0.000200,0.000,0.100,47416411,47133,67,904,971,4,43,35,1906734,46615,1799929,12578,0.000000,0.208598,0.219840,2623,0,916.72,1870891,1869456,2118,68240,SUCCESS,91130,3,,350464,22186560,155545888,21701248,,,,,12577,15674,used,,,,20260906-2111
2026-09-06 21:37:07,HAUSP-UB,C8T1S5I8N5K,1,8,0.000200,0.000,0.100,47416411,47133,66,875,941,4,43,35,1906734,46615,1799929,12578,0.000000,0.208598,0.219840,2623,0,856.26,1870891,1869456,2118,68240,SUCCESS,91130,3,,350464,22186560,155545888,21701248,,,,,12577,15674,used,,,,20260906-2111
2026-09-06 21:37:09,HAUSP-UB,C8T1S5I8N5K,1,9,0.000200,0.000,0.100,47416411,47133,67,924,992,4,43,35,1906734,46615,1799929,12578,0.000000,0.208598,0.219840,2623,0,958.21,1870891,1869456,2118,68240,SUCCESS,91130,3,,350464,22186560,155545888,21701248,,,,,12577,15674,used,,,,20260906-2111
2026-09-06 21:37:12,HAUSP-UB,C8T1S5I8N5K,1,10,0.000200,0.000,0.100,47416411,47133,67,950,1017,4,43,35,1906734,46615,1799929,12578,0.000000,0.208598,0.219840,2623,0,916.85,1870891,1869456,2118,68240,SUCCESS,91130,3,,350464,22186560,155545888,21701248,,,,,12577,15674,used,,,,20260906-2111
2026-09-06 21:37:14,HAUSP-UB,C8T1S5I8N5K,1,11,0.000200,0.000,0.100,47416411,47133,66,874,941,4,43,35,1906734,46615,1799929,12578,0.000000,0.208598,0.219840,2623,0,855.30,1870891,1869456,2118,68240,SUCCESS,91130,3,,350464,22186560,155545888,21701248,,,,,12577,15674,used,,,,20260906-2111
2026-09-06 21:37:16,HAUSP-UB,C8T1S5I8N5K,1,12,0.000200,0.000,0.100,47416411,47133,67,915,982,4,43,35,1906734,46615,1799929,12578,0.000000,0.208598,0.219840,2623,0,954.31,1870891,1869456,2118,68240,SUCCESS,91130,3,,350464,22186560,155545888,21701248,,,,,12577,15674,used,,,,20260906-2111
2026-09-06 21:37:18,HAUSP-UB,C8T1S5I8N5K,1,13,0.000200,0.000,0.100,47416411,47133,67,884,951,4,43,35,1906734,46615,1799929,12578,0.000000,0.208598,0.219840,2623,0,914.82,1870891,1869456,2118,68240,SUCCESS,91130,3,,350464,22186560,155545888,21701248,,,,,12577,15674,used,,,,20260906-2111
2026-09-06 21:37:21,HAUSP-UB,C8T1S5I8N5K,1,14,0.000200,0.000,0.100,47416411,47133,66,900,967,4,43,35,1906734,46615,1799929,12578,0.000000,0.208598,0.219840,2623,0,854.96,1870891,1869456,2118,68240,SUCCESS,91130,3,,350464,22186560,155545888,21701248,,,,,12577,15674,used,,,,20260906-2111
2026-09-06 21:37:23,EHAUSM-R,C8T1S5I8N5K,1,0,0.000200,0.000,0.150,47416411,47133,83,1215,1299,0,0,0,3020056,30941,2941503,0,0.297580,0.000000,0.000000,2623,0,759.51,0,0,0,0,SUCCESS,0,0,,,,,,,,,,,,used,,,,20260906-2111
2026-09-06 21:37:24,EHAUSM-R,C8T1S5I8N5K,1,1,0.000200,0.000,0.150,47416411,47133,84,1214,1298,0,0,0,3020056,30941,2941503,0,0.297580,0.000000,0.000000,2623,0,250.19,0,0,0,0,SUCCESS,0,0,,,,,,,,,,,,used,,,,20260906-2111
2026-09-06 21:37:26,EHAUSM-R,C8T1S5I8N5K,1,2,0.000200,0.000,0.150,47416411,47133,83,1209,1293,0,0,0,3020056,30941,2941503,0,0.297580,0.000000,0.000000,2623,0,486.79,0,0,0,0,SUCCESS,0,0,,,,,,,,,,,,used,,,,20260906-2111
2026-09-06 21:37:27,EHAUSM-R,C8T1S5I8N5K,1,3,0.000200,0.000,0.150,47416411,47133,83,1208,1291,0,0,0,3020056,30941,2941503,0,0.297580,0.000000,0.000000,2623,0,486.39,0,0,0,0,SUCCESS,0,0,,,,,,,,,,,,used,,,,20260906-2111
2026-09-06 21:37:29,EHAUSM-R,C8T1S5I8N5K,1,4,0.000200,0.000,0.150,47416411,47133,84,1209,1293,0,0,0,3020056,30941,2941503,0,0.297580,0.000000,0.000000,2623,0,487.05,0,0,0,0,SUCCESS,0,0,,,,,,,,,,,,used,,,,20260906-2111
2026-09-06 21:37:30,EHAUSM-R,C8T1S5I8N5K,1,5,0.000200,0.000,0.150,47416411,47133,81,1208,1290,0,0,0,3020056,30941,2941503,0,0.297580,0.000000,0.000000,2623,0,447.63,0,0,0,0,SUCCESS,0,0,,,,,,,,,,,,used,,,,20260906-2111
2026-09-06 21:37:32,EHAUSM-R,C8T1S5I8N5K,1,6,0.000200,0.000,0.150,47416411,47133,81,1209,1291,0,0,0,3020056,30941,2941503,0,0.297580,0.000000,0.000000,2623,0,302.65,0,0,0,0,SUCCESS,0,0,,,,,,,,,,,,used,,,,20260906-2111
2026-09-06 21:37:33,EHAUSM-R,C8T1S5I8N5K,1,7,0.000200,0.000,0.150,47416411,47133,81,1205,1287,0,0,0,3020056,30941,2941503,0,0.297580,0.000000,0.000000,2623,0,258.56,0,0,0,0,SUCCESS,0,0,,,,,,,,,,,,used,,,,20260906-2111
2026-09-06 21:37:35,EHAUSM-R,C8T1S5I8N5K,1,8,0.000200,0.000,0.150,47416411,47133,83,1208,1292,0,0,0,3020056,30941,2941503,0,0.297580,0.000000,0.000000,2623,0,463.11,0,0,0,0,SUCCESS,0,0,,,,,,,,,,,,used,,,,20260906-2111
2026-09-06 21:37:36,EHAUSM-R,C8T1S5I8N5K,1,9,0.000200,0.000,0.150,47416411,47133,84,1209,1293,0,0,0,3020056,30941,2941503,0,0.297580,0.000000,0.000000,2623,0,301.87,0,0,0,0,SUCCESS,0,0,,,,,,,,,,,,used,,,,20260906-2111
2026-09-06 21:37:39,EHAUSM-I,C8T1S5I8N5K,1,0,0.000200,0.000,0.150,47416411,47133,40,1268,1309,0,0,0,2031329,30941,1952776,0,0.432510,0.000000,0.000000,2623,0,1854.51,0,0,0,0,SUCCESS,0,1,,,,,,,,,,,,used,,,,20260906-2111
2026-09-06 21:37:42,EHAUSM-I,C8T1S5I8N5K,1,1,0.000200,0.000,0.150,47416411,47133,41,1263,1305,0,0,0,2031329,30941,1952776,0,0.432510,0.000000,0.000000,2623,0,1446.26,0,0,0,0,SUCCESS,0,1,,,,,,,,,,,,used,,,,20260906-2111
2026-09-06 21:37:45,EHAUSM-I,C8T1S5I8N5K,1,2,0.000200,0.000,0.150,47416411,47133,40,1252,1293,0,0,0,2031329,30941,1952776,0,0.432510,0.000000,0.000000,2623,0,1434.43,0,0,0,0,SUCCESS,0,1,,,,,,,,,,,,used,,,,20260906-2111
2026-09-06 21:37:48,EHAUSM-I,C8T1S5I8N5K,1,3,0.000200,0.000,0.150,47416411,47133,40,1259,1300,0,0,0,2031329,30941,1952776,0,0.432510,0.000000,0.000000,2623,0,1439.47,0,0,0,0,SUCCESS,0,1,,,,,,,,,,,,used,,,,20260906-2111
2026-09-06 21:37:50,EHAUSM-I,C8T1S5I8N5K,1,4,0.000200,0.000,0.150,47416411,47133,40,1268,1308,0,0,0,2031329,30941,1952776,0,0.432510,0.000000,0.000000,2623,0,1002.07,0,0,0,0,SUCCESS,0,1,,,,,,,,,,,,used,,,,20260906-2111
2026-09-06 21:37:53,EHAUSM-I,C8T1S5I8N5K,1,5,0.000200,0.000,0.150,47416411,47133,41,1254,1295,0,0,0,2031329,30941,1952776,0,0.432510,0.000000,0.000000,2623,0,1460.11,0,0,0,0,SUCCESS,0,1,,,,,,,,,,,,used,,,,20260906-2111
2026-09-06 21:37:56,EHAUSM-I,C8T1S5I8N5K,1,6,0.000200,0.000,0.150,47416411,47133,41,1255,1296,0,0,0,2031329,30941,1952776,0,0.432510,0.000000,0.000000,2623,0,1444.78,0,0,0,0,SUCCESS,0,1,,,,,,,,,,,,used,,,,20260906-2111
2026-09-06 21:37:59,EHAUSM-I,C8T1S5I8N5K,1,7,0.000200,0.000,0.150,47416411,47133,41,1256,1297,0,0,0,2031329,30941,1952776,0,0.432510,0.000000,0.000000,2623,0,1458.22,0,0,0,0,SUCCESS,0,1,,,,,,,,,,,,used,,,,20260906-2111
2026-09-06 21:38:02,EHAUSM-I,C8T1S5I8N5K,1,8,0.000200,0.000,0.150,47416411,47133,39,1264,1304,0,0,0,2031329,30941,1952776,0,0.432510,0.000000,0.000000,2623,0,994.75,0,0,0,0,SUCCESS,0,1,,,,,,,,,,,,used,,,,20260906-2111
2026-09-06 21:38:04,EHAUSM-I,C8T1S5I8N5K,1,9,0.000200,0.000,0.150,47416411,47133,41,1254,1296,0,0,0,2031329,30941,1952776,0,0.432510,0.000000,0.000000,2623,0,1437.24,0,0,0,0,SUCCESS,0,1,,,,,,,,,,,,used,,,,20260906-2111
2026-09-06 21:38:10,Pre-HAUSPM,C8T1S5I8N5K,1,0,0.000200,0.200,0.150,47416411,47133,2,2974,2976,0,0,0,19323837,0,19169868,0,0.000000,0.000000,0.000000,2623,51786,907.62,0,0,0,0,SUCCESS,0,2,,,,,,1,0,9398114,1521,,,used,,,,20260906-2111
2026-09-06 21:38:16,Pre-HAUSPM,C8T1S5I8N5K,1,1,0.000200,0.200,0.150,47416411,47133,2,2986,2988,0,0,0,19323837,0,19169868,0,0.000000,0.000000,0.000000,2623,51786,555.24,0,0,0,0,SUCCESS,0,2,,,,,,1,0,9398114,1521,,,used,,,,20260906-2111
2026-09-06 21:38:22,Pre-HAUSPM,C8T1S5I8N5K,1,2,0.000200,0.200,0.150,47416411,47133,1,2974,2976,0,0,0,19323837,0,19169868,0,0.000000,0.000000,0.000000,2623,51786,2281.37,0,0,0,0,SUCCESS,0,2,,,,,,1,0,9398114,1521,,,used,,,,20260906-2111
2026-09-06 21:38:28,Pre-HAUSPM,C8T1S5I8N5K,1,3,0.000200,0.200,0.150,47416411,47133,1,2999,3002,0,0,0,19323837,0,19169868,0,0.000000,0.000000,0.000000,2623,51786,660.64,0,0,0,0,SUCCESS,0,2,,,,,,1,0,9398114,1521,,,used,,,,20260906-2111
2026-09-06 21:38:35,Pre-HAUSPM,C8T1S5I8N5K,1,4,0.000200,0.200,0.150,47416411,47133,1,3123,3125,0,0,0,19323837,0,19169868,0,0.000000,0.000000,0.000000,2623,51786,1279.65,0,0,0,0,SUCCESS,0,2,,,,,,1,0,9398114,1521,,,used,,,,20260906-2111
2026-09-06 21:38:40,Pre-HAUSPM,C8T1S5I8N5K,1,5,0.000200,0.200,0.150,47416411,47133,1,3009,3011,0,0,0,19323837,0,19169868,0,0.000000,0.000000,0.000000,2623,51786,518.96,0,0,0,0,SUCCESS,0,2,,,,,,1,0,9398114,1521,,,used,,,,20260906-2111
2026-09-06 21:38:47,Pre-HAUSPM,C8T1S5I8N5K,1,6,0.000200,0.200,0.150,47416411,47133,1,3126,3128,0,0,0,19323837,0,19169868,0,0.000000,0.000000,0.000000,2623,51786,1265.48,0,0,0,0,SUCCESS,0,2,,,,,,1,0,9398114,1521,,,used,,,,20260906-2111
2026-09-06 21:38:53,Pre-HAUSPM,C8T1S5I8N5K,1,7,0.000200,0.200,0.150,47416411,47133,1,3003,3005,0,0,0,19323837,0,19169868,0,0.000000,0.000000,0.000000,2623,51786,244.33,0,0,0,0,SUCCESS,0,2,,,,,,1,0,9398114,1521,,,used,,,,20260906-2111
2026-09-06 21:38:59,Pre-HAUSPM,C8T1S5I8N5K,1,8,0.000200,0.200,0.150,47416411,47133,2,3035,3037,0,0,0,19323837,0,19169868,0,0.000000,0.000000,0.000000,2623,51786,720.83,0,0,0,0,SUCCESS,0,2,,,,,,1,0,9398114,1521,,,used,,,,20260906-2111
2026-09-06 21:39:05,Pre-HAUSPM,C8T1S5I8N5K,1,9,0.000200,0.200,0.150,47416411,47133,1,3031,3033,0,0,0,19323837,0,19169868,0,0.000000,0.000000,0.000000,2623,51786,466.73,0,0,0,0,SUCCESS,0,2,,,,,,1,0,9398114,1521,,,used,,,,20260906-2111
2026-09-06 21:39:07,HAUSP-UB,C8T1S5I8N5K,1,0,0.000200,0.000,0.150,47416411,47133,66,885,952,4,43,35,1906734,46615,1799929,12578,0.000000,0.208598,0.219840,2623,0,1022.63,1870891,1869456,2118,68240,SUCCESS,91130,3,,350464,22186560,155545888,21701248,,,,,12577,15674,used,,,,20260906-2111
2026-09-06 21:39:09,HAUSP-UB,C8T1S5I8N5K,1,1,0.000200,0.000,0.150,47416411,47133,68,912,981,4,43,35,1906734,46615,1799929,12578,0.000000,0.208598,0.219840,2623,0,967.97,1870891,1869456,2118,68240,SUCCESS,91130,3,,350464,22186560,155545888,21701248,,,,,12577,15674,used,,,,20260906-2111
2026-09-06 21:39:11,HAUSP-UB,C8T1S5I8N5K,1,2,0.000200,0.000,0.150,47416411,47133,66,885,952,4,43,35,1906734,46615,1799929,12578,0.000000,0.208598,0.219840,2623,0,1022.37,1870891,1869456,2118,68240,SUCCESS,91130,3,,350464,22186560,155545888,21701248,,,,,12577,15674,used,,,,20260906-2111
2026-09-06 21:39:14,HAUSP-UB,C8T1S5I8N5K,1,3,0.000200,0.000,0.150,47416411,47133,69,909,979,4,43,35,1906734,46615,1799929,12578,0.000000,0.208598,0.219840,2623,0,1019.29,1870891,1869456,2118,68240,SUCCESS,91130,3,,350464,22186560,155545888,21701248,,,,,12577,15674,used,,,,20260906-2111
2026-09-06 21:39:16,HAUSP-UB,C8T1S5I8N5K,1,4,0.000200,0.000,0.150,47416411,47133,67,895,962,4,43,35,1906734,46615,1799929,12578,0.000000,0.208598,0.219840,2623,0,967.28,1870891,1869456,2118,68240,SUCCESS,91130,3,,350464,22186560,155545888,21701248,,,,,12577,15674,used,,,,20260906-2111
2026-09-06 21:39:18,HAUSP-UB,C8T1S5I8N5K,1,5,0.000200,0.000,0.150,47416411,47133,66,874,940,4,43,35,1906734,46615,1799929,12578,0.000000,0.208598,0.219840,2623,0,1023.37,1870891,1869456,2118,68240,SUCCESS,91130,3,,350464,22186560,155545888,21701248,,,,,12577,15674,used,,,,20260906-2111
2026-09-06 21:39:20,HAUSP-UB,C8T1S5I8N5K,1,6,0.000200,0.000,0.150,47416411,47133,67,894,961,4,43,35,1906734,46615,1799929,12578,0.000000,0.208598,0.219840,2623,0,968.50,1870891,1869456,2118,68240,SUCCESS,91130,3,,350464,22186560,155545888,21701248,,,,,12577,15674,used,,,,20260906-2111
2026-09-06 21:39:23,HAUSP-UB,C8T1S5I8N5K,1,7,0.000200,0.000,0.150,47416411,47133,66,880,946,4,43,35,1906734,46615,1799929,12578,0.000000,0.208598,0.219840,2623,0,1023.27,1870891,1869456,2118,68240,SUCCESS,91130,3,,350464,22186560,155545888,21701248,,,,,12577,15674,used,,,,20260906-2111
2026-09-06 21:39:25,HAUSP-UB,C8T1S5I8N5K,1,8,0.000200,0.000,0.150,47416411,47133,67,910,978,4,43,35,1906734,46615,1799929,12578,0.000000,0.208598,0.219840,2623,0,967.59,1870891,1869456,2118,68240,SUCCESS,91130,3,,350464,22186560,155545888,21701248,,,,,12577,15674,used,,,,20260906-2111
2026-09-06 21:39:27,HAUSP-UB,C8T1S5I8N5K,1,9,0.000200,0.000,0.150,47416411,47133,66,872,938,4,43,35,1906734,46615,1799929,12578,0.000000,0.208598,0.219840,2623,0,1023.27,1870891,1869456,2118,68240,SUCCESS,91130,3,,350464,22186560,155545888,21701248,,,,,12577,15674,used,,,,20260906-2111
2026-09-06 21:39:29,HAUSP-UB,C8T1S5I8N5K,1,10,0.000200,0.000,0.150,47416411,47133,67,933,1000,4,43,35,1906734,46615,1799929,12578,0.000000,0.208598,0.219840,2623,0,967.59,1870891,1869456,2118,68240,SUCCESS,91130,3,,350464,22186560,155545888,21701248,,,,,12577,15674,used,,,,20260906-2111
2026-09-06 21:39:32,HAUSP-UB,C8T1S5I8N5K,1,11,0.000200,0.000,0.150,47416411,47133,67,872,940,4,43,35,1906734,46615,1799929,12578,0.000000,0.208598,0.219840,2623,0,1022.65,1870891,1869456,2118,68240,SUCCESS,91130,3,,350464,22186560,155545888,21701248,,,,,12577,15674,used,,,,20260906-2111
2026-09-06 21:39:34,HAUSP-UB,C8T1S5I8N5K,1,12,0.000200,0.000,0.150,47416411,47133,67,952,1019,4,43,35,1906734,46615,1799929,12578,0.000000,0.208598,0.219840,2623,0,966.66,1870891,1869456,2118,68240,SUCCESS,91130,3,,350464,22186560,155545888,21701248,,,,,12577,15674,used,,,,20260906-2111
2026-09-06 21:39:36,HAUSP-UB,C8T1S5I8N5K,1,13,0.000200,0.000,0.150,47416411,47133,67,928,995,4,43,35,1906734,46615,1799929,12578,0.000000,0.208598,0.219840,2623,0,1022.29,1870891,1869456,2118,68240,SUCCESS,91130,3,,350464,22186560,155545888,21701248,,,,,12577,15674,used,,,,20260906-2111
2026-09-06 21:39:39,HAUSP-UB,C8T1S5I8N5K,1,14,0.000200,0.000,0.150,47416411,47133,67,923,991,4,43,35,1906734,46615,1799929,12578,0.000000,0.208598,0.219840,2623,0,969.51,1870891,1869456,2118,68240,SUCCESS,91130,3,,350464,22186560,155545888,21701248,,,,,12577,15674,used,,,,20260906-2111
2026-09-06 21:39:41,EHAUSM-R,C8T1S5I8N5K,1,0,0.000200,0.000,0.200,47416411,47133,78,1207,1286,0,0,0,3020056,30941,2941503,0,0.297580,0.000000,0.000000,2623,0,600.75,0,0,0,0,SUCCESS,0,0,,,,,,,,,,,,used,,,,20260906-2111
2026-09-06 21:39:42,EHAUSM-R,C8T1S5I8N5K,1,1,0.000200,0.000,0.200,47416411,47133,83,1208,1291,0,0,0,3020056,30941,2941503,0,0.297580,0.000000,0.000000,2623,0,486.23,0,0,0,0,SUCCESS,0,0,,,,,,,,,,,,used,,,,20260906-2111
2026-09-06 21:39:44,EHAUSM-R,C8T1S5I8N5K,1,2,0.000200,0.000,0.200,47416411,47133,81,1209,1290,0,0,0,3020056,30941,2941503,0,0.297580,0.000000,0.000000,2623,0,485.51,0,0,0,0,SUCCESS,0,0,,,,,,,,,,,,used,,,,20260906-2111
2026-09-06 21:39:45,EHAUSM-R,C8T1S5I8N5K,1,3,0.000200,0.000,0.200,47416411,47133,83,1209,1293,0,0,0,3020056,30941,2941503,0,0.297580,0.000000,0.000000,2623,0,486.65,0,0,0,0,SUCCESS,0,0,,,,,,,,,,,,used,,,,20260906-2111
2026-09-06 21:39:47,EHAUSM-R,C8T1S5I8N5K,1,4,0.000200,0.000,0.200,47416411,47133,84,1211,1296,0,0,0,3020056,30941,2941503,0,0.297580,0.000000,0.000000,2623,0,486.40,0,0,0,0,SUCCESS,0,0,,,,,,,,,,,,used,,,,20260906-2111
2026-09-06 21:39:48,EHAUSM-R,C8T1S5I8N5K,1,5,0.000200,0.000,0.200,47416411,47133,82,1215,1297,0,0,0,3020056,30941,2941503,0,0.297580,0.000000,0.000000,2623,0,486.04,0,0,0,0,SUCCESS,0,0,,,,,,,,,,,,used,,,,20260906-2111
2026-09-06 21:39:50,EHAUSM-R,C8T1S5I8N5K,1,6,0.000200,0.000,0.200,47416411,47133,84,1210,1294,0,0,0,3020056,30941,2941503,0,0.297580,0.000000,0.000000,2623,0,486.04,0,0,0,0,SUCCESS,0,0,,,,,,,,,,,,used,,,,20260906-2111
2026-09-06 21:39:51,EHAUSM-R,C8T1S5I8N5K,1,7,0.000200,0.000,0.200,47416411,47133,82,1207,1290,0,0,0,3020056,30941,2941503,0,0.297580,0.000000,0.000000,2623,0,486.81,0,0,0,0,SUCCESS,0,0,,,,,,,,,,,,used,,,,20260906-2111
2026-09-06 21:39:53,EHAUSM-R,C8T1S5I8N5K,1,8,0.000200,0.000,0.200,47416411,47133,82,1207,1290,0,0,0,3020056,30941,2941503,0,0.297580,0.000000,0.000000,2623,0,486.61,0,0,0,0,SUCCESS,0,0,,,,,,,,,,,,used,,,,20260906-2111
2026-09-06 21:39:54,EHAUSM-R,C8T1S5I8N5K,1,9,0.000200,0.000,0.200,47416411,47133,84,1210,1295,0,0,0,3020056,30941,2941503,0,0.297580,0.000000,0.000000,2623,0,486.13,0,0,0,0,SUCCESS,0,0,,,,,,,,,,,,used,,,,20260906-2111
2026-09-06 21:39:57,EHAUSM-I,C8T1S5I8N5K,1,0,0.000200,0.000,0.200,47416411,47133,41,1256,1297,0,0,0,2031329,30941,1952776,0,0.432510,0.000000,0.000000,2623,0,448.08,0,0,0,0,SUCCESS,0,1,,,,,,,,,,,,used,,,,20260906-2111
2026-09-06 21:40:00,EHAUSM-I,C8T1S5I8N5K,1,1,0.000200,0.000,0.200,47416411,47133,41,1243,1284,0,0,0,2031329,30941,1952776,0,0.432510,0.000000,0.000000,2623,0,1784.60,0,0,0,0,SUCCESS,0,1,,,,,,,,,,,,used,,,,20260906-2111
2026-09-06 21:40:03,EHAUSM-I,C8T1S5I8N5K,1,2,0.000200,0.000,0.200,47416411,47133,38,1244,1283,0,0,0,2031329,30941,1952776,0,0.432510,0.000000,0.000000,2623,0,1667.12,0,0,0,0,SUCCESS,0,1,,,,,,,,,,,,used,,,,20260906-2111
2026-09-06 21:40:06,EHAUSM-I,C8T1S5I8N5K,1,3,0.000200,0.000,0.200,47416411,47133,39,1239,1279,0,0,0,2031329,30941,1952776,0,0.432510,0.000000,0.000000,2623,0,1665.65,0,0,0,0,SUCCESS,0,1,,,,,,,,,,,,used,,,,20260906-2111
2026-09-06 21:40:08,EHAUSM-I,C8T1S5I8N5K,1,4,0.000200,0.000,0.200,47416411,47133,38,1241,1279,0,0,0,2031329,30941,1952776,0,0.432510,0.000000,0.000000,2623,0,1679.83,0,0,0,0,SUCCESS,0,1,,,,,,,,,,,,used,,,,20260906-2111
2026-09-06 21:40:11,EHAUSM-I,C8T1S5I8N5K,1,5,0.000200,0.000,0.200,47416411,47133,40,1237,1277,0,0,0,2031329,30941,1952776,0,0.432510,0.000000,0.000000,2623,0,1675.54,0,0,0,0,SUCCESS,0,1,,,,,,,,,,,,used,,,,20260906-2111
2026-09-06 21:40:14,EHAUSM-I,C8T1S5I8N5K,1,6,0.000200,0.000,0.200,47416411,47133,40,1237,1277,0,0,0,2031329,30941,1952776,0,0.432510,0.000000,0.000000,2623,0,1660.04,0,0,0,0,SUCCESS,0,1,,,,,,,,,,,,used,,,,20260906-2111
2026-09-06 21:40:17,EHAUSM-I,C8T1S5I8N5K,1,7,0.000200,0.000,0.200,47416411,47133,39,1239,1279,0,0,0,2031329,30941,1952776,0,0.432510,0.000000,0.000000,2623,0,1668.93,0,0,0,0,SUCCESS,0,1,,,,,,,,,,,,used,,,,20260906-2111
2026-09-06 21:40:20,EHAUSM-I,C8T1S5I8N5K,1,8,0.000200,0.000,0.200,47416411,47133,39,1238,1278,0,0,0,2031329,30941,1952776,0,0.432510,0.000000,0.000000,2623,0,1664.82,0,0,0,0,SUCCESS,0,1,,,,,,,,,,,,used,,,,20260906-2111
2026-09-06 21:40:22,EHAUSM-I,C8T1S5I8N5K,1,9,0.000200,0.000,0.200,47416411,47133,40,1236,1276,0,0,0,2031329,30941,1952776,0,0.432510,0.000000,0.000000,2623,0,1665.17,0,0,0,0,SUCCESS,0,1,,,,,,,,,,,,used,,,,20260906-2111
2026-09-06 21:40:28,Pre-HAUSPM,C8T1S5I8N5K,1,0,0.000200,0.200,0.200,47416411,47133,1,2967,2969,0,0,0,19323837,0,19169868,0,0.000000,0.000000,0.000000,2623,51786,208.28,0,0,0,0,SUCCESS,0,2,,,,,,1,0,9398114,1521,,,used,,,,20260906-2111
2026-09-06 21:40:34,Pre-HAUSPM,C8T1S5I8N5K,1,1,0.000200,0.200,0.200,47416411,47133,2,2964,2966,0,0,0,19323837,0,19169868,0,0.000000,0.000000,0.000000,2623,51786,981.65,0,0,0,0,SUCCESS,0,2,,,,,,1,0,9398114,1521,,,used,,,,20260906-2111
2026-09-06 21:40:40,Pre-HAUSPM,C8T1S5I8N5K,1,2,0.000200,0.200,0.200,47416411,47133,1,2960,2962,0,0,0,19323837,0,19169868,0,0.000000,0.000000,0.000000,2623,51786,2149.00,0,0,0,0,SUCCESS,0,2,,,,,,1,0,9398114,1521,,,used,,,,20260906-2111
2026-09-06 21:40:46,Pre-HAUSPM,C8T1S5I8N5K,1,3,0.000200,0.200,0.200,47416411,47133,2,2963,2965,0,0,0,19323837,0,19169868,0,0.000000,0.000000,0.000000,2623,51786,982.24,0,0,0,0,SUCCESS,0,2,,,,,,1,0,9398114,1521,,,used,,,,20260906-2111
2026-09-06 21:40:52,Pre-HAUSPM,C8T1S5I8N5K,1,4,0.000200,0.200,0.200,47416411,47133,1,2958,2960,0,0,0,19323837,0,19169868,0,0.000000,0.000000,0.000000,2623,51786,2148.31,0,0,0,0,SUCCESS,0,2,,,,,,1,0,9398114,1521,,,used,,,,20260906-2111
2026-09-06 21:40:58,Pre-HAUSPM,C8T1S5I8N5K,1,5,0.000200,0.200,0.200,47416411,47133,2,2962,2964,0,0,0,19323837,0,19169868,0,0.000000,0.000000,0.000000,2623,51786,983.98,0,0,0,0,SUCCESS,0,2,,,,,,1,0,9398114,1521,,,used,,,,20260906-2111
2026-09-06 21:41:04,Pre-HAUSPM,C8T1S5I8N5K,1,6,0.000200,0.200,0.200,47416411,47133,2,2966,2968,0,0,0,19323837,0,19169868,0,0.000000,0.000000,0.000000,2623,51786,2151.74,0,0,0,0,SUCCESS,0,2,,,,,,1,0,9398114,1521,,,used,,,,20260906-2111
2026-09-06 21:41:10,Pre-HAUSPM,C8T1S5I8N5K,1,7,0.000200,0.200,0.200,47416411,47133,1,2969,2971,0,0,0,19323837,0,19169868,0,0.000000,0.000000,0.000000,2623,51786,984.39,0,0,0,0,SUCCESS,0,2,,,,,,1,0,9398114,1521,,,used,,,,20260906-2111
2026-09-06 21:41:16,Pre-HAUSPM,C8T1S5I8N5K,1,8,0.000200,0.200,0.200,47416411,47133,1,2963,2965,0,0,0,19323837,0,19169868,0,0.000000,0.000000,0.000000,2623,51786,2150.53,0,0,0,0,SUCCESS,0,2,,,,,,1,0,9398114,1521,,,used,,,,20260906-2111
2026-09-06 21:41:22,Pre-HAUSPM,C8T1S5I8N5K,1,9,0.000200,0.200,0.200,47416411,47133,2,2963,2965,0,0,0,19323837,0,19169868,0,0.000000,0.000000,0.000000,2623,51786,1045.66,0,0,0,0,SUCCESS,0,2,,,,,,1,0,9398114,1521,,,used,,,,20260906-2111
2026-09-06 21:41:24,HAUSP-UB,C8T1S5I8N5K,1,0,0.000200,0.000,0.200,47416411,47133,67,904,972,4,43,35,1906734,46615,1799929,12578,0.000000,0.208598,0.219840,2623,0,1021.87,1870891,1869456,2118,68240,SUCCESS,91130,3,,341504,22186560,155545888,21701248,,,,,12577,15674,used,,,,20260906-2111
2026-09-06 21:41:27,HAUSP-UB,C8T1S5I8N5K,1,1,0.000200,0.000,0.200,47416411,47133,67,896,963,4,43,35,1906734,46615,1799929,12578,0.000000,0.208598,0.219840,2623,0,918.34,1870891,1869456,2118,68240,SUCCESS,91130,3,,350464,22186560,155545888,21701248,,,,,12577,15674,used,,,,20260906-2111
2026-09-06 21:41:29,HAUSP-UB,C8T1S5I8N5K,1,2,0.000200,0.000,0.200,47416411,47133,66,902,968,4,43,35,1906734,46615,1799929,12578,0.000000,0.208598,0.219840,2623,0,854.67,1870891,1869456,2118,68240,SUCCESS,91130,3,,350464,22186560,155545888,21701248,,,,,12577,15674,used,,,,20260906-2111
2026-09-06 21:41:31,HAUSP-UB,C8T1S5I8N5K,1,3,0.000200,0.000,0.200,47416411,47133,67,906,973,4,43,35,1906734,46615,1799929,12578,0.000000,0.208598,0.219840,2623,0,919.59,1870891,1869456,2118,68240,SUCCESS,91130,3,,350464,22186560,155545888,21701248,,,,,12577,15674,used,,,,20260906-2111
2026-09-06 21:41:33,HAUSP-UB,C8T1S5I8N5K,1,4,0.000200,0.000,0.200,47416411,47133,65,901,967,4,43,35,1906734,46615,1799929,12578,0.000000,0.208598,0.219840,2623,0,855.36,1870891,1869456,2118,68240,SUCCESS,91130,3,,350464,22186560,155545888,21701248,,,,,12577,15674,used,,,,20260906-2111
2026-09-06 21:41:36,HAUSP-UB,C8T1S5I8N5K,1,5,0.000200,0.000,0.200,47416411,47133,67,904,972,4,43,35,1906734,46615,1799929,12578,0.000000,0.208598,0.219840,2623,0,927.82,1870891,1869456,2118,68240,SUCCESS,91130,3,,350464,22186560,155545888,21701248,,,,,12577,15674,used,,,,20260906-2111
2026-09-06 21:41:38,HAUSP-UB,C8T1S5I8N5K,1,6,0.000200,0.000,0.200,47416411,47133,67,898,965,4,43,35,1906734,46615,1799929,12578,0.000000,0.208598,0.219840,2623,0,855.27,1870891,1869456,2118,68240,SUCCESS,91130,3,,350464,22186560,155545888,21701248,,,,,12577,15674,used,,,,20260906-2111
2026-09-06 21:41:40,HAUSP-UB,C8T1S5I8N5K,1,7,0.000200,0.000,0.200,47416411,47133,67,905,972,4,43,35,1906734,46615,1799929,12578,0.000000,0.208598,0.219840,2623,0,927.25,1870891,1869456,2118,68240,SUCCESS,91130,3,,350464,22186560,155545888,21701248,,,,,12577,15674,used,,,,20260906-2111
2026-09-06 21:41:42,HAUSP-UB,C8T1S5I8N5K,1,8,0.000200,0.000,0.200,47416411,47133,66,898,965,4,43,35,1906734,46615,1799929,12578,0.000000,0.208598,0.219840,2623,0,855.18,1870891,1869456,2118,68240,SUCCESS,91130,3,,350464,22186560,155545888,21701248,,,,,12577,15674,used,,,,20260906-2111
2026-09-06 21:41:45,HAUSP-UB,C8T1S5I8N5K,1,9,0.000200,0.000,0.200,47416411,47133,67,928,995,4,43,35,1906734,46615,1799929,12578,0.000000,0.208598,0.219840,2623,0,926.51,1870891,1869456,2118,68240,SUCCESS,91130,3,,350464,22186560,155545888,21701248,,,,,12577,15674,used,,,,20260906-2111
2026-09-06 21:41:47,HAUSP-UB,C8T1S5I8N5K,1,10,0.000200,0.000,0.200,47416411,47133,66,911,978,4,43,35,1906734,46615,1799929,12578,0.000000,0.208598,0.219840,2623,0,854.84,1870891,1869456,2118,68240,SUCCESS,91130,3,,350464,22186560,155545888,21701248,,,,,12577,15674,used,,,,20260906-2111
2026-09-06 21:41:49,HAUSP-UB,C8T1S5I8N5K,1,11,0.000200,0.000,0.200,47416411,47133,67,894,961,4,43,35,1906734,46615,1799929,12578,0.000000,0.208598,0.219840,2623,0,973.60,1870891,1869456,2118,68240,SUCCESS,91130,3,,350464,22186560,155545888,21701248,,,,,12577,15674,used,,,,20260906-2111
2026-09-06 21:41:52,HAUSP-UB,C8T1S5I8N5K,1,12,0.000200,0.000,0.200,47416411,47133,68,920,989,4,43,35,1906734,46615,1799929,12578,0.000000,0.208598,0.219840,2623,0,1027.73,1870891,1869456,2118,68240,SUCCESS,91130,3,,350464,22186560,155545888,21701248,,,,,12577,15674,used,,,,20260906-2111
2026-09-06 21:41:54,HAUSP-UB,C8T1S5I8N5K,1,13,0.000200,0.000,0.200,47416411,47133,67,897,964,4,43,35,1906734,46615,1799929,12578,0.000000,0.208598,0.219840,2623,0,915.55,1870891,1869456,2118,68240,SUCCESS,91130,3,,350464,22186560,155545888,21701248,,,,,12577,15674,used,,,,20260906-2111
2026-09-06 21:41:56,HAUSP-UB,C8T1S5I8N5K,1,14,0.000200,0.000,0.200,47416411,47133,66,901,968,4,43,35,1906734,46615,1799929,12578,0.000000,0.208598,0.219840,2623,0,858.62,1870891,1869456,2118,68240,SUCCESS,91130,3,,350464,22186560,155545888,21701248,,,,,12577,15674,used,,,,20260906-2111
