# run_id=20260918-1922 git=1f71e20 jvm=26.0.1 heap=24g host=ThaiTMs-MacBook-Pro.local tree=clean data=51a0304d3d57 cmd=--exp 1,5,6,9 --timeout 90 --repeats 3
Dataset,MinUtil,BatchID,RunIndex,HAUSP_EHAUSM-R,HAUSP_HAUSP-UB,Status,RunID,UBArm
example,0.050000,0,0,7,7,SUCCESS_MATCH,20260918-1922,HAUSP-UB[noEUCS]
example,0.050000,1,0,18,18,SUCCESS_MATCH,20260918-1922,HAUSP-UB[noEUCS]
example,0.050000,2,0,28,28,SUCCESS_MATCH,20260918-1922,HAUSP-UB[noEUCS]
example,0.050000,3,0,38,38,SUCCESS_MATCH,20260918-1922,HAUSP-UB[noEUCS]
example,0.050000,4,0,118,118,SUCCESS_MATCH,20260918-1922,HAUSP-UB[noEUCS]
example,0.050000,0,1,7,7,SUCCESS_MATCH,20260918-1922,HAUSP-UB[noEUCS]
example,0.050000,1,1,18,18,SUCCESS_MATCH,20260918-1922,HAUSP-UB[noEUCS]
example,0.050000,2,1,28,28,SUCCESS_MATCH,20260918-1922,HAUSP-UB[noEUCS]
example,0.050000,3,1,38,38,SUCCESS_MATCH,20260918-1922,HAUSP-UB[noEUCS]
example,0.050000,4,1,118,118,SUCCESS_MATCH,20260918-1922,HAUSP-UB[noEUCS]
example,0.050000,0,2,7,7,SUCCESS_MATCH,20260918-1922,HAUSP-UB[noEUCS]
example,0.050000,1,2,18,18,SUCCESS_MATCH,20260918-1922,HAUSP-UB[noEUCS]
example,0.050000,2,2,28,28,SUCCESS_MATCH,20260918-1922,HAUSP-UB[noEUCS]
example,0.050000,3,2,38,38,SUCCESS_MATCH,20260918-1922,HAUSP-UB[noEUCS]
example,0.050000,4,2,118,118,SUCCESS_MATCH,20260918-1922,HAUSP-UB[noEUCS]
BIBLE,0.000500,0,0,48701,48701,SUCCESS_MATCH,20260918-1922,HAUSP-UB[noEUCS]
BIBLE,0.000500,1,0,48266,48266,SUCCESS_MATCH,20260918-1922,HAUSP-UB[noEUCS]
BIBLE,0.000500,2,0,37666,37666,SUCCESS_MATCH,20260918-1922,HAUSP-UB[noEUCS]
BIBLE,0.000500,3,0,38012,38012,SUCCESS_MATCH,20260918-1922,HAUSP-UB[noEUCS]
BIBLE,0.000500,4,0,29772,29772,SUCCESS_MATCH,20260918-1922,HAUSP-UB[noEUCS]
BIBLE,0.000500,0,1,48701,48701,SUCCESS_MATCH,20260918-1922,HAUSP-UB[noEUCS]
BIBLE,0.000500,1,1,48266,48266,SUCCESS_MATCH,20260918-1922,HAUSP-UB[noEUCS]
BIBLE,0.000500,2,1,37666,37666,SUCCESS_MATCH,20260918-1922,HAUSP-UB[noEUCS]
BIBLE,0.000500,3,1,38012,38012,SUCCESS_MATCH,20260918-1922,HAUSP-UB[noEUCS]
BIBLE,0.000500,4,1,29772,29772,SUCCESS_MATCH,20260918-1922,HAUSP-UB[noEUCS]
BIBLE,0.000500,0,2,48701,48701,SUCCESS_MATCH,20260918-1922,HAUSP-UB[noEUCS]
BIBLE,0.000500,1,2,48266,48266,SUCCESS_MATCH,20260918-1922,HAUSP-UB[noEUCS]
BIBLE,0.000500,2,2,37666,37666,SUCCESS_MATCH,20260918-1922,HAUSP-UB[noEUCS]
BIBLE,0.000500,3,2,38012,38012,SUCCESS_MATCH,20260918-1922,HAUSP-UB[noEUCS]
BIBLE,0.000500,4,2,29772,29772,SUCCESS_MATCH,20260918-1922,HAUSP-UB[noEUCS]
BMS1_SPMF,0.003500,0,0,100,100,SUCCESS_MATCH,20260918-1922,HAUSP-UB[noEUCS]
BMS1_SPMF,0.003500,1,0,97,97,SUCCESS_MATCH,20260918-1922,HAUSP-UB[noEUCS]
BMS1_SPMF,0.003500,2,0,94,94,SUCCESS_MATCH,20260918-1922,HAUSP-UB[noEUCS]
BMS1_SPMF,0.003500,3,0,93,93,SUCCESS_MATCH,20260918-1922,HAUSP-UB[noEUCS]
BMS1_SPMF,0.003500,4,0,93,93,SUCCESS_MATCH,20260918-1922,HAUSP-UB[noEUCS]
BMS1_SPMF,0.003500,0,1,100,100,SUCCESS_MATCH,20260918-1922,HAUSP-UB[noEUCS]
BMS1_SPMF,0.003500,1,1,97,97,SUCCESS_MATCH,20260918-1922,HAUSP-UB[noEUCS]
BMS1_SPMF,0.003500,2,1,94,94,SUCCESS_MATCH,20260918-1922,HAUSP-UB[noEUCS]
BMS1_SPMF,0.003500,3,1,93,93,SUCCESS_MATCH,20260918-1922,HAUSP-UB[noEUCS]
BMS1_SPMF,0.003500,4,1,93,93,SUCCESS_MATCH,20260918-1922,HAUSP-UB[noEUCS]
BMS1_SPMF,0.003500,0,2,100,100,SUCCESS_MATCH,20260918-1922,HAUSP-UB[noEUCS]
BMS1_SPMF,0.003500,1,2,97,97,SUCCESS_MATCH,20260918-1922,HAUSP-UB[noEUCS]
BMS1_SPMF,0.003500,2,2,94,94,SUCCESS_MATCH,20260918-1922,HAUSP-UB[noEUCS]
BMS1_SPMF,0.003500,3,2,93,93,SUCCESS_MATCH,20260918-1922,HAUSP-UB[noEUCS]
BMS1_SPMF,0.003500,4,2,93,93,SUCCESS_MATCH,20260918-1922,HAUSP-UB[noEUCS]
FIFA,0.009000,0,0,1083,1083,SUCCESS_MATCH,20260918-1922,HAUSP-UB[noEUCS]
FIFA,0.009000,1,0,1043,1043,SUCCESS_MATCH,20260918-1922,HAUSP-UB[noEUCS]
FIFA,0.009000,2,0,1114,1114,SUCCESS_MATCH,20260918-1922,HAUSP-UB[noEUCS]
FIFA,0.009000,3,0,1199,1199,SUCCESS_MATCH,20260918-1922,HAUSP-UB[noEUCS]
FIFA,0.009000,4,0,1174,1174,SUCCESS_MATCH,20260918-1922,HAUSP-UB[noEUCS]
FIFA,0.009000,0,1,1083,1083,SUCCESS_MATCH,20260918-1922,HAUSP-UB[noEUCS]
FIFA,0.009000,1,1,1043,1043,SUCCESS_MATCH,20260918-1922,HAUSP-UB[noEUCS]
FIFA,0.009000,2,1,1114,1114,SUCCESS_MATCH,20260918-1922,HAUSP-UB[noEUCS]
FIFA,0.009000,3,1,1199,1199,SUCCESS_MATCH,20260918-1922,HAUSP-UB[noEUCS]
FIFA,0.009000,4,1,1174,1174,SUCCESS_MATCH,20260918-1922,HAUSP-UB[noEUCS]
FIFA,0.009000,0,2,1083,1083,SUCCESS_MATCH,20260918-1922,HAUSP-UB[noEUCS]
FIFA,0.009000,1,2,1043,1043,SUCCESS_MATCH,20260918-1922,HAUSP-UB[noEUCS]
FIFA,0.009000,2,2,1114,1114,SUCCESS_MATCH,20260918-1922,HAUSP-UB[noEUCS]
FIFA,0.009000,3,2,1199,1199,SUCCESS_MATCH,20260918-1922,HAUSP-UB[noEUCS]
FIFA,0.009000,4,2,1174,1174,SUCCESS_MATCH,20260918-1922,HAUSP-UB[noEUCS]
KOSARAK,0.005000,0,0,44,44,SUCCESS_MATCH,20260918-1922,HAUSP-UB[noEUCS]
KOSARAK,0.005000,1,0,44,44,SUCCESS_MATCH,20260918-1922,HAUSP-UB[noEUCS]
KOSARAK,0.005000,2,0,44,44,SUCCESS_MATCH,20260918-1922,HAUSP-UB[noEUCS]
KOSARAK,0.005000,3,0,44,44,SUCCESS_MATCH,20260918-1922,HAUSP-UB[noEUCS]
KOSARAK,0.005000,4,0,44,44,SUCCESS_MATCH,20260918-1922,HAUSP-UB[noEUCS]
KOSARAK,0.005000,0,1,44,44,SUCCESS_MATCH,20260918-1922,HAUSP-UB[noEUCS]
KOSARAK,0.005000,1,1,44,44,SUCCESS_MATCH,20260918-1922,HAUSP-UB[noEUCS]
KOSARAK,0.005000,2,1,44,44,SUCCESS_MATCH,20260918-1922,HAUSP-UB[noEUCS]
KOSARAK,0.005000,3,1,44,44,SUCCESS_MATCH,20260918-1922,HAUSP-UB[noEUCS]
KOSARAK,0.005000,4,1,44,44,SUCCESS_MATCH,20260918-1922,HAUSP-UB[noEUCS]
KOSARAK,0.005000,0,2,44,44,SUCCESS_MATCH,20260918-1922,HAUSP-UB[noEUCS]
KOSARAK,0.005000,1,2,44,44,SUCCESS_MATCH,20260918-1922,HAUSP-UB[noEUCS]
KOSARAK,0.005000,2,2,44,44,SUCCESS_MATCH,20260918-1922,HAUSP-UB[noEUCS]
KOSARAK,0.005000,3,2,44,44,SUCCESS_MATCH,20260918-1922,HAUSP-UB[noEUCS]
KOSARAK,0.005000,4,2,44,44,SUCCESS_MATCH,20260918-1922,HAUSP-UB[noEUCS]
LEVIATHAN,0.005000,0,0,1358,1358,SUCCESS_MATCH,20260918-1922,HAUSP-UB[noEUCS]
LEVIATHAN,0.005000,1,0,1794,1794,SUCCESS_MATCH,20260918-1922,HAUSP-UB[noEUCS]
LEVIATHAN,0.005000,2,0,1962,1962,SUCCESS_MATCH,20260918-1922,HAUSP-UB[noEUCS]
LEVIATHAN,0.005000,3,0,1912,1912,SUCCESS_MATCH,20260918-1922,HAUSP-UB[noEUCS]
LEVIATHAN,0.005000,4,0,1983,1983,SUCCESS_MATCH,20260918-1922,HAUSP-UB[noEUCS]
LEVIATHAN,0.005000,0,1,1358,1358,SUCCESS_MATCH,20260918-1922,HAUSP-UB[noEUCS]
LEVIATHAN,0.005000,1,1,1794,1794,SUCCESS_MATCH,20260918-1922,HAUSP-UB[noEUCS]
LEVIATHAN,0.005000,2,1,1962,1962,SUCCESS_MATCH,20260918-1922,HAUSP-UB[noEUCS]
LEVIATHAN,0.005000,3,1,1912,1912,SUCCESS_MATCH,20260918-1922,HAUSP-UB[noEUCS]
LEVIATHAN,0.005000,4,1,1983,1983,SUCCESS_MATCH,20260918-1922,HAUSP-UB[noEUCS]
LEVIATHAN,0.005000,0,2,1358,1358,SUCCESS_MATCH,20260918-1922,HAUSP-UB[noEUCS]
LEVIATHAN,0.005000,1,2,1794,1794,SUCCESS_MATCH,20260918-1922,HAUSP-UB[noEUCS]
LEVIATHAN,0.005000,2,2,1962,1962,SUCCESS_MATCH,20260918-1922,HAUSP-UB[noEUCS]
LEVIATHAN,0.005000,3,2,1912,1912,SUCCESS_MATCH,20260918-1922,HAUSP-UB[noEUCS]
LEVIATHAN,0.005000,4,2,1983,1983,SUCCESS_MATCH,20260918-1922,HAUSP-UB[noEUCS]
SIGN,0.005000,0,0,3340,3340,SUCCESS_MATCH,20260918-1922,HAUSP-UB[noEUCS]
SIGN,0.005000,1,0,2637,2637,SUCCESS_MATCH,20260918-1922,HAUSP-UB[noEUCS]
SIGN,0.005000,2,0,2248,2248,SUCCESS_MATCH,20260918-1922,HAUSP-UB[noEUCS]
SIGN,0.005000,3,0,1988,1988,SUCCESS_MATCH,20260918-1922,HAUSP-UB[noEUCS]
SIGN,0.005000,4,0,1907,1907,SUCCESS_MATCH,20260918-1922,HAUSP-UB[noEUCS]
SIGN,0.005000,0,1,3340,3340,SUCCESS_MATCH,20260918-1922,HAUSP-UB[noEUCS]
SIGN,0.005000,1,1,2637,2637,SUCCESS_MATCH,20260918-1922,HAUSP-UB[noEUCS]
SIGN,0.005000,2,1,2248,2248,SUCCESS_MATCH,20260918-1922,HAUSP-UB[noEUCS]
SIGN,0.005000,3,1,1988,1988,SUCCESS_MATCH,20260918-1922,HAUSP-UB[noEUCS]
SIGN,0.005000,4,1,1907,1907,SUCCESS_MATCH,20260918-1922,HAUSP-UB[noEUCS]
SIGN,0.005000,0,2,3340,3340,SUCCESS_MATCH,20260918-1922,HAUSP-UB[noEUCS]
SIGN,0.005000,1,2,2637,2637,SUCCESS_MATCH,20260918-1922,HAUSP-UB[noEUCS]
SIGN,0.005000,2,2,2248,2248,SUCCESS_MATCH,20260918-1922,HAUSP-UB[noEUCS]
SIGN,0.005000,3,2,1988,1988,SUCCESS_MATCH,20260918-1922,HAUSP-UB[noEUCS]
SIGN,0.005000,4,2,1907,1907,SUCCESS_MATCH,20260918-1922,HAUSP-UB[noEUCS]
C8T1S5I8N5K,0.000200,0,0,6078,6078,SUCCESS_MATCH,20260918-1922,HAUSP-UB[noEUCS]
C8T1S5I8N5K,0.000200,1,0,4680,4680,SUCCESS_MATCH,20260918-1922,HAUSP-UB[noEUCS]
C8T1S5I8N5K,0.000200,2,0,3088,3088,SUCCESS_MATCH,20260918-1922,HAUSP-UB[noEUCS]
C8T1S5I8N5K,0.000200,3,0,2428,2428,SUCCESS_MATCH,20260918-1922,HAUSP-UB[noEUCS]
C8T1S5I8N5K,0.000200,4,0,2623,2623,SUCCESS_MATCH,20260918-1922,HAUSP-UB[noEUCS]
C8T1S5I8N5K,0.000200,0,1,6078,6078,SUCCESS_MATCH,20260918-1922,HAUSP-UB[noEUCS]
C8T1S5I8N5K,0.000200,1,1,4680,4680,SUCCESS_MATCH,20260918-1922,HAUSP-UB[noEUCS]
C8T1S5I8N5K,0.000200,2,1,3088,3088,SUCCESS_MATCH,20260918-1922,HAUSP-UB[noEUCS]
C8T1S5I8N5K,0.000200,3,1,2428,2428,SUCCESS_MATCH,20260918-1922,HAUSP-UB[noEUCS]
C8T1S5I8N5K,0.000200,4,1,2623,2623,SUCCESS_MATCH,20260918-1922,HAUSP-UB[noEUCS]
C8T1S5I8N5K,0.000200,0,2,6078,6078,SUCCESS_MATCH,20260918-1922,HAUSP-UB[noEUCS]
C8T1S5I8N5K,0.000200,1,2,4680,4680,SUCCESS_MATCH,20260918-1922,HAUSP-UB[noEUCS]
C8T1S5I8N5K,0.000200,2,2,3088,3088,SUCCESS_MATCH,20260918-1922,HAUSP-UB[noEUCS]
C8T1S5I8N5K,0.000200,3,2,2428,2428,SUCCESS_MATCH,20260918-1922,HAUSP-UB[noEUCS]
C8T1S5I8N5K,0.000200,4,2,2623,2623,SUCCESS_MATCH,20260918-1922,HAUSP-UB[noEUCS]
