# run_id=20260925-0901 git=b75beca jvm=26.0.1 heap=24g host=ThaiTMs-MacBook-Pro.local tree=clean data=51a0304d3d57 cmd=--exp 7 --dataset syn_c8t1s5i8n5k --algo EHAUSM-I --k 10,20,50,100 --repeats 3 --repeats-min-seconds 10 --results-dir results-probe/driver-kill --timeout 90
Timestamp,Algorithm,Dataset,BatchID,RunIndex,MinUtil,mu,DeltaRatio,TotalDBUtil,CumulativeDBSize,tScan(ms),tMining(ms),tTotal(ms),tLayer1(ms),tLayer2(ms),tLayer3(ms),Cand,PrunedL1(SWU),PrunedL2(IAUUB),PrunedL3(MFUUB),TightnessPEAU,TightnessIAUUB,TightnessMFUUB,HAUSP,SHAUS,MemPeak(MB),PoolBorrows,PoolReuses,PoolPeakLive,AudulActive,Status,Recursed,ArmOrder,Schedule,PoolBytes,FlatBytes,EucsBytes,AudulRootBytes,RescanTriggered,BufferUtil,BufferTested,SafetyBound,PrunedL3Node,PrunedL1Root,MemMode,MemLive(MB),MemRetained(MB),GcForced,RunID
2026-09-25 09:01:14,EHAUSM-I,C8T1S5I8N5K,0,0,0.000200,0.000,0.100,4733978,4713,67,3361,3429,0,0,0,27230265,7030,26419363,0,0.464705,0.000000,0.000000,23593,0,3411.83,0,0,0,0,SUCCESS,0,0,equal,,,,,,,,,,,used,,,,20260925-0901
2026-09-25 09:01:15,EHAUSM-I,C8T1S5I8N5K,1,0,0.000200,0.000,0.100,9488004,9426,23,632,656,0,0,0,2895653,15686,2752576,0,0.446567,0.000000,0.000000,6078,0,6267.83,0,0,0,0,SUCCESS,0,0,equal,,,,,,,,,,,used,,,,20260925-0901
2026-09-25 09:01:15,EHAUSM-I,C8T1S5I8N5K,2,0,0.000200,0.000,0.100,14222171,14139,27,681,709,0,0,0,2627063,20604,2516036,0,0.452685,0.000000,0.000000,5572,0,1726.06,0,0,0,0,SUCCESS,0,0,equal,,,,,,,,,,,used,,,,20260925-0901
2026-09-25 09:01:16,EHAUSM-I,C8T1S5I8N5K,3,0,0.000200,0.000,0.100,18951306,18852,30,729,759,0,0,0,2156671,23506,2058591,0,0.461323,0.000000,0.000000,4680,0,4078.06,0,0,0,0,SUCCESS,0,0,equal,,,,,,,,,,,used,,,,20260925-0901
2026-09-25 09:01:17,EHAUSM-I,C8T1S5I8N5K,4,0,0.000200,0.000,0.100,23738030,23565,23,792,816,0,0,0,1822470,25422,1731755,0,0.427930,0.000000,0.000000,3498,0,6286.06,0,0,0,0,SUCCESS,0,0,equal,,,,,,,,,,,used,,,,20260925-0901
2026-09-25 09:01:18,EHAUSM-I,C8T1S5I8N5K,5,0,0.000200,0.000,0.100,28544670,28278,23,885,909,0,0,0,1793059,27246,1704155,0,0.435359,0.000000,0.000000,3088,0,1444.02,0,0,0,0,SUCCESS,0,0,equal,,,,,,,,,,,used,,,,20260925-0901
2026-09-25 09:01:19,EHAUSM-I,C8T1S5I8N5K,6,0,0.000200,0.000,0.100,33272585,32991,24,879,904,0,0,0,1449005,28504,1363744,0,0.409643,0.000000,0.000000,2965,0,3596.02,0,0,0,0,SUCCESS,0,0,equal,,,,,,,,,,,used,,,,20260925-0901
2026-09-25 09:01:20,EHAUSM-I,C8T1S5I8N5K,7,0,0.000200,0.000,0.100,38016389,37704,27,1006,1033,0,0,0,1394016,29682,1312988,0,0.418329,0.000000,0.000000,2428,0,5788.02,0,0,0,0,SUCCESS,0,0,equal,,,,,,,,,,,used,,,,20260925-0901
2026-09-25 09:01:21,EHAUSM-I,C8T1S5I8N5K,8,0,0.000200,0.000,0.100,42745729,42417,31,1100,1131,0,0,0,1456733,30181,1375964,0,0.428625,0.000000,0.000000,2449,0,1045.79,0,0,0,0,SUCCESS,0,0,equal,,,,,,,,,,,used,,,,20260925-0901
2026-09-25 09:01:22,EHAUSM-I,C8T1S5I8N5K,9,0,0.000200,0.000,0.100,47416411,47132,33,1203,1236,0,0,0,1539192,30941,1460639,0,0.410048,0.000000,0.000000,2623,0,3605.79,0,0,0,0,SUCCESS,0,0,equal,,,,,,,,,,,used,,,,20260925-0901
2026-09-25 09:01:26,EHAUSM-I,C8T1S5I8N5K,0,1,0.000200,0.000,0.100,4733978,4713,47,2837,2885,0,0,0,27230265,7030,26419363,0,0.464705,0.000000,0.000000,23593,0,4695.03,0,0,0,0,SUCCESS,0,0,equal,,,,,,,,,,,used,,,,20260925-0901
2026-09-25 09:01:26,EHAUSM-I,C8T1S5I8N5K,1,1,0.000200,0.000,0.100,9488004,9426,16,596,612,0,0,0,2895653,15686,2752576,0,0.446567,0.000000,0.000000,6078,0,838.67,0,0,0,0,SUCCESS,0,0,equal,,,,,,,,,,,used,,,,20260925-0901
2026-09-25 09:01:27,EHAUSM-I,C8T1S5I8N5K,2,1,0.000200,0.000,0.100,14222171,14139,18,662,680,0,0,0,2627063,20604,2516036,0,0.452685,0.000000,0.000000,5572,0,3438.67,0,0,0,0,SUCCESS,0,0,equal,,,,,,,,,,,used,,,,20260925-0901
2026-09-25 09:01:28,EHAUSM-I,C8T1S5I8N5K,3,1,0.000200,0.000,0.100,18951306,18852,19,732,751,0,0,0,2156671,23506,2058591,0,0.461323,0.000000,0.000000,4680,0,5782.67,0,0,0,0,SUCCESS,0,0,equal,,,,,,,,,,,used,,,,20260925-0901
2026-09-25 09:01:29,EHAUSM-I,C8T1S5I8N5K,4,1,0.000200,0.000,0.100,23738030,23565,21,790,812,0,0,0,1822470,25422,1731755,0,0.427930,0.000000,0.000000,3498,0,1326.67,0,0,0,0,SUCCESS,0,0,equal,,,,,,,,,,,used,,,,20260925-0901
2026-09-25 09:01:30,EHAUSM-I,C8T1S5I8N5K,5,1,0.000200,0.000,0.100,28544670,28278,24,877,901,0,0,0,1793059,27246,1704155,0,0.435359,0.000000,0.000000,3088,0,3614.67,0,0,0,0,SUCCESS,0,0,equal,,,,,,,,,,,used,,,,20260925-0901
2026-09-25 09:01:31,EHAUSM-I,C8T1S5I8N5K,6,1,0.000200,0.000,0.100,33272585,32991,25,892,917,0,0,0,1449005,28504,1363744,0,0.409643,0.000000,0.000000,2965,0,5750.67,0,0,0,0,SUCCESS,0,0,equal,,,,,,,,,,,used,,,,20260925-0901
2026-09-25 09:01:32,EHAUSM-I,C8T1S5I8N5K,7,1,0.000200,0.000,0.100,38016389,37704,27,996,1024,0,0,0,1394016,29682,1312988,0,0.418329,0.000000,0.000000,2428,0,1299.48,0,0,0,0,SUCCESS,0,0,equal,,,,,,,,,,,used,,,,20260925-0901
2026-09-25 09:01:33,EHAUSM-I,C8T1S5I8N5K,8,1,0.000200,0.000,0.100,42745729,42417,30,1077,1107,0,0,0,1456733,30181,1375964,0,0.428625,0.000000,0.000000,2449,0,3675.48,0,0,0,0,SUCCESS,0,0,equal,,,,,,,,,,,used,,,,20260925-0901
2026-09-25 09:01:34,EHAUSM-I,C8T1S5I8N5K,9,1,0.000200,0.000,0.100,47416411,47132,32,1242,1274,0,0,0,1539192,30941,1460639,0,0.410048,0.000000,0.000000,2623,0,6227.48,0,0,0,0,SUCCESS,0,0,equal,,,,,,,,,,,used,,,,20260925-0901
2026-09-25 09:01:37,EHAUSM-I,C8T1S5I8N5K,0,2,0.000200,0.000,0.100,4733978,4713,34,2797,2831,0,0,0,27230265,7030,26419363,0,0.464705,0.000000,0.000000,23593,0,4435.48,0,0,0,0,SUCCESS,0,0,equal,,,,,,,,,,,used,,,,20260925-0901
2026-09-25 09:01:38,EHAUSM-I,C8T1S5I8N5K,1,2,0.000200,0.000,0.100,9488004,9426,16,606,623,0,0,0,2895653,15686,2752576,0,0.446567,0.000000,0.000000,6078,0,7251.48,0,0,0,0,SUCCESS,0,0,equal,,,,,,,,,,,used,,,,20260925-0901
2026-09-25 09:01:39,EHAUSM-I,C8T1S5I8N5K,2,2,0.000200,0.000,0.100,14222171,14139,17,660,678,0,0,0,2627063,20604,2516036,0,0.452685,0.000000,0.000000,5572,0,3119.29,0,0,0,0,SUCCESS,0,0,equal,,,,,,,,,,,used,,,,20260925-0901
2026-09-25 09:01:39,EHAUSM-I,C8T1S5I8N5K,3,2,0.000200,0.000,0.100,18951306,18852,19,751,770,0,0,0,2156671,23506,2058591,0,0.461323,0.000000,0.000000,4680,0,5463.29,0,0,0,0,SUCCESS,0,0,equal,,,,,,,,,,,used,,,,20260925-0901
2026-09-25 09:01:40,EHAUSM-I,C8T1S5I8N5K,4,2,0.000200,0.000,0.100,23738030,23565,22,796,818,0,0,0,1822470,25422,1731755,0,0.427930,0.000000,0.000000,3498,0,999.29,0,0,0,0,SUCCESS,0,0,equal,,,,,,,,,,,used,,,,20260925-0901
2026-09-25 09:01:41,EHAUSM-I,C8T1S5I8N5K,5,2,0.000200,0.000,0.100,28544670,28278,23,883,907,0,0,0,1793059,27246,1704155,0,0.435359,0.000000,0.000000,3088,0,3279.29,0,0,0,0,SUCCESS,0,0,equal,,,,,,,,,,,used,,,,20260925-0901
2026-09-25 09:01:42,EHAUSM-I,C8T1S5I8N5K,6,2,0.000200,0.000,0.100,33272585,32991,25,896,921,0,0,0,1449005,28504,1363744,0,0.409643,0.000000,0.000000,2965,0,5423.29,0,0,0,0,SUCCESS,0,0,equal,,,,,,,,,,,used,,,,20260925-0901
2026-09-25 09:01:43,EHAUSM-I,C8T1S5I8N5K,7,2,0.000200,0.000,0.100,38016389,37704,28,998,1027,0,0,0,1394016,29682,1312988,0,0.418329,0.000000,0.000000,2428,0,981.51,0,0,0,0,SUCCESS,0,0,equal,,,,,,,,,,,used,,,,20260925-0901
2026-09-25 09:01:44,EHAUSM-I,C8T1S5I8N5K,8,2,0.000200,0.000,0.100,42745729,42417,29,1074,1104,0,0,0,1456733,30181,1375964,0,0.428625,0.000000,0.000000,2449,0,3349.51,0,0,0,0,SUCCESS,0,0,equal,,,,,,,,,,,used,,,,20260925-0901
2026-09-25 09:01:46,EHAUSM-I,C8T1S5I8N5K,9,2,0.000200,0.000,0.100,47416411,47132,32,1209,1242,0,0,0,1539192,30941,1460639,0,0.410048,0.000000,0.000000,2623,0,5901.51,0,0,0,0,SUCCESS,0,0,equal,,,,,,,,,,,used,,,,20260925-0901
,EHAUSM-I,C8T1S5I8N5K,0,0,0.000200,0.000,0.050,0,0,0,0,0,0,0,0,0,0,0,0,0.000000,0.000000,0.000000,0,0,0.00,0,0,0,0,OOM,0,0,equal,,,,,,,,,,,used,,,,20260925-0901
,EHAUSM-I,C8T1S5I8N5K,1,0,0.000200,0.000,0.050,0,0,0,0,0,0,0,0,0,0,0,0,0.000000,0.000000,0.000000,0,0,0.00,0,0,0,0,SKIPPED,0,0,equal,,,,,,,,,,,used,,,,20260925-0901
,EHAUSM-I,C8T1S5I8N5K,2,0,0.000200,0.000,0.050,0,0,0,0,0,0,0,0,0,0,0,0,0.000000,0.000000,0.000000,0,0,0.00,0,0,0,0,SKIPPED,0,0,equal,,,,,,,,,,,used,,,,20260925-0901
,EHAUSM-I,C8T1S5I8N5K,3,0,0.000200,0.000,0.050,0,0,0,0,0,0,0,0,0,0,0,0,0.000000,0.000000,0.000000,0,0,0.00,0,0,0,0,SKIPPED,0,0,equal,,,,,,,,,,,used,,,,20260925-0901
,EHAUSM-I,C8T1S5I8N5K,4,0,0.000200,0.000,0.050,0,0,0,0,0,0,0,0,0,0,0,0,0.000000,0.000000,0.000000,0,0,0.00,0,0,0,0,SKIPPED,0,0,equal,,,,,,,,,,,used,,,,20260925-0901
,EHAUSM-I,C8T1S5I8N5K,5,0,0.000200,0.000,0.050,0,0,0,0,0,0,0,0,0,0,0,0,0.000000,0.000000,0.000000,0,0,0.00,0,0,0,0,SKIPPED,0,0,equal,,,,,,,,,,,used,,,,20260925-0901
,EHAUSM-I,C8T1S5I8N5K,6,0,0.000200,0.000,0.050,0,0,0,0,0,0,0,0,0,0,0,0,0.000000,0.000000,0.000000,0,0,0.00,0,0,0,0,SKIPPED,0,0,equal,,,,,,,,,,,used,,,,20260925-0901
,EHAUSM-I,C8T1S5I8N5K,7,0,0.000200,0.000,0.050,0,0,0,0,0,0,0,0,0,0,0,0,0.000000,0.000000,0.000000,0,0,0.00,0,0,0,0,SKIPPED,0,0,equal,,,,,,,,,,,used,,,,20260925-0901
,EHAUSM-I,C8T1S5I8N5K,8,0,0.000200,0.000,0.050,0,0,0,0,0,0,0,0,0,0,0,0,0.000000,0.000000,0.000000,0,0,0.00,0,0,0,0,SKIPPED,0,0,equal,,,,,,,,,,,used,,,,20260925-0901
,EHAUSM-I,C8T1S5I8N5K,9,0,0.000200,0.000,0.050,0,0,0,0,0,0,0,0,0,0,0,0,0.000000,0.000000,0.000000,0,0,0.00,0,0,0,0,SKIPPED,0,0,equal,,,,,,,,,,,used,,,,20260925-0901
,EHAUSM-I,C8T1S5I8N5K,10,0,0.000200,0.000,0.050,0,0,0,0,0,0,0,0,0,0,0,0,0.000000,0.000000,0.000000,0,0,0.00,0,0,0,0,SKIPPED,0,0,equal,,,,,,,,,,,used,,,,20260925-0901
,EHAUSM-I,C8T1S5I8N5K,11,0,0.000200,0.000,0.050,0,0,0,0,0,0,0,0,0,0,0,0,0.000000,0.000000,0.000000,0,0,0.00,0,0,0,0,SKIPPED,0,0,equal,,,,,,,,,,,used,,,,20260925-0901
,EHAUSM-I,C8T1S5I8N5K,12,0,0.000200,0.000,0.050,0,0,0,0,0,0,0,0,0,0,0,0,0.000000,0.000000,0.000000,0,0,0.00,0,0,0,0,SKIPPED,0,0,equal,,,,,,,,,,,used,,,,20260925-0901
,EHAUSM-I,C8T1S5I8N5K,13,0,0.000200,0.000,0.050,0,0,0,0,0,0,0,0,0,0,0,0,0.000000,0.000000,0.000000,0,0,0.00,0,0,0,0,SKIPPED,0,0,equal,,,,,,,,,,,used,,,,20260925-0901
,EHAUSM-I,C8T1S5I8N5K,14,0,0.000200,0.000,0.050,0,0,0,0,0,0,0,0,0,0,0,0,0.000000,0.000000,0.000000,0,0,0.00,0,0,0,0,SKIPPED,0,0,equal,,,,,,,,,,,used,,,,20260925-0901
,EHAUSM-I,C8T1S5I8N5K,15,0,0.000200,0.000,0.050,0,0,0,0,0,0,0,0,0,0,0,0,0.000000,0.000000,0.000000,0,0,0.00,0,0,0,0,SKIPPED,0,0,equal,,,,,,,,,,,used,,,,20260925-0901
,EHAUSM-I,C8T1S5I8N5K,16,0,0.000200,0.000,0.050,0,0,0,0,0,0,0,0,0,0,0,0,0.000000,0.000000,0.000000,0,0,0.00,0,0,0,0,SKIPPED,0,0,equal,,,,,,,,,,,used,,,,20260925-0901
,EHAUSM-I,C8T1S5I8N5K,17,0,0.000200,0.000,0.050,0,0,0,0,0,0,0,0,0,0,0,0,0.000000,0.000000,0.000000,0,0,0.00,0,0,0,0,SKIPPED,0,0,equal,,,,,,,,,,,used,,,,20260925-0901
,EHAUSM-I,C8T1S5I8N5K,18,0,0.000200,0.000,0.050,0,0,0,0,0,0,0,0,0,0,0,0,0.000000,0.000000,0.000000,0,0,0.00,0,0,0,0,SKIPPED,0,0,equal,,,,,,,,,,,used,,,,20260925-0901
,EHAUSM-I,C8T1S5I8N5K,19,0,0.000200,0.000,0.050,0,0,0,0,0,0,0,0,0,0,0,0,0.000000,0.000000,0.000000,0,0,0.00,0,0,0,0,SKIPPED,0,0,equal,,,,,,,,,,,used,,,,20260925-0901
,EHAUSM-I,C8T1S5I8N5K,0,0,0.000200,0.000,0.020,0,0,0,0,0,0,0,0,0,0,0,0,0.000000,0.000000,0.000000,0,0,0.00,0,0,0,0,OOM,0,0,equal,,,,,,,,,,,used,,,,20260925-0901
,EHAUSM-I,C8T1S5I8N5K,1,0,0.000200,0.000,0.020,0,0,0,0,0,0,0,0,0,0,0,0,0.000000,0.000000,0.000000,0,0,0.00,0,0,0,0,SKIPPED,0,0,equal,,,,,,,,,,,used,,,,20260925-0901
,EHAUSM-I,C8T1S5I8N5K,2,0,0.000200,0.000,0.020,0,0,0,0,0,0,0,0,0,0,0,0,0.000000,0.000000,0.000000,0,0,0.00,0,0,0,0,SKIPPED,0,0,equal,,,,,,,,,,,used,,,,20260925-0901
,EHAUSM-I,C8T1S5I8N5K,3,0,0.000200,0.000,0.020,0,0,0,0,0,0,0,0,0,0,0,0,0.000000,0.000000,0.000000,0,0,0.00,0,0,0,0,SKIPPED,0,0,equal,,,,,,,,,,,used,,,,20260925-0901
,EHAUSM-I,C8T1S5I8N5K,4,0,0.000200,0.000,0.020,0,0,0,0,0,0,0,0,0,0,0,0,0.000000,0.000000,0.000000,0,0,0.00,0,0,0,0,SKIPPED,0,0,equal,,,,,,,,,,,used,,,,20260925-0901
,EHAUSM-I,C8T1S5I8N5K,5,0,0.000200,0.000,0.020,0,0,0,0,0,0,0,0,0,0,0,0,0.000000,0.000000,0.000000,0,0,0.00,0,0,0,0,SKIPPED,0,0,equal,,,,,,,,,,,used,,,,20260925-0901
,EHAUSM-I,C8T1S5I8N5K,6,0,0.000200,0.000,0.020,0,0,0,0,0,0,0,0,0,0,0,0,0.000000,0.000000,0.000000,0,0,0.00,0,0,0,0,SKIPPED,0,0,equal,,,,,,,,,,,used,,,,20260925-0901
,EHAUSM-I,C8T1S5I8N5K,7,0,0.000200,0.000,0.020,0,0,0,0,0,0,0,0,0,0,0,0,0.000000,0.000000,0.000000,0,0,0.00,0,0,0,0,SKIPPED,0,0,equal,,,,,,,,,,,used,,,,20260925-0901
,EHAUSM-I,C8T1S5I8N5K,8,0,0.000200,0.000,0.020,0,0,0,0,0,0,0,0,0,0,0,0,0.000000,0.000000,0.000000,0,0,0.00,0,0,0,0,SKIPPED,0,0,equal,,,,,,,,,,,used,,,,20260925-0901
,EHAUSM-I,C8T1S5I8N5K,9,0,0.000200,0.000,0.020,0,0,0,0,0,0,0,0,0,0,0,0,0.000000,0.000000,0.000000,0,0,0.00,0,0,0,0,SKIPPED,0,0,equal,,,,,,,,,,,used,,,,20260925-0901
,EHAUSM-I,C8T1S5I8N5K,10,0,0.000200,0.000,0.020,0,0,0,0,0,0,0,0,0,0,0,0,0.000000,0.000000,0.000000,0,0,0.00,0,0,0,0,SKIPPED,0,0,equal,,,,,,,,,,,used,,,,20260925-0901
,EHAUSM-I,C8T1S5I8N5K,11,0,0.000200,0.000,0.020,0,0,0,0,0,0,0,0,0,0,0,0,0.000000,0.000000,0.000000,0,0,0.00,0,0,0,0,SKIPPED,0,0,equal,,,,,,,,,,,used,,,,20260925-0901
,EHAUSM-I,C8T1S5I8N5K,12,0,0.000200,0.000,0.020,0,0,0,0,0,0,0,0,0,0,0,0,0.000000,0.000000,0.000000,0,0,0.00,0,0,0,0,SKIPPED,0,0,equal,,,,,,,,,,,used,,,,20260925-0901
,EHAUSM-I,C8T1S5I8N5K,13,0,0.000200,0.000,0.020,0,0,0,0,0,0,0,0,0,0,0,0,0.000000,0.000000,0.000000,0,0,0.00,0,0,0,0,SKIPPED,0,0,equal,,,,,,,,,,,used,,,,20260925-0901
,EHAUSM-I,C8T1S5I8N5K,14,0,0.000200,0.000,0.020,0,0,0,0,0,0,0,0,0,0,0,0,0.000000,0.000000,0.000000,0,0,0.00,0,0,0,0,SKIPPED,0,0,equal,,,,,,,,,,,used,,,,20260925-0901
,EHAUSM-I,C8T1S5I8N5K,15,0,0.000200,0.000,0.020,0,0,0,0,0,0,0,0,0,0,0,0,0.000000,0.000000,0.000000,0,0,0.00,0,0,0,0,SKIPPED,0,0,equal,,,,,,,,,,,used,,,,20260925-0901
,EHAUSM-I,C8T1S5I8N5K,16,0,0.000200,0.000,0.020,0,0,0,0,0,0,0,0,0,0,0,0,0.000000,0.000000,0.000000,0,0,0.00,0,0,0,0,SKIPPED,0,0,equal,,,,,,,,,,,used,,,,20260925-0901
,EHAUSM-I,C8T1S5I8N5K,17,0,0.000200,0.000,0.020,0,0,0,0,0,0,0,0,0,0,0,0,0.000000,0.000000,0.000000,0,0,0.00,0,0,0,0,SKIPPED,0,0,equal,,,,,,,,,,,used,,,,20260925-0901
,EHAUSM-I,C8T1S5I8N5K,18,0,0.000200,0.000,0.020,0,0,0,0,0,0,0,0,0,0,0,0,0.000000,0.000000,0.000000,0,0,0.00,0,0,0,0,SKIPPED,0,0,equal,,,,,,,,,,,used,,,,20260925-0901
,EHAUSM-I,C8T1S5I8N5K,19,0,0.000200,0.000,0.020,0,0,0,0,0,0,0,0,0,0,0,0,0.000000,0.000000,0.000000,0,0,0.00,0,0,0,0,SKIPPED,0,0,equal,,,,,,,,,,,used,,,,20260925-0901
,EHAUSM-I,C8T1S5I8N5K,20,0,0.000200,0.000,0.020,0,0,0,0,0,0,0,0,0,0,0,0,0.000000,0.000000,0.000000,0,0,0.00,0,0,0,0,SKIPPED,0,0,equal,,,,,,,,,,,used,,,,20260925-0901
,EHAUSM-I,C8T1S5I8N5K,21,0,0.000200,0.000,0.020,0,0,0,0,0,0,0,0,0,0,0,0,0.000000,0.000000,0.000000,0,0,0.00,0,0,0,0,SKIPPED,0,0,equal,,,,,,,,,,,used,,,,20260925-0901
,EHAUSM-I,C8T1S5I8N5K,22,0,0.000200,0.000,0.020,0,0,0,0,0,0,0,0,0,0,0,0,0.000000,0.000000,0.000000,0,0,0.00,0,0,0,0,SKIPPED,0,0,equal,,,,,,,,,,,used,,,,20260925-0901
,EHAUSM-I,C8T1S5I8N5K,23,0,0.000200,0.000,0.020,0,0,0,0,0,0,0,0,0,0,0,0,0.000000,0.000000,0.000000,0,0,0.00,0,0,0,0,SKIPPED,0,0,equal,,,,,,,,,,,used,,,,20260925-0901
,EHAUSM-I,C8T1S5I8N5K,24,0,0.000200,0.000,0.020,0,0,0,0,0,0,0,0,0,0,0,0,0.000000,0.000000,0.000000,0,0,0.00,0,0,0,0,SKIPPED,0,0,equal,,,,,,,,,,,used,,,,20260925-0901
,EHAUSM-I,C8T1S5I8N5K,25,0,0.000200,0.000,0.020,0,0,0,0,0,0,0,0,0,0,0,0,0.000000,0.000000,0.000000,0,0,0.00,0,0,0,0,SKIPPED,0,0,equal,,,,,,,,,,,used,,,,20260925-0901
,EHAUSM-I,C8T1S5I8N5K,26,0,0.000200,0.000,0.020,0,0,0,0,0,0,0,0,0,0,0,0,0.000000,0.000000,0.000000,0,0,0.00,0,0,0,0,SKIPPED,0,0,equal,,,,,,,,,,,used,,,,20260925-0901
,EHAUSM-I,C8T1S5I8N5K,27,0,0.000200,0.000,0.020,0,0,0,0,0,0,0,0,0,0,0,0,0.000000,0.000000,0.000000,0,0,0.00,0,0,0,0,SKIPPED,0,0,equal,,,,,,,,,,,used,,,,20260925-0901
,EHAUSM-I,C8T1S5I8N5K,28,0,0.000200,0.000,0.020,0,0,0,0,0,0,0,0,0,0,0,0,0.000000,0.000000,0.000000,0,0,0.00,0,0,0,0,SKIPPED,0,0,equal,,,,,,,,,,,used,,,,20260925-0901
,EHAUSM-I,C8T1S5I8N5K,29,0,0.000200,0.000,0.020,0,0,0,0,0,0,0,0,0,0,0,0,0.000000,0.000000,0.000000,0,0,0.00,0,0,0,0,SKIPPED,0,0,equal,,,,,,,,,,,used,,,,20260925-0901
,EHAUSM-I,C8T1S5I8N5K,30,0,0.000200,0.000,0.020,0,0,0,0,0,0,0,0,0,0,0,0,0.000000,0.000000,0.000000,0,0,0.00,0,0,0,0,SKIPPED,0,0,equal,,,,,,,,,,,used,,,,20260925-0901
,EHAUSM-I,C8T1S5I8N5K,31,0,0.000200,0.000,0.020,0,0,0,0,0,0,0,0,0,0,0,0,0.000000,0.000000,0.000000,0,0,0.00,0,0,0,0,SKIPPED,0,0,equal,,,,,,,,,,,used,,,,20260925-0901
,EHAUSM-I,C8T1S5I8N5K,32,0,0.000200,0.000,0.020,0,0,0,0,0,0,0,0,0,0,0,0,0.000000,0.000000,0.000000,0,0,0.00,0,0,0,0,SKIPPED,0,0,equal,,,,,,,,,,,used,,,,20260925-0901
,EHAUSM-I,C8T1S5I8N5K,33,0,0.000200,0.000,0.020,0,0,0,0,0,0,0,0,0,0,0,0,0.000000,0.000000,0.000000,0,0,0.00,0,0,0,0,SKIPPED,0,0,equal,,,,,,,,,,,used,,,,20260925-0901
,EHAUSM-I,C8T1S5I8N5K,34,0,0.000200,0.000,0.020,0,0,0,0,0,0,0,0,0,0,0,0,0.000000,0.000000,0.000000,0,0,0.00,0,0,0,0,SKIPPED,0,0,equal,,,,,,,,,,,used,,,,20260925-0901
,EHAUSM-I,C8T1S5I8N5K,35,0,0.000200,0.000,0.020,0,0,0,0,0,0,0,0,0,0,0,0,0.000000,0.000000,0.000000,0,0,0.00,0,0,0,0,SKIPPED,0,0,equal,,,,,,,,,,,used,,,,20260925-0901
,EHAUSM-I,C8T1S5I8N5K,36,0,0.000200,0.000,0.020,0,0,0,0,0,0,0,0,0,0,0,0,0.000000,0.000000,0.000000,0,0,0.00,0,0,0,0,SKIPPED,0,0,equal,,,,,,,,,,,used,,,,20260925-0901
,EHAUSM-I,C8T1S5I8N5K,37,0,0.000200,0.000,0.020,0,0,0,0,0,0,0,0,0,0,0,0,0.000000,0.000000,0.000000,0,0,0.00,0,0,0,0,SKIPPED,0,0,equal,,,,,,,,,,,used,,,,20260925-0901
,EHAUSM-I,C8T1S5I8N5K,38,0,0.000200,0.000,0.020,0,0,0,0,0,0,0,0,0,0,0,0,0.000000,0.000000,0.000000,0,0,0.00,0,0,0,0,SKIPPED,0,0,equal,,,,,,,,,,,used,,,,20260925-0901
,EHAUSM-I,C8T1S5I8N5K,39,0,0.000200,0.000,0.020,0,0,0,0,0,0,0,0,0,0,0,0,0.000000,0.000000,0.000000,0,0,0.00,0,0,0,0,SKIPPED,0,0,equal,,,,,,,,,,,used,,,,20260925-0901
,EHAUSM-I,C8T1S5I8N5K,40,0,0.000200,0.000,0.020,0,0,0,0,0,0,0,0,0,0,0,0,0.000000,0.000000,0.000000,0,0,0.00,0,0,0,0,SKIPPED,0,0,equal,,,,,,,,,,,used,,,,20260925-0901
,EHAUSM-I,C8T1S5I8N5K,41,0,0.000200,0.000,0.020,0,0,0,0,0,0,0,0,0,0,0,0,0.000000,0.000000,0.000000,0,0,0.00,0,0,0,0,SKIPPED,0,0,equal,,,,,,,,,,,used,,,,20260925-0901
,EHAUSM-I,C8T1S5I8N5K,42,0,0.000200,0.000,0.020,0,0,0,0,0,0,0,0,0,0,0,0,0.000000,0.000000,0.000000,0,0,0.00,0,0,0,0,SKIPPED,0,0,equal,,,,,,,,,,,used,,,,20260925-0901
,EHAUSM-I,C8T1S5I8N5K,43,0,0.000200,0.000,0.020,0,0,0,0,0,0,0,0,0,0,0,0,0.000000,0.000000,0.000000,0,0,0.00,0,0,0,0,SKIPPED,0,0,equal,,,,,,,,,,,used,,,,20260925-0901
,EHAUSM-I,C8T1S5I8N5K,44,0,0.000200,0.000,0.020,0,0,0,0,0,0,0,0,0,0,0,0,0.000000,0.000000,0.000000,0,0,0.00,0,0,0,0,SKIPPED,0,0,equal,,,,,,,,,,,used,,,,20260925-0901
,EHAUSM-I,C8T1S5I8N5K,45,0,0.000200,0.000,0.020,0,0,0,0,0,0,0,0,0,0,0,0,0.000000,0.000000,0.000000,0,0,0.00,0,0,0,0,SKIPPED,0,0,equal,,,,,,,,,,,used,,,,20260925-0901
,EHAUSM-I,C8T1S5I8N5K,46,0,0.000200,0.000,0.020,0,0,0,0,0,0,0,0,0,0,0,0,0.000000,0.000000,0.000000,0,0,0.00,0,0,0,0,SKIPPED,0,0,equal,,,,,,,,,,,used,,,,20260925-0901
,EHAUSM-I,C8T1S5I8N5K,47,0,0.000200,0.000,0.020,0,0,0,0,0,0,0,0,0,0,0,0,0.000000,0.000000,0.000000,0,0,0.00,0,0,0,0,SKIPPED,0,0,equal,,,,,,,,,,,used,,,,20260925-0901
,EHAUSM-I,C8T1S5I8N5K,48,0,0.000200,0.000,0.020,0,0,0,0,0,0,0,0,0,0,0,0,0.000000,0.000000,0.000000,0,0,0.00,0,0,0,0,SKIPPED,0,0,equal,,,,,,,,,,,used,,,,20260925-0901
,EHAUSM-I,C8T1S5I8N5K,49,0,0.000200,0.000,0.020,0,0,0,0,0,0,0,0,0,0,0,0,0.000000,0.000000,0.000000,0,0,0.00,0,0,0,0,SKIPPED,0,0,equal,,,,,,,,,,,used,,,,20260925-0901
,EHAUSM-I,C8T1S5I8N5K,0,0,0.000200,0.000,0.010,0,0,0,0,0,0,0,0,0,0,0,0,0.000000,0.000000,0.000000,0,0,0.00,0,0,0,0,OOM,0,0,equal,,,,,,,,,,,used,,,,20260925-0901
,EHAUSM-I,C8T1S5I8N5K,1,0,0.000200,0.000,0.010,0,0,0,0,0,0,0,0,0,0,0,0,0.000000,0.000000,0.000000,0,0,0.00,0,0,0,0,SKIPPED,0,0,equal,,,,,,,,,,,used,,,,20260925-0901
,EHAUSM-I,C8T1S5I8N5K,2,0,0.000200,0.000,0.010,0,0,0,0,0,0,0,0,0,0,0,0,0.000000,0.000000,0.000000,0,0,0.00,0,0,0,0,SKIPPED,0,0,equal,,,,,,,,,,,used,,,,20260925-0901
,EHAUSM-I,C8T1S5I8N5K,3,0,0.000200,0.000,0.010,0,0,0,0,0,0,0,0,0,0,0,0,0.000000,0.000000,0.000000,0,0,0.00,0,0,0,0,SKIPPED,0,0,equal,,,,,,,,,,,used,,,,20260925-0901
,EHAUSM-I,C8T1S5I8N5K,4,0,0.000200,0.000,0.010,0,0,0,0,0,0,0,0,0,0,0,0,0.000000,0.000000,0.000000,0,0,0.00,0,0,0,0,SKIPPED,0,0,equal,,,,,,,,,,,used,,,,20260925-0901
,EHAUSM-I,C8T1S5I8N5K,5,0,0.000200,0.000,0.010,0,0,0,0,0,0,0,0,0,0,0,0,0.000000,0.000000,0.000000,0,0,0.00,0,0,0,0,SKIPPED,0,0,equal,,,,,,,,,,,used,,,,20260925-0901
,EHAUSM-I,C8T1S5I8N5K,6,0,0.000200,0.000,0.010,0,0,0,0,0,0,0,0,0,0,0,0,0.000000,0.000000,0.000000,0,0,0.00,0,0,0,0,SKIPPED,0,0,equal,,,,,,,,,,,used,,,,20260925-0901
,EHAUSM-I,C8T1S5I8N5K,7,0,0.000200,0.000,0.010,0,0,0,0,0,0,0,0,0,0,0,0,0.000000,0.000000,0.000000,0,0,0.00,0,0,0,0,SKIPPED,0,0,equal,,,,,,,,,,,used,,,,20260925-0901
,EHAUSM-I,C8T1S5I8N5K,8,0,0.000200,0.000,0.010,0,0,0,0,0,0,0,0,0,0,0,0,0.000000,0.000000,0.000000,0,0,0.00,0,0,0,0,SKIPPED,0,0,equal,,,,,,,,,,,used,,,,20260925-0901
,EHAUSM-I,C8T1S5I8N5K,9,0,0.000200,0.000,0.010,0,0,0,0,0,0,0,0,0,0,0,0,0.000000,0.000000,0.000000,0,0,0.00,0,0,0,0,SKIPPED,0,0,equal,,,,,,,,,,,used,,,,20260925-0901
,EHAUSM-I,C8T1S5I8N5K,10,0,0.000200,0.000,0.010,0,0,0,0,0,0,0,0,0,0,0,0,0.000000,0.000000,0.000000,0,0,0.00,0,0,0,0,SKIPPED,0,0,equal,,,,,,,,,,,used,,,,20260925-0901
,EHAUSM-I,C8T1S5I8N5K,11,0,0.000200,0.000,0.010,0,0,0,0,0,0,0,0,0,0,0,0,0.000000,0.000000,0.000000,0,0,0.00,0,0,0,0,SKIPPED,0,0,equal,,,,,,,,,,,used,,,,20260925-0901
,EHAUSM-I,C8T1S5I8N5K,12,0,0.000200,0.000,0.010,0,0,0,0,0,0,0,0,0,0,0,0,0.000000,0.000000,0.000000,0,0,0.00,0,0,0,0,SKIPPED,0,0,equal,,,,,,,,,,,used,,,,20260925-0901
,EHAUSM-I,C8T1S5I8N5K,13,0,0.000200,0.000,0.010,0,0,0,0,0,0,0,0,0,0,0,0,0.000000,0.000000,0.000000,0,0,0.00,0,0,0,0,SKIPPED,0,0,equal,,,,,,,,,,,used,,,,20260925-0901
,EHAUSM-I,C8T1S5I8N5K,14,0,0.000200,0.000,0.010,0,0,0,0,0,0,0,0,0,0,0,0,0.000000,0.000000,0.000000,0,0,0.00,0,0,0,0,SKIPPED,0,0,equal,,,,,,,,,,,used,,,,20260925-0901
,EHAUSM-I,C8T1S5I8N5K,15,0,0.000200,0.000,0.010,0,0,0,0,0,0,0,0,0,0,0,0,0.000000,0.000000,0.000000,0,0,0.00,0,0,0,0,SKIPPED,0,0,equal,,,,,,,,,,,used,,,,20260925-0901
,EHAUSM-I,C8T1S5I8N5K,16,0,0.000200,0.000,0.010,0,0,0,0,0,0,0,0,0,0,0,0,0.000000,0.000000,0.000000,0,0,0.00,0,0,0,0,SKIPPED,0,0,equal,,,,,,,,,,,used,,,,20260925-0901
,EHAUSM-I,C8T1S5I8N5K,17,0,0.000200,0.000,0.010,0,0,0,0,0,0,0,0,0,0,0,0,0.000000,0.000000,0.000000,0,0,0.00,0,0,0,0,SKIPPED,0,0,equal,,,,,,,,,,,used,,,,20260925-0901
,EHAUSM-I,C8T1S5I8N5K,18,0,0.000200,0.000,0.010,0,0,0,0,0,0,0,0,0,0,0,0,0.000000,0.000000,0.000000,0,0,0.00,0,0,0,0,SKIPPED,0,0,equal,,,,,,,,,,,used,,,,20260925-0901
,EHAUSM-I,C8T1S5I8N5K,19,0,0.000200,0.000,0.010,0,0,0,0,0,0,0,0,0,0,0,0,0.000000,0.000000,0.000000,0,0,0.00,0,0,0,0,SKIPPED,0,0,equal,,,,,,,,,,,used,,,,20260925-0901
,EHAUSM-I,C8T1S5I8N5K,20,0,0.000200,0.000,0.010,0,0,0,0,0,0,0,0,0,0,0,0,0.000000,0.000000,0.000000,0,0,0.00,0,0,0,0,SKIPPED,0,0,equal,,,,,,,,,,,used,,,,20260925-0901
,EHAUSM-I,C8T1S5I8N5K,21,0,0.000200,0.000,0.010,0,0,0,0,0,0,0,0,0,0,0,0,0.000000,0.000000,0.000000,0,0,0.00,0,0,0,0,SKIPPED,0,0,equal,,,,,,,,,,,used,,,,20260925-0901
,EHAUSM-I,C8T1S5I8N5K,22,0,0.000200,0.000,0.010,0,0,0,0,0,0,0,0,0,0,0,0,0.000000,0.000000,0.000000,0,0,0.00,0,0,0,0,SKIPPED,0,0,equal,,,,,,,,,,,used,,,,20260925-0901
,EHAUSM-I,C8T1S5I8N5K,23,0,0.000200,0.000,0.010,0,0,0,0,0,0,0,0,0,0,0,0,0.000000,0.000000,0.000000,0,0,0.00,0,0,0,0,SKIPPED,0,0,equal,,,,,,,,,,,used,,,,20260925-0901
,EHAUSM-I,C8T1S5I8N5K,24,0,0.000200,0.000,0.010,0,0,0,0,0,0,0,0,0,0,0,0,0.000000,0.000000,0.000000,0,0,0.00,0,0,0,0,SKIPPED,0,0,equal,,,,,,,,,,,used,,,,20260925-0901
,EHAUSM-I,C8T1S5I8N5K,25,0,0.000200,0.000,0.010,0,0,0,0,0,0,0,0,0,0,0,0,0.000000,0.000000,0.000000,0,0,0.00,0,0,0,0,SKIPPED,0,0,equal,,,,,,,,,,,used,,,,20260925-0901
,EHAUSM-I,C8T1S5I8N5K,26,0,0.000200,0.000,0.010,0,0,0,0,0,0,0,0,0,0,0,0,0.000000,0.000000,0.000000,0,0,0.00,0,0,0,0,SKIPPED,0,0,equal,,,,,,,,,,,used,,,,20260925-0901
,EHAUSM-I,C8T1S5I8N5K,27,0,0.000200,0.000,0.010,0,0,0,0,0,0,0,0,0,0,0,0,0.000000,0.000000,0.000000,0,0,0.00,0,0,0,0,SKIPPED,0,0,equal,,,,,,,,,,,used,,,,20260925-0901
,EHAUSM-I,C8T1S5I8N5K,28,0,0.000200,0.000,0.010,0,0,0,0,0,0,0,0,0,0,0,0,0.000000,0.000000,0.000000,0,0,0.00,0,0,0,0,SKIPPED,0,0,equal,,,,,,,,,,,used,,,,20260925-0901
,EHAUSM-I,C8T1S5I8N5K,29,0,0.000200,0.000,0.010,0,0,0,0,0,0,0,0,0,0,0,0,0.000000,0.000000,0.000000,0,0,0.00,0,0,0,0,SKIPPED,0,0,equal,,,,,,,,,,,used,,,,20260925-0901
,EHAUSM-I,C8T1S5I8N5K,30,0,0.000200,0.000,0.010,0,0,0,0,0,0,0,0,0,0,0,0,0.000000,0.000000,0.000000,0,0,0.00,0,0,0,0,SKIPPED,0,0,equal,,,,,,,,,,,used,,,,20260925-0901
,EHAUSM-I,C8T1S5I8N5K,31,0,0.000200,0.000,0.010,0,0,0,0,0,0,0,0,0,0,0,0,0.000000,0.000000,0.000000,0,0,0.00,0,0,0,0,SKIPPED,0,0,equal,,,,,,,,,,,used,,,,20260925-0901
,EHAUSM-I,C8T1S5I8N5K,32,0,0.000200,0.000,0.010,0,0,0,0,0,0,0,0,0,0,0,0,0.000000,0.000000,0.000000,0,0,0.00,0,0,0,0,SKIPPED,0,0,equal,,,,,,,,,,,used,,,,20260925-0901
,EHAUSM-I,C8T1S5I8N5K,33,0,0.000200,0.000,0.010,0,0,0,0,0,0,0,0,0,0,0,0,0.000000,0.000000,0.000000,0,0,0.00,0,0,0,0,SKIPPED,0,0,equal,,,,,,,,,,,used,,,,20260925-0901
,EHAUSM-I,C8T1S5I8N5K,34,0,0.000200,0.000,0.010,0,0,0,0,0,0,0,0,0,0,0,0,0.000000,0.000000,0.000000,0,0,0.00,0,0,0,0,SKIPPED,0,0,equal,,,,,,,,,,,used,,,,20260925-0901
,EHAUSM-I,C8T1S5I8N5K,35,0,0.000200,0.000,0.010,0,0,0,0,0,0,0,0,0,0,0,0,0.000000,0.000000,0.000000,0,0,0.00,0,0,0,0,SKIPPED,0,0,equal,,,,,,,,,,,used,,,,20260925-0901
,EHAUSM-I,C8T1S5I8N5K,36,0,0.000200,0.000,0.010,0,0,0,0,0,0,0,0,0,0,0,0,0.000000,0.000000,0.000000,0,0,0.00,0,0,0,0,SKIPPED,0,0,equal,,,,,,,,,,,used,,,,20260925-0901
,EHAUSM-I,C8T1S5I8N5K,37,0,0.000200,0.000,0.010,0,0,0,0,0,0,0,0,0,0,0,0,0.000000,0.000000,0.000000,0,0,0.00,0,0,0,0,SKIPPED,0,0,equal,,,,,,,,,,,used,,,,20260925-0901
,EHAUSM-I,C8T1S5I8N5K,38,0,0.000200,0.000,0.010,0,0,0,0,0,0,0,0,0,0,0,0,0.000000,0.000000,0.000000,0,0,0.00,0,0,0,0,SKIPPED,0,0,equal,,,,,,,,,,,used,,,,20260925-0901
,EHAUSM-I,C8T1S5I8N5K,39,0,0.000200,0.000,0.010,0,0,0,0,0,0,0,0,0,0,0,0,0.000000,0.000000,0.000000,0,0,0.00,0,0,0,0,SKIPPED,0,0,equal,,,,,,,,,,,used,,,,20260925-0901
,EHAUSM-I,C8T1S5I8N5K,40,0,0.000200,0.000,0.010,0,0,0,0,0,0,0,0,0,0,0,0,0.000000,0.000000,0.000000,0,0,0.00,0,0,0,0,SKIPPED,0,0,equal,,,,,,,,,,,used,,,,20260925-0901
,EHAUSM-I,C8T1S5I8N5K,41,0,0.000200,0.000,0.010,0,0,0,0,0,0,0,0,0,0,0,0,0.000000,0.000000,0.000000,0,0,0.00,0,0,0,0,SKIPPED,0,0,equal,,,,,,,,,,,used,,,,20260925-0901
,EHAUSM-I,C8T1S5I8N5K,42,0,0.000200,0.000,0.010,0,0,0,0,0,0,0,0,0,0,0,0,0.000000,0.000000,0.000000,0,0,0.00,0,0,0,0,SKIPPED,0,0,equal,,,,,,,,,,,used,,,,20260925-0901
,EHAUSM-I,C8T1S5I8N5K,43,0,0.000200,0.000,0.010,0,0,0,0,0,0,0,0,0,0,0,0,0.000000,0.000000,0.000000,0,0,0.00,0,0,0,0,SKIPPED,0,0,equal,,,,,,,,,,,used,,,,20260925-0901
,EHAUSM-I,C8T1S5I8N5K,44,0,0.000200,0.000,0.010,0,0,0,0,0,0,0,0,0,0,0,0,0.000000,0.000000,0.000000,0,0,0.00,0,0,0,0,SKIPPED,0,0,equal,,,,,,,,,,,used,,,,20260925-0901
,EHAUSM-I,C8T1S5I8N5K,45,0,0.000200,0.000,0.010,0,0,0,0,0,0,0,0,0,0,0,0,0.000000,0.000000,0.000000,0,0,0.00,0,0,0,0,SKIPPED,0,0,equal,,,,,,,,,,,used,,,,20260925-0901
,EHAUSM-I,C8T1S5I8N5K,46,0,0.000200,0.000,0.010,0,0,0,0,0,0,0,0,0,0,0,0,0.000000,0.000000,0.000000,0,0,0.00,0,0,0,0,SKIPPED,0,0,equal,,,,,,,,,,,used,,,,20260925-0901
,EHAUSM-I,C8T1S5I8N5K,47,0,0.000200,0.000,0.010,0,0,0,0,0,0,0,0,0,0,0,0,0.000000,0.000000,0.000000,0,0,0.00,0,0,0,0,SKIPPED,0,0,equal,,,,,,,,,,,used,,,,20260925-0901
,EHAUSM-I,C8T1S5I8N5K,48,0,0.000200,0.000,0.010,0,0,0,0,0,0,0,0,0,0,0,0,0.000000,0.000000,0.000000,0,0,0.00,0,0,0,0,SKIPPED,0,0,equal,,,,,,,,,,,used,,,,20260925-0901
,EHAUSM-I,C8T1S5I8N5K,49,0,0.000200,0.000,0.010,0,0,0,0,0,0,0,0,0,0,0,0,0.000000,0.000000,0.000000,0,0,0.00,0,0,0,0,SKIPPED,0,0,equal,,,,,,,,,,,used,,,,20260925-0901
,EHAUSM-I,C8T1S5I8N5K,50,0,0.000200,0.000,0.010,0,0,0,0,0,0,0,0,0,0,0,0,0.000000,0.000000,0.000000,0,0,0.00,0,0,0,0,SKIPPED,0,0,equal,,,,,,,,,,,used,,,,20260925-0901
,EHAUSM-I,C8T1S5I8N5K,51,0,0.000200,0.000,0.010,0,0,0,0,0,0,0,0,0,0,0,0,0.000000,0.000000,0.000000,0,0,0.00,0,0,0,0,SKIPPED,0,0,equal,,,,,,,,,,,used,,,,20260925-0901
,EHAUSM-I,C8T1S5I8N5K,52,0,0.000200,0.000,0.010,0,0,0,0,0,0,0,0,0,0,0,0,0.000000,0.000000,0.000000,0,0,0.00,0,0,0,0,SKIPPED,0,0,equal,,,,,,,,,,,used,,,,20260925-0901
,EHAUSM-I,C8T1S5I8N5K,53,0,0.000200,0.000,0.010,0,0,0,0,0,0,0,0,0,0,0,0,0.000000,0.000000,0.000000,0,0,0.00,0,0,0,0,SKIPPED,0,0,equal,,,,,,,,,,,used,,,,20260925-0901
,EHAUSM-I,C8T1S5I8N5K,54,0,0.000200,0.000,0.010,0,0,0,0,0,0,0,0,0,0,0,0,0.000000,0.000000,0.000000,0,0,0.00,0,0,0,0,SKIPPED,0,0,equal,,,,,,,,,,,used,,,,20260925-0901
,EHAUSM-I,C8T1S5I8N5K,55,0,0.000200,0.000,0.010,0,0,0,0,0,0,0,0,0,0,0,0,0.000000,0.000000,0.000000,0,0,0.00,0,0,0,0,SKIPPED,0,0,equal,,,,,,,,,,,used,,,,20260925-0901
,EHAUSM-I,C8T1S5I8N5K,56,0,0.000200,0.000,0.010,0,0,0,0,0,0,0,0,0,0,0,0,0.000000,0.000000,0.000000,0,0,0.00,0,0,0,0,SKIPPED,0,0,equal,,,,,,,,,,,used,,,,20260925-0901
,EHAUSM-I,C8T1S5I8N5K,57,0,0.000200,0.000,0.010,0,0,0,0,0,0,0,0,0,0,0,0,0.000000,0.000000,0.000000,0,0,0.00,0,0,0,0,SKIPPED,0,0,equal,,,,,,,,,,,used,,,,20260925-0901
,EHAUSM-I,C8T1S5I8N5K,58,0,0.000200,0.000,0.010,0,0,0,0,0,0,0,0,0,0,0,0,0.000000,0.000000,0.000000,0,0,0.00,0,0,0,0,SKIPPED,0,0,equal,,,,,,,,,,,used,,,,20260925-0901
,EHAUSM-I,C8T1S5I8N5K,59,0,0.000200,0.000,0.010,0,0,0,0,0,0,0,0,0,0,0,0,0.000000,0.000000,0.000000,0,0,0.00,0,0,0,0,SKIPPED,0,0,equal,,,,,,,,,,,used,,,,20260925-0901
,EHAUSM-I,C8T1S5I8N5K,60,0,0.000200,0.000,0.010,0,0,0,0,0,0,0,0,0,0,0,0,0.000000,0.000000,0.000000,0,0,0.00,0,0,0,0,SKIPPED,0,0,equal,,,,,,,,,,,used,,,,20260925-0901
,EHAUSM-I,C8T1S5I8N5K,61,0,0.000200,0.000,0.010,0,0,0,0,0,0,0,0,0,0,0,0,0.000000,0.000000,0.000000,0,0,0.00,0,0,0,0,SKIPPED,0,0,equal,,,,,,,,,,,used,,,,20260925-0901
,EHAUSM-I,C8T1S5I8N5K,62,0,0.000200,0.000,0.010,0,0,0,0,0,0,0,0,0,0,0,0,0.000000,0.000000,0.000000,0,0,0.00,0,0,0,0,SKIPPED,0,0,equal,,,,,,,,,,,used,,,,20260925-0901
,EHAUSM-I,C8T1S5I8N5K,63,0,0.000200,0.000,0.010,0,0,0,0,0,0,0,0,0,0,0,0,0.000000,0.000000,0.000000,0,0,0.00,0,0,0,0,SKIPPED,0,0,equal,,,,,,,,,,,used,,,,20260925-0901
,EHAUSM-I,C8T1S5I8N5K,64,0,0.000200,0.000,0.010,0,0,0,0,0,0,0,0,0,0,0,0,0.000000,0.000000,0.000000,0,0,0.00,0,0,0,0,SKIPPED,0,0,equal,,,,,,,,,,,used,,,,20260925-0901
,EHAUSM-I,C8T1S5I8N5K,65,0,0.000200,0.000,0.010,0,0,0,0,0,0,0,0,0,0,0,0,0.000000,0.000000,0.000000,0,0,0.00,0,0,0,0,SKIPPED,0,0,equal,,,,,,,,,,,used,,,,20260925-0901
,EHAUSM-I,C8T1S5I8N5K,66,0,0.000200,0.000,0.010,0,0,0,0,0,0,0,0,0,0,0,0,0.000000,0.000000,0.000000,0,0,0.00,0,0,0,0,SKIPPED,0,0,equal,,,,,,,,,,,used,,,,20260925-0901
,EHAUSM-I,C8T1S5I8N5K,67,0,0.000200,0.000,0.010,0,0,0,0,0,0,0,0,0,0,0,0,0.000000,0.000000,0.000000,0,0,0.00,0,0,0,0,SKIPPED,0,0,equal,,,,,,,,,,,used,,,,20260925-0901
,EHAUSM-I,C8T1S5I8N5K,68,0,0.000200,0.000,0.010,0,0,0,0,0,0,0,0,0,0,0,0,0.000000,0.000000,0.000000,0,0,0.00,0,0,0,0,SKIPPED,0,0,equal,,,,,,,,,,,used,,,,20260925-0901
,EHAUSM-I,C8T1S5I8N5K,69,0,0.000200,0.000,0.010,0,0,0,0,0,0,0,0,0,0,0,0,0.000000,0.000000,0.000000,0,0,0.00,0,0,0,0,SKIPPED,0,0,equal,,,,,,,,,,,used,,,,20260925-0901
,EHAUSM-I,C8T1S5I8N5K,70,0,0.000200,0.000,0.010,0,0,0,0,0,0,0,0,0,0,0,0,0.000000,0.000000,0.000000,0,0,0.00,0,0,0,0,SKIPPED,0,0,equal,,,,,,,,,,,used,,,,20260925-0901
,EHAUSM-I,C8T1S5I8N5K,71,0,0.000200,0.000,0.010,0,0,0,0,0,0,0,0,0,0,0,0,0.000000,0.000000,0.000000,0,0,0.00,0,0,0,0,SKIPPED,0,0,equal,,,,,,,,,,,used,,,,20260925-0901
,EHAUSM-I,C8T1S5I8N5K,72,0,0.000200,0.000,0.010,0,0,0,0,0,0,0,0,0,0,0,0,0.000000,0.000000,0.000000,0,0,0.00,0,0,0,0,SKIPPED,0,0,equal,,,,,,,,,,,used,,,,20260925-0901
,EHAUSM-I,C8T1S5I8N5K,73,0,0.000200,0.000,0.010,0,0,0,0,0,0,0,0,0,0,0,0,0.000000,0.000000,0.000000,0,0,0.00,0,0,0,0,SKIPPED,0,0,equal,,,,,,,,,,,used,,,,20260925-0901
,EHAUSM-I,C8T1S5I8N5K,74,0,0.000200,0.000,0.010,0,0,0,0,0,0,0,0,0,0,0,0,0.000000,0.000000,0.000000,0,0,0.00,0,0,0,0,SKIPPED,0,0,equal,,,,,,,,,,,used,,,,20260925-0901
,EHAUSM-I,C8T1S5I8N5K,75,0,0.000200,0.000,0.010,0,0,0,0,0,0,0,0,0,0,0,0,0.000000,0.000000,0.000000,0,0,0.00,0,0,0,0,SKIPPED,0,0,equal,,,,,,,,,,,used,,,,20260925-0901
,EHAUSM-I,C8T1S5I8N5K,76,0,0.000200,0.000,0.010,0,0,0,0,0,0,0,0,0,0,0,0,0.000000,0.000000,0.000000,0,0,0.00,0,0,0,0,SKIPPED,0,0,equal,,,,,,,,,,,used,,,,20260925-0901
,EHAUSM-I,C8T1S5I8N5K,77,0,0.000200,0.000,0.010,0,0,0,0,0,0,0,0,0,0,0,0,0.000000,0.000000,0.000000,0,0,0.00,0,0,0,0,SKIPPED,0,0,equal,,,,,,,,,,,used,,,,20260925-0901
,EHAUSM-I,C8T1S5I8N5K,78,0,0.000200,0.000,0.010,0,0,0,0,0,0,0,0,0,0,0,0,0.000000,0.000000,0.000000,0,0,0.00,0,0,0,0,SKIPPED,0,0,equal,,,,,,,,,,,used,,,,20260925-0901
,EHAUSM-I,C8T1S5I8N5K,79,0,0.000200,0.000,0.010,0,0,0,0,0,0,0,0,0,0,0,0,0.000000,0.000000,0.000000,0,0,0.00,0,0,0,0,SKIPPED,0,0,equal,,,,,,,,,,,used,,,,20260925-0901
,EHAUSM-I,C8T1S5I8N5K,80,0,0.000200,0.000,0.010,0,0,0,0,0,0,0,0,0,0,0,0,0.000000,0.000000,0.000000,0,0,0.00,0,0,0,0,SKIPPED,0,0,equal,,,,,,,,,,,used,,,,20260925-0901
,EHAUSM-I,C8T1S5I8N5K,81,0,0.000200,0.000,0.010,0,0,0,0,0,0,0,0,0,0,0,0,0.000000,0.000000,0.000000,0,0,0.00,0,0,0,0,SKIPPED,0,0,equal,,,,,,,,,,,used,,,,20260925-0901
,EHAUSM-I,C8T1S5I8N5K,82,0,0.000200,0.000,0.010,0,0,0,0,0,0,0,0,0,0,0,0,0.000000,0.000000,0.000000,0,0,0.00,0,0,0,0,SKIPPED,0,0,equal,,,,,,,,,,,used,,,,20260925-0901
,EHAUSM-I,C8T1S5I8N5K,83,0,0.000200,0.000,0.010,0,0,0,0,0,0,0,0,0,0,0,0,0.000000,0.000000,0.000000,0,0,0.00,0,0,0,0,SKIPPED,0,0,equal,,,,,,,,,,,used,,,,20260925-0901
,EHAUSM-I,C8T1S5I8N5K,84,0,0.000200,0.000,0.010,0,0,0,0,0,0,0,0,0,0,0,0,0.000000,0.000000,0.000000,0,0,0.00,0,0,0,0,SKIPPED,0,0,equal,,,,,,,,,,,used,,,,20260925-0901
,EHAUSM-I,C8T1S5I8N5K,85,0,0.000200,0.000,0.010,0,0,0,0,0,0,0,0,0,0,0,0,0.000000,0.000000,0.000000,0,0,0.00,0,0,0,0,SKIPPED,0,0,equal,,,,,,,,,,,used,,,,20260925-0901
,EHAUSM-I,C8T1S5I8N5K,86,0,0.000200,0.000,0.010,0,0,0,0,0,0,0,0,0,0,0,0,0.000000,0.000000,0.000000,0,0,0.00,0,0,0,0,SKIPPED,0,0,equal,,,,,,,,,,,used,,,,20260925-0901
,EHAUSM-I,C8T1S5I8N5K,87,0,0.000200,0.000,0.010,0,0,0,0,0,0,0,0,0,0,0,0,0.000000,0.000000,0.000000,0,0,0.00,0,0,0,0,SKIPPED,0,0,equal,,,,,,,,,,,used,,,,20260925-0901
,EHAUSM-I,C8T1S5I8N5K,88,0,0.000200,0.000,0.010,0,0,0,0,0,0,0,0,0,0,0,0,0.000000,0.000000,0.000000,0,0,0.00,0,0,0,0,SKIPPED,0,0,equal,,,,,,,,,,,used,,,,20260925-0901
,EHAUSM-I,C8T1S5I8N5K,89,0,0.000200,0.000,0.010,0,0,0,0,0,0,0,0,0,0,0,0,0.000000,0.000000,0.000000,0,0,0.00,0,0,0,0,SKIPPED,0,0,equal,,,,,,,,,,,used,,,,20260925-0901
,EHAUSM-I,C8T1S5I8N5K,90,0,0.000200,0.000,0.010,0,0,0,0,0,0,0,0,0,0,0,0,0.000000,0.000000,0.000000,0,0,0.00,0,0,0,0,SKIPPED,0,0,equal,,,,,,,,,,,used,,,,20260925-0901
,EHAUSM-I,C8T1S5I8N5K,91,0,0.000200,0.000,0.010,0,0,0,0,0,0,0,0,0,0,0,0,0.000000,0.000000,0.000000,0,0,0.00,0,0,0,0,SKIPPED,0,0,equal,,,,,,,,,,,used,,,,20260925-0901
,EHAUSM-I,C8T1S5I8N5K,92,0,0.000200,0.000,0.010,0,0,0,0,0,0,0,0,0,0,0,0,0.000000,0.000000,0.000000,0,0,0.00,0,0,0,0,SKIPPED,0,0,equal,,,,,,,,,,,used,,,,20260925-0901
,EHAUSM-I,C8T1S5I8N5K,93,0,0.000200,0.000,0.010,0,0,0,0,0,0,0,0,0,0,0,0,0.000000,0.000000,0.000000,0,0,0.00,0,0,0,0,SKIPPED,0,0,equal,,,,,,,,,,,used,,,,20260925-0901
,EHAUSM-I,C8T1S5I8N5K,94,0,0.000200,0.000,0.010,0,0,0,0,0,0,0,0,0,0,0,0,0.000000,0.000000,0.000000,0,0,0.00,0,0,0,0,SKIPPED,0,0,equal,,,,,,,,,,,used,,,,20260925-0901
,EHAUSM-I,C8T1S5I8N5K,95,0,0.000200,0.000,0.010,0,0,0,0,0,0,0,0,0,0,0,0,0.000000,0.000000,0.000000,0,0,0.00,0,0,0,0,SKIPPED,0,0,equal,,,,,,,,,,,used,,,,20260925-0901
,EHAUSM-I,C8T1S5I8N5K,96,0,0.000200,0.000,0.010,0,0,0,0,0,0,0,0,0,0,0,0,0.000000,0.000000,0.000000,0,0,0.00,0,0,0,0,SKIPPED,0,0,equal,,,,,,,,,,,used,,,,20260925-0901
,EHAUSM-I,C8T1S5I8N5K,97,0,0.000200,0.000,0.010,0,0,0,0,0,0,0,0,0,0,0,0,0.000000,0.000000,0.000000,0,0,0.00,0,0,0,0,SKIPPED,0,0,equal,,,,,,,,,,,used,,,,20260925-0901
,EHAUSM-I,C8T1S5I8N5K,98,0,0.000200,0.000,0.010,0,0,0,0,0,0,0,0,0,0,0,0,0.000000,0.000000,0.000000,0,0,0.00,0,0,0,0,SKIPPED,0,0,equal,,,,,,,,,,,used,,,,20260925-0901
,EHAUSM-I,C8T1S5I8N5K,99,0,0.000200,0.000,0.010,0,0,0,0,0,0,0,0,0,0,0,0,0.000000,0.000000,0.000000,0,0,0.00,0,0,0,0,SKIPPED,0,0,equal,,,,,,,,,,,used,,,,20260925-0901
# run_id=20260925-0914 git=b75beca jvm=26.0.1 heap=24g host=ThaiTMs-MacBook-Pro.local tree=clean data=51a0304d3d57 cmd=--exp 7 --dataset syn_c8t1s5i8n5k --algo Pre-HAUSPM --k 10,20,50,100 --repeats 3 --repeats-min-seconds 10 --results-dir results-probe/driver-kill --timeout 90
2026-09-25 09:14:23,Pre-HAUSPM,C8T1S5I8N5K,0,0,0.000200,0.200,0.100,4733978,4713,5,8721,8727,0,0,0,126477208,0,122858975,0,0.000000,0.000000,0.000000,23593,215616,1901.45,0,0,0,0,SUCCESS,0,0,equal,,,,,1,0,4733978,0,,,used,,,,20260925-0914
2026-09-25 09:14:24,Pre-HAUSPM,C8T1S5I8N5K,1,0,0.000200,0.200,0.100,9488004,9426,3,1808,1811,0,0,0,21109469,0,20750611,0,0.000000,0.000000,0.000000,6078,62730,428.44,0,0,0,0,SUCCESS,0,0,equal,,,,,1,0,4754026,189,,,used,,,,20260925-0914
2026-09-25 09:14:26,Pre-HAUSPM,C8T1S5I8N5K,2,0,0.000200,0.200,0.100,14222171,14139,1,1830,1832,0,0,0,18224447,0,17987134,0,0.000000,0.000000,0.000000,5572,62409,2377.74,0,0,0,0,SUCCESS,0,0,equal,,,,,1,0,4734167,380,,,used,,,,20260925-0914
2026-09-25 09:14:28,Pre-HAUSPM,C8T1S5I8N5K,3,0,0.000200,0.200,0.100,18951306,18852,1,1889,1890,0,0,0,16792668,0,16596308,0,0.000000,0.000000,0.000000,4680,59955,545.98,0,0,0,0,SUCCESS,0,0,equal,,,,,1,0,4729135,569,,,used,,,,20260925-0914
2026-09-25 09:14:30,Pre-HAUSPM,C8T1S5I8N5K,4,0,0.000200,0.200,0.100,23738030,23565,1,2100,2101,0,0,0,17264995,0,17084052,0,0.000000,0.000000,0.000000,3498,55327,1947.55,0,0,0,0,SUCCESS,0,0,equal,,,,,1,0,4786724,758,,,used,,,,20260925-0914
2026-09-25 09:14:33,Pre-HAUSPM,C8T1S5I8N5K,5,0,0.000200,0.200,0.100,28544670,28278,1,2387,2389,0,0,0,17890707,0,17715854,0,0.000000,0.000000,0.000000,3088,53952,1297.54,0,0,0,0,SUCCESS,0,0,equal,,,,,1,0,4806640,950,,,used,,,,20260925-0914
2026-09-25 09:14:35,Pre-HAUSPM,C8T1S5I8N5K,6,0,0.000200,0.200,0.100,33272585,32991,1,2673,2675,0,0,0,18851660,0,18681373,0,0.000000,0.000000,0.000000,2965,53169,1786.46,0,0,0,0,SUCCESS,0,0,equal,,,,,1,0,4727915,1142,,,used,,,,20260925-0914
2026-09-25 09:14:38,Pre-HAUSPM,C8T1S5I8N5K,7,0,0.000200,0.200,0.100,38016389,37704,1,2913,2914,0,0,0,19131261,0,18967121,0,0.000000,0.000000,0.000000,2428,51304,244.64,0,0,0,0,SUCCESS,0,0,equal,,,,,1,0,4743804,1331,,,used,,,,20260925-0914
2026-09-25 09:14:42,Pre-HAUSPM,C8T1S5I8N5K,8,0,0.000200,0.200,0.100,42745729,42417,1,3253,3255,0,0,0,19792544,0,19629891,0,0.000000,0.000000,0.000000,2449,50984,2596.81,0,0,0,0,SUCCESS,0,0,equal,,,,,1,0,4729340,1521,,,used,,,,20260925-0914
2026-09-25 09:14:45,Pre-HAUSPM,C8T1S5I8N5K,9,0,0.000200,0.200,0.100,47416411,47132,1,3314,3315,0,0,0,19323837,0,19169868,0,0.000000,0.000000,0.000000,2623,51786,2664.86,0,0,0,0,SUCCESS,0,0,equal,,,,,1,0,4670682,1710,,,used,,,,20260925-0914
2026-09-25 09:14:55,Pre-HAUSPM,C8T1S5I8N5K,0,1,0.000200,0.200,0.100,4733978,4713,2,8796,8798,0,0,0,126477208,0,122858975,0,0.000000,0.000000,0.000000,23593,215616,530.89,0,0,0,0,SUCCESS,0,0,equal,,,,,1,0,4733978,0,,,used,,,,20260925-0914
2026-09-25 09:14:56,Pre-HAUSPM,C8T1S5I8N5K,1,1,0.000200,0.200,0.100,9488004,9426,1,1911,1913,0,0,0,21109469,0,20750611,0,0.000000,0.000000,0.000000,6078,62730,2750.06,0,0,0,0,SUCCESS,0,0,equal,,,,,1,0,4754026,189,,,used,,,,20260925-0914
2026-09-25 09:14:58,Pre-HAUSPM,C8T1S5I8N5K,2,1,0.000200,0.200,0.100,14222171,14139,1,1795,1797,0,0,0,18224447,0,17987134,0,0.000000,0.000000,0.000000,5572,62409,2794.55,0,0,0,0,SUCCESS,0,0,equal,,,,,1,0,4734167,380,,,used,,,,20260925-0914
2026-09-25 09:15:00,Pre-HAUSPM,C8T1S5I8N5K,3,1,0.000200,0.200,0.100,18951306,18852,1,1882,1883,0,0,0,16792668,0,16596308,0,0.000000,0.000000,0.000000,4680,59955,1907.99,0,0,0,0,SUCCESS,0,0,equal,,,,,1,0,4729135,569,,,used,,,,20260925-0914
2026-09-25 09:15:02,Pre-HAUSPM,C8T1S5I8N5K,4,1,0.000200,0.200,0.100,23738030,23565,1,2090,2091,0,0,0,17264995,0,17084052,0,0.000000,0.000000,0.000000,3498,55327,1389.65,0,0,0,0,SUCCESS,0,0,equal,,,,,1,0,4786724,758,,,used,,,,20260925-0914
2026-09-25 09:15:05,Pre-HAUSPM,C8T1S5I8N5K,5,1,0.000200,0.200,0.100,28544670,28278,1,2358,2359,0,0,0,17890707,0,17715854,0,0.000000,0.000000,0.000000,3088,53952,1519.30,0,0,0,0,SUCCESS,0,0,equal,,,,,1,0,4806640,950,,,used,,,,20260925-0914
2026-09-25 09:15:07,Pre-HAUSPM,C8T1S5I8N5K,6,1,0.000200,0.200,0.100,33272585,32991,1,2606,2607,0,0,0,18851660,0,18681373,0,0.000000,0.000000,0.000000,2965,53169,2752.56,0,0,0,0,SUCCESS,0,0,equal,,,,,1,0,4727915,1142,,,used,,,,20260925-0914
2026-09-25 09:15:10,Pre-HAUSPM,C8T1S5I8N5K,7,1,0.000200,0.200,0.100,38016389,37704,1,2814,2815,0,0,0,19131261,0,18967121,0,0.000000,0.000000,0.000000,2428,51304,2154.34,0,0,0,0,SUCCESS,0,0,equal,,,,,1,0,4743804,1331,,,used,,,,20260925-0914
2026-09-25 09:15:13,Pre-HAUSPM,C8T1S5I8N5K,8,1,0.000200,0.200,0.100,42745729,42417,1,3106,3107,0,0,0,19792544,0,19629891,0,0.000000,0.000000,0.000000,2449,50984,367.43,0,0,0,0,SUCCESS,0,0,equal,,,,,1,0,4729340,1521,,,used,,,,20260925-0914
2026-09-25 09:15:17,Pre-HAUSPM,C8T1S5I8N5K,9,1,0.000200,0.200,0.100,47416411,47132,1,3247,3248,0,0,0,19323837,0,19169868,0,0.000000,0.000000,0.000000,2623,51786,1290.83,0,0,0,0,SUCCESS,0,0,equal,,,,,1,0,4670682,1710,,,used,,,,20260925-0914
2026-09-25 09:15:26,Pre-HAUSPM,C8T1S5I8N5K,0,2,0.000200,0.200,0.100,4733978,4713,1,8668,8670,0,0,0,126477208,0,122858975,0,0.000000,0.000000,0.000000,23593,215616,686.76,0,0,0,0,SUCCESS,0,0,equal,,,,,1,0,4733978,0,,,used,,,,20260925-0914
2026-09-25 09:15:28,Pre-HAUSPM,C8T1S5I8N5K,1,2,0.000200,0.200,0.100,9488004,9426,1,1907,1908,0,0,0,21109469,0,20750611,0,0.000000,0.000000,0.000000,6078,62730,350.80,0,0,0,0,SUCCESS,0,0,equal,,,,,1,0,4754026,189,,,used,,,,20260925-0914
2026-09-25 09:15:30,Pre-HAUSPM,C8T1S5I8N5K,2,2,0.000200,0.200,0.100,14222171,14139,1,1876,1877,0,0,0,18224447,0,17987134,0,0.000000,0.000000,0.000000,5572,62409,435.06,0,0,0,0,SUCCESS,0,0,equal,,,,,1,0,4734167,380,,,used,,,,20260925-0914
2026-09-25 09:15:32,Pre-HAUSPM,C8T1S5I8N5K,3,2,0.000200,0.200,0.100,18951306,18852,1,1898,1900,0,0,0,16792668,0,16596308,0,0.000000,0.000000,0.000000,4680,59955,2144.72,0,0,0,0,SUCCESS,0,0,equal,,,,,1,0,4729135,569,,,used,,,,20260925-0914
2026-09-25 09:15:34,Pre-HAUSPM,C8T1S5I8N5K,4,2,0.000200,0.200,0.100,23738030,23565,1,2150,2151,0,0,0,17264995,0,17084052,0,0.000000,0.000000,0.000000,3498,55327,1627.44,0,0,0,0,SUCCESS,0,0,equal,,,,,1,0,4786724,758,,,used,,,,20260925-0914
2026-09-25 09:15:36,Pre-HAUSPM,C8T1S5I8N5K,5,2,0.000200,0.200,0.100,28544670,28278,1,2428,2429,0,0,0,17890707,0,17715854,0,0.000000,0.000000,0.000000,3088,53952,1790.33,0,0,0,0,SUCCESS,0,0,equal,,,,,1,0,4806640,950,,,used,,,,20260925-0914
2026-09-25 09:15:39,Pre-HAUSPM,C8T1S5I8N5K,6,2,0.000200,0.200,0.100,33272585,32991,0,2632,2633,0,0,0,18851660,0,18681373,0,0.000000,0.000000,0.000000,2965,53169,566.98,0,0,0,0,SUCCESS,0,0,equal,,,,,1,0,4727915,1142,,,used,,,,20260925-0914
2026-09-25 09:15:42,Pre-HAUSPM,C8T1S5I8N5K,7,2,0.000200,0.200,0.100,38016389,37704,0,2821,2822,0,0,0,19131261,0,18967121,0,0.000000,0.000000,0.000000,2428,51304,2586.68,0,0,0,0,SUCCESS,0,0,equal,,,,,1,0,4743804,1331,,,used,,,,20260925-0914
2026-09-25 09:15:45,Pre-HAUSPM,C8T1S5I8N5K,8,2,0.000200,0.200,0.100,42745729,42417,0,3107,3108,0,0,0,19792544,0,19629891,0,0.000000,0.000000,0.000000,2449,50984,904.93,0,0,0,0,SUCCESS,0,0,equal,,,,,1,0,4729340,1521,,,used,,,,20260925-0914
2026-09-25 09:15:48,Pre-HAUSPM,C8T1S5I8N5K,9,2,0.000200,0.200,0.100,47416411,47132,1,3268,3269,0,0,0,19323837,0,19169868,0,0.000000,0.000000,0.000000,2623,51786,1928.46,0,0,0,0,SUCCESS,0,0,equal,,,,,1,0,4670682,1710,,,used,,,,20260925-0914
,Pre-HAUSPM,C8T1S5I8N5K,0,0,0.000200,0.200,0.050,0,0,0,0,0,0,0,0,0,0,0,0,0.000000,0.000000,0.000000,0,0,0.00,0,0,0,0,OOM,0,0,equal,,,,,,,,,,,used,,,,20260925-0914
,Pre-HAUSPM,C8T1S5I8N5K,1,0,0.000200,0.200,0.050,0,0,0,0,0,0,0,0,0,0,0,0,0.000000,0.000000,0.000000,0,0,0.00,0,0,0,0,SKIPPED,0,0,equal,,,,,,,,,,,used,,,,20260925-0914
,Pre-HAUSPM,C8T1S5I8N5K,2,0,0.000200,0.200,0.050,0,0,0,0,0,0,0,0,0,0,0,0,0.000000,0.000000,0.000000,0,0,0.00,0,0,0,0,SKIPPED,0,0,equal,,,,,,,,,,,used,,,,20260925-0914
,Pre-HAUSPM,C8T1S5I8N5K,3,0,0.000200,0.200,0.050,0,0,0,0,0,0,0,0,0,0,0,0,0.000000,0.000000,0.000000,0,0,0.00,0,0,0,0,SKIPPED,0,0,equal,,,,,,,,,,,used,,,,20260925-0914
,Pre-HAUSPM,C8T1S5I8N5K,4,0,0.000200,0.200,0.050,0,0,0,0,0,0,0,0,0,0,0,0,0.000000,0.000000,0.000000,0,0,0.00,0,0,0,0,SKIPPED,0,0,equal,,,,,,,,,,,used,,,,20260925-0914
,Pre-HAUSPM,C8T1S5I8N5K,5,0,0.000200,0.200,0.050,0,0,0,0,0,0,0,0,0,0,0,0,0.000000,0.000000,0.000000,0,0,0.00,0,0,0,0,SKIPPED,0,0,equal,,,,,,,,,,,used,,,,20260925-0914
,Pre-HAUSPM,C8T1S5I8N5K,6,0,0.000200,0.200,0.050,0,0,0,0,0,0,0,0,0,0,0,0,0.000000,0.000000,0.000000,0,0,0.00,0,0,0,0,SKIPPED,0,0,equal,,,,,,,,,,,used,,,,20260925-0914
,Pre-HAUSPM,C8T1S5I8N5K,7,0,0.000200,0.200,0.050,0,0,0,0,0,0,0,0,0,0,0,0,0.000000,0.000000,0.000000,0,0,0.00,0,0,0,0,SKIPPED,0,0,equal,,,,,,,,,,,used,,,,20260925-0914
,Pre-HAUSPM,C8T1S5I8N5K,8,0,0.000200,0.200,0.050,0,0,0,0,0,0,0,0,0,0,0,0,0.000000,0.000000,0.000000,0,0,0.00,0,0,0,0,SKIPPED,0,0,equal,,,,,,,,,,,used,,,,20260925-0914
,Pre-HAUSPM,C8T1S5I8N5K,9,0,0.000200,0.200,0.050,0,0,0,0,0,0,0,0,0,0,0,0,0.000000,0.000000,0.000000,0,0,0.00,0,0,0,0,SKIPPED,0,0,equal,,,,,,,,,,,used,,,,20260925-0914
,Pre-HAUSPM,C8T1S5I8N5K,10,0,0.000200,0.200,0.050,0,0,0,0,0,0,0,0,0,0,0,0,0.000000,0.000000,0.000000,0,0,0.00,0,0,0,0,SKIPPED,0,0,equal,,,,,,,,,,,used,,,,20260925-0914
,Pre-HAUSPM,C8T1S5I8N5K,11,0,0.000200,0.200,0.050,0,0,0,0,0,0,0,0,0,0,0,0,0.000000,0.000000,0.000000,0,0,0.00,0,0,0,0,SKIPPED,0,0,equal,,,,,,,,,,,used,,,,20260925-0914
,Pre-HAUSPM,C8T1S5I8N5K,12,0,0.000200,0.200,0.050,0,0,0,0,0,0,0,0,0,0,0,0,0.000000,0.000000,0.000000,0,0,0.00,0,0,0,0,SKIPPED,0,0,equal,,,,,,,,,,,used,,,,20260925-0914
,Pre-HAUSPM,C8T1S5I8N5K,13,0,0.000200,0.200,0.050,0,0,0,0,0,0,0,0,0,0,0,0,0.000000,0.000000,0.000000,0,0,0.00,0,0,0,0,SKIPPED,0,0,equal,,,,,,,,,,,used,,,,20260925-0914
,Pre-HAUSPM,C8T1S5I8N5K,14,0,0.000200,0.200,0.050,0,0,0,0,0,0,0,0,0,0,0,0,0.000000,0.000000,0.000000,0,0,0.00,0,0,0,0,SKIPPED,0,0,equal,,,,,,,,,,,used,,,,20260925-0914
,Pre-HAUSPM,C8T1S5I8N5K,15,0,0.000200,0.200,0.050,0,0,0,0,0,0,0,0,0,0,0,0,0.000000,0.000000,0.000000,0,0,0.00,0,0,0,0,SKIPPED,0,0,equal,,,,,,,,,,,used,,,,20260925-0914
,Pre-HAUSPM,C8T1S5I8N5K,16,0,0.000200,0.200,0.050,0,0,0,0,0,0,0,0,0,0,0,0,0.000000,0.000000,0.000000,0,0,0.00,0,0,0,0,SKIPPED,0,0,equal,,,,,,,,,,,used,,,,20260925-0914
,Pre-HAUSPM,C8T1S5I8N5K,17,0,0.000200,0.200,0.050,0,0,0,0,0,0,0,0,0,0,0,0,0.000000,0.000000,0.000000,0,0,0.00,0,0,0,0,SKIPPED,0,0,equal,,,,,,,,,,,used,,,,20260925-0914
,Pre-HAUSPM,C8T1S5I8N5K,18,0,0.000200,0.200,0.050,0,0,0,0,0,0,0,0,0,0,0,0,0.000000,0.000000,0.000000,0,0,0.00,0,0,0,0,SKIPPED,0,0,equal,,,,,,,,,,,used,,,,20260925-0914
,Pre-HAUSPM,C8T1S5I8N5K,19,0,0.000200,0.200,0.050,0,0,0,0,0,0,0,0,0,0,0,0,0.000000,0.000000,0.000000,0,0,0.00,0,0,0,0,SKIPPED,0,0,equal,,,,,,,,,,,used,,,,20260925-0914
,Pre-HAUSPM,C8T1S5I8N5K,0,0,0.000200,0.200,0.020,0,0,0,0,0,0,0,0,0,0,0,0,0.000000,0.000000,0.000000,0,0,0.00,0,0,0,0,OOM,0,0,equal,,,,,,,,,,,used,,,,20260925-0914
,Pre-HAUSPM,C8T1S5I8N5K,1,0,0.000200,0.200,0.020,0,0,0,0,0,0,0,0,0,0,0,0,0.000000,0.000000,0.000000,0,0,0.00,0,0,0,0,SKIPPED,0,0,equal,,,,,,,,,,,used,,,,20260925-0914
,Pre-HAUSPM,C8T1S5I8N5K,2,0,0.000200,0.200,0.020,0,0,0,0,0,0,0,0,0,0,0,0,0.000000,0.000000,0.000000,0,0,0.00,0,0,0,0,SKIPPED,0,0,equal,,,,,,,,,,,used,,,,20260925-0914
,Pre-HAUSPM,C8T1S5I8N5K,3,0,0.000200,0.200,0.020,0,0,0,0,0,0,0,0,0,0,0,0,0.000000,0.000000,0.000000,0,0,0.00,0,0,0,0,SKIPPED,0,0,equal,,,,,,,,,,,used,,,,20260925-0914
,Pre-HAUSPM,C8T1S5I8N5K,4,0,0.000200,0.200,0.020,0,0,0,0,0,0,0,0,0,0,0,0,0.000000,0.000000,0.000000,0,0,0.00,0,0,0,0,SKIPPED,0,0,equal,,,,,,,,,,,used,,,,20260925-0914
,Pre-HAUSPM,C8T1S5I8N5K,5,0,0.000200,0.200,0.020,0,0,0,0,0,0,0,0,0,0,0,0,0.000000,0.000000,0.000000,0,0,0.00,0,0,0,0,SKIPPED,0,0,equal,,,,,,,,,,,used,,,,20260925-0914
,Pre-HAUSPM,C8T1S5I8N5K,6,0,0.000200,0.200,0.020,0,0,0,0,0,0,0,0,0,0,0,0,0.000000,0.000000,0.000000,0,0,0.00,0,0,0,0,SKIPPED,0,0,equal,,,,,,,,,,,used,,,,20260925-0914
,Pre-HAUSPM,C8T1S5I8N5K,7,0,0.000200,0.200,0.020,0,0,0,0,0,0,0,0,0,0,0,0,0.000000,0.000000,0.000000,0,0,0.00,0,0,0,0,SKIPPED,0,0,equal,,,,,,,,,,,used,,,,20260925-0914
,Pre-HAUSPM,C8T1S5I8N5K,8,0,0.000200,0.200,0.020,0,0,0,0,0,0,0,0,0,0,0,0,0.000000,0.000000,0.000000,0,0,0.00,0,0,0,0,SKIPPED,0,0,equal,,,,,,,,,,,used,,,,20260925-0914
,Pre-HAUSPM,C8T1S5I8N5K,9,0,0.000200,0.200,0.020,0,0,0,0,0,0,0,0,0,0,0,0,0.000000,0.000000,0.000000,0,0,0.00,0,0,0,0,SKIPPED,0,0,equal,,,,,,,,,,,used,,,,20260925-0914
,Pre-HAUSPM,C8T1S5I8N5K,10,0,0.000200,0.200,0.020,0,0,0,0,0,0,0,0,0,0,0,0,0.000000,0.000000,0.000000,0,0,0.00,0,0,0,0,SKIPPED,0,0,equal,,,,,,,,,,,used,,,,20260925-0914
,Pre-HAUSPM,C8T1S5I8N5K,11,0,0.000200,0.200,0.020,0,0,0,0,0,0,0,0,0,0,0,0,0.000000,0.000000,0.000000,0,0,0.00,0,0,0,0,SKIPPED,0,0,equal,,,,,,,,,,,used,,,,20260925-0914
,Pre-HAUSPM,C8T1S5I8N5K,12,0,0.000200,0.200,0.020,0,0,0,0,0,0,0,0,0,0,0,0,0.000000,0.000000,0.000000,0,0,0.00,0,0,0,0,SKIPPED,0,0,equal,,,,,,,,,,,used,,,,20260925-0914
,Pre-HAUSPM,C8T1S5I8N5K,13,0,0.000200,0.200,0.020,0,0,0,0,0,0,0,0,0,0,0,0,0.000000,0.000000,0.000000,0,0,0.00,0,0,0,0,SKIPPED,0,0,equal,,,,,,,,,,,used,,,,20260925-0914
,Pre-HAUSPM,C8T1S5I8N5K,14,0,0.000200,0.200,0.020,0,0,0,0,0,0,0,0,0,0,0,0,0.000000,0.000000,0.000000,0,0,0.00,0,0,0,0,SKIPPED,0,0,equal,,,,,,,,,,,used,,,,20260925-0914
,Pre-HAUSPM,C8T1S5I8N5K,15,0,0.000200,0.200,0.020,0,0,0,0,0,0,0,0,0,0,0,0,0.000000,0.000000,0.000000,0,0,0.00,0,0,0,0,SKIPPED,0,0,equal,,,,,,,,,,,used,,,,20260925-0914
,Pre-HAUSPM,C8T1S5I8N5K,16,0,0.000200,0.200,0.020,0,0,0,0,0,0,0,0,0,0,0,0,0.000000,0.000000,0.000000,0,0,0.00,0,0,0,0,SKIPPED,0,0,equal,,,,,,,,,,,used,,,,20260925-0914
,Pre-HAUSPM,C8T1S5I8N5K,17,0,0.000200,0.200,0.020,0,0,0,0,0,0,0,0,0,0,0,0,0.000000,0.000000,0.000000,0,0,0.00,0,0,0,0,SKIPPED,0,0,equal,,,,,,,,,,,used,,,,20260925-0914
,Pre-HAUSPM,C8T1S5I8N5K,18,0,0.000200,0.200,0.020,0,0,0,0,0,0,0,0,0,0,0,0,0.000000,0.000000,0.000000,0,0,0.00,0,0,0,0,SKIPPED,0,0,equal,,,,,,,,,,,used,,,,20260925-0914
,Pre-HAUSPM,C8T1S5I8N5K,19,0,0.000200,0.200,0.020,0,0,0,0,0,0,0,0,0,0,0,0,0.000000,0.000000,0.000000,0,0,0.00,0,0,0,0,SKIPPED,0,0,equal,,,,,,,,,,,used,,,,20260925-0914
,Pre-HAUSPM,C8T1S5I8N5K,20,0,0.000200,0.200,0.020,0,0,0,0,0,0,0,0,0,0,0,0,0.000000,0.000000,0.000000,0,0,0.00,0,0,0,0,SKIPPED,0,0,equal,,,,,,,,,,,used,,,,20260925-0914
,Pre-HAUSPM,C8T1S5I8N5K,21,0,0.000200,0.200,0.020,0,0,0,0,0,0,0,0,0,0,0,0,0.000000,0.000000,0.000000,0,0,0.00,0,0,0,0,SKIPPED,0,0,equal,,,,,,,,,,,used,,,,20260925-0914
,Pre-HAUSPM,C8T1S5I8N5K,22,0,0.000200,0.200,0.020,0,0,0,0,0,0,0,0,0,0,0,0,0.000000,0.000000,0.000000,0,0,0.00,0,0,0,0,SKIPPED,0,0,equal,,,,,,,,,,,used,,,,20260925-0914
,Pre-HAUSPM,C8T1S5I8N5K,23,0,0.000200,0.200,0.020,0,0,0,0,0,0,0,0,0,0,0,0,0.000000,0.000000,0.000000,0,0,0.00,0,0,0,0,SKIPPED,0,0,equal,,,,,,,,,,,used,,,,20260925-0914
,Pre-HAUSPM,C8T1S5I8N5K,24,0,0.000200,0.200,0.020,0,0,0,0,0,0,0,0,0,0,0,0,0.000000,0.000000,0.000000,0,0,0.00,0,0,0,0,SKIPPED,0,0,equal,,,,,,,,,,,used,,,,20260925-0914
,Pre-HAUSPM,C8T1S5I8N5K,25,0,0.000200,0.200,0.020,0,0,0,0,0,0,0,0,0,0,0,0,0.000000,0.000000,0.000000,0,0,0.00,0,0,0,0,SKIPPED,0,0,equal,,,,,,,,,,,used,,,,20260925-0914
,Pre-HAUSPM,C8T1S5I8N5K,26,0,0.000200,0.200,0.020,0,0,0,0,0,0,0,0,0,0,0,0,0.000000,0.000000,0.000000,0,0,0.00,0,0,0,0,SKIPPED,0,0,equal,,,,,,,,,,,used,,,,20260925-0914
,Pre-HAUSPM,C8T1S5I8N5K,27,0,0.000200,0.200,0.020,0,0,0,0,0,0,0,0,0,0,0,0,0.000000,0.000000,0.000000,0,0,0.00,0,0,0,0,SKIPPED,0,0,equal,,,,,,,,,,,used,,,,20260925-0914
,Pre-HAUSPM,C8T1S5I8N5K,28,0,0.000200,0.200,0.020,0,0,0,0,0,0,0,0,0,0,0,0,0.000000,0.000000,0.000000,0,0,0.00,0,0,0,0,SKIPPED,0,0,equal,,,,,,,,,,,used,,,,20260925-0914
,Pre-HAUSPM,C8T1S5I8N5K,29,0,0.000200,0.200,0.020,0,0,0,0,0,0,0,0,0,0,0,0,0.000000,0.000000,0.000000,0,0,0.00,0,0,0,0,SKIPPED,0,0,equal,,,,,,,,,,,used,,,,20260925-0914
,Pre-HAUSPM,C8T1S5I8N5K,30,0,0.000200,0.200,0.020,0,0,0,0,0,0,0,0,0,0,0,0,0.000000,0.000000,0.000000,0,0,0.00,0,0,0,0,SKIPPED,0,0,equal,,,,,,,,,,,used,,,,20260925-0914
,Pre-HAUSPM,C8T1S5I8N5K,31,0,0.000200,0.200,0.020,0,0,0,0,0,0,0,0,0,0,0,0,0.000000,0.000000,0.000000,0,0,0.00,0,0,0,0,SKIPPED,0,0,equal,,,,,,,,,,,used,,,,20260925-0914
,Pre-HAUSPM,C8T1S5I8N5K,32,0,0.000200,0.200,0.020,0,0,0,0,0,0,0,0,0,0,0,0,0.000000,0.000000,0.000000,0,0,0.00,0,0,0,0,SKIPPED,0,0,equal,,,,,,,,,,,used,,,,20260925-0914
,Pre-HAUSPM,C8T1S5I8N5K,33,0,0.000200,0.200,0.020,0,0,0,0,0,0,0,0,0,0,0,0,0.000000,0.000000,0.000000,0,0,0.00,0,0,0,0,SKIPPED,0,0,equal,,,,,,,,,,,used,,,,20260925-0914
,Pre-HAUSPM,C8T1S5I8N5K,34,0,0.000200,0.200,0.020,0,0,0,0,0,0,0,0,0,0,0,0,0.000000,0.000000,0.000000,0,0,0.00,0,0,0,0,SKIPPED,0,0,equal,,,,,,,,,,,used,,,,20260925-0914
,Pre-HAUSPM,C8T1S5I8N5K,35,0,0.000200,0.200,0.020,0,0,0,0,0,0,0,0,0,0,0,0,0.000000,0.000000,0.000000,0,0,0.00,0,0,0,0,SKIPPED,0,0,equal,,,,,,,,,,,used,,,,20260925-0914
,Pre-HAUSPM,C8T1S5I8N5K,36,0,0.000200,0.200,0.020,0,0,0,0,0,0,0,0,0,0,0,0,0.000000,0.000000,0.000000,0,0,0.00,0,0,0,0,SKIPPED,0,0,equal,,,,,,,,,,,used,,,,20260925-0914
,Pre-HAUSPM,C8T1S5I8N5K,37,0,0.000200,0.200,0.020,0,0,0,0,0,0,0,0,0,0,0,0,0.000000,0.000000,0.000000,0,0,0.00,0,0,0,0,SKIPPED,0,0,equal,,,,,,,,,,,used,,,,20260925-0914
,Pre-HAUSPM,C8T1S5I8N5K,38,0,0.000200,0.200,0.020,0,0,0,0,0,0,0,0,0,0,0,0,0.000000,0.000000,0.000000,0,0,0.00,0,0,0,0,SKIPPED,0,0,equal,,,,,,,,,,,used,,,,20260925-0914
,Pre-HAUSPM,C8T1S5I8N5K,39,0,0.000200,0.200,0.020,0,0,0,0,0,0,0,0,0,0,0,0,0.000000,0.000000,0.000000,0,0,0.00,0,0,0,0,SKIPPED,0,0,equal,,,,,,,,,,,used,,,,20260925-0914
,Pre-HAUSPM,C8T1S5I8N5K,40,0,0.000200,0.200,0.020,0,0,0,0,0,0,0,0,0,0,0,0,0.000000,0.000000,0.000000,0,0,0.00,0,0,0,0,SKIPPED,0,0,equal,,,,,,,,,,,used,,,,20260925-0914
,Pre-HAUSPM,C8T1S5I8N5K,41,0,0.000200,0.200,0.020,0,0,0,0,0,0,0,0,0,0,0,0,0.000000,0.000000,0.000000,0,0,0.00,0,0,0,0,SKIPPED,0,0,equal,,,,,,,,,,,used,,,,20260925-0914
,Pre-HAUSPM,C8T1S5I8N5K,42,0,0.000200,0.200,0.020,0,0,0,0,0,0,0,0,0,0,0,0,0.000000,0.000000,0.000000,0,0,0.00,0,0,0,0,SKIPPED,0,0,equal,,,,,,,,,,,used,,,,20260925-0914
,Pre-HAUSPM,C8T1S5I8N5K,43,0,0.000200,0.200,0.020,0,0,0,0,0,0,0,0,0,0,0,0,0.000000,0.000000,0.000000,0,0,0.00,0,0,0,0,SKIPPED,0,0,equal,,,,,,,,,,,used,,,,20260925-0914
,Pre-HAUSPM,C8T1S5I8N5K,44,0,0.000200,0.200,0.020,0,0,0,0,0,0,0,0,0,0,0,0,0.000000,0.000000,0.000000,0,0,0.00,0,0,0,0,SKIPPED,0,0,equal,,,,,,,,,,,used,,,,20260925-0914
,Pre-HAUSPM,C8T1S5I8N5K,45,0,0.000200,0.200,0.020,0,0,0,0,0,0,0,0,0,0,0,0,0.000000,0.000000,0.000000,0,0,0.00,0,0,0,0,SKIPPED,0,0,equal,,,,,,,,,,,used,,,,20260925-0914
,Pre-HAUSPM,C8T1S5I8N5K,46,0,0.000200,0.200,0.020,0,0,0,0,0,0,0,0,0,0,0,0,0.000000,0.000000,0.000000,0,0,0.00,0,0,0,0,SKIPPED,0,0,equal,,,,,,,,,,,used,,,,20260925-0914
,Pre-HAUSPM,C8T1S5I8N5K,47,0,0.000200,0.200,0.020,0,0,0,0,0,0,0,0,0,0,0,0,0.000000,0.000000,0.000000,0,0,0.00,0,0,0,0,SKIPPED,0,0,equal,,,,,,,,,,,used,,,,20260925-0914
,Pre-HAUSPM,C8T1S5I8N5K,48,0,0.000200,0.200,0.020,0,0,0,0,0,0,0,0,0,0,0,0,0.000000,0.000000,0.000000,0,0,0.00,0,0,0,0,SKIPPED,0,0,equal,,,,,,,,,,,used,,,,20260925-0914
,Pre-HAUSPM,C8T1S5I8N5K,49,0,0.000200,0.200,0.020,0,0,0,0,0,0,0,0,0,0,0,0,0.000000,0.000000,0.000000,0,0,0.00,0,0,0,0,SKIPPED,0,0,equal,,,,,,,,,,,used,,,,20260925-0914
,Pre-HAUSPM,C8T1S5I8N5K,0,0,0.000200,0.200,0.010,0,0,0,0,0,0,0,0,0,0,0,0,0.000000,0.000000,0.000000,0,0,0.00,0,0,0,0,OOM,0,0,equal,,,,,,,,,,,used,,,,20260925-0914
,Pre-HAUSPM,C8T1S5I8N5K,1,0,0.000200,0.200,0.010,0,0,0,0,0,0,0,0,0,0,0,0,0.000000,0.000000,0.000000,0,0,0.00,0,0,0,0,SKIPPED,0,0,equal,,,,,,,,,,,used,,,,20260925-0914
,Pre-HAUSPM,C8T1S5I8N5K,2,0,0.000200,0.200,0.010,0,0,0,0,0,0,0,0,0,0,0,0,0.000000,0.000000,0.000000,0,0,0.00,0,0,0,0,SKIPPED,0,0,equal,,,,,,,,,,,used,,,,20260925-0914
,Pre-HAUSPM,C8T1S5I8N5K,3,0,0.000200,0.200,0.010,0,0,0,0,0,0,0,0,0,0,0,0,0.000000,0.000000,0.000000,0,0,0.00,0,0,0,0,SKIPPED,0,0,equal,,,,,,,,,,,used,,,,20260925-0914
,Pre-HAUSPM,C8T1S5I8N5K,4,0,0.000200,0.200,0.010,0,0,0,0,0,0,0,0,0,0,0,0,0.000000,0.000000,0.000000,0,0,0.00,0,0,0,0,SKIPPED,0,0,equal,,,,,,,,,,,used,,,,20260925-0914
,Pre-HAUSPM,C8T1S5I8N5K,5,0,0.000200,0.200,0.010,0,0,0,0,0,0,0,0,0,0,0,0,0.000000,0.000000,0.000000,0,0,0.00,0,0,0,0,SKIPPED,0,0,equal,,,,,,,,,,,used,,,,20260925-0914
,Pre-HAUSPM,C8T1S5I8N5K,6,0,0.000200,0.200,0.010,0,0,0,0,0,0,0,0,0,0,0,0,0.000000,0.000000,0.000000,0,0,0.00,0,0,0,0,SKIPPED,0,0,equal,,,,,,,,,,,used,,,,20260925-0914
,Pre-HAUSPM,C8T1S5I8N5K,7,0,0.000200,0.200,0.010,0,0,0,0,0,0,0,0,0,0,0,0,0.000000,0.000000,0.000000,0,0,0.00,0,0,0,0,SKIPPED,0,0,equal,,,,,,,,,,,used,,,,20260925-0914
,Pre-HAUSPM,C8T1S5I8N5K,8,0,0.000200,0.200,0.010,0,0,0,0,0,0,0,0,0,0,0,0,0.000000,0.000000,0.000000,0,0,0.00,0,0,0,0,SKIPPED,0,0,equal,,,,,,,,,,,used,,,,20260925-0914
,Pre-HAUSPM,C8T1S5I8N5K,9,0,0.000200,0.200,0.010,0,0,0,0,0,0,0,0,0,0,0,0,0.000000,0.000000,0.000000,0,0,0.00,0,0,0,0,SKIPPED,0,0,equal,,,,,,,,,,,used,,,,20260925-0914
,Pre-HAUSPM,C8T1S5I8N5K,10,0,0.000200,0.200,0.010,0,0,0,0,0,0,0,0,0,0,0,0,0.000000,0.000000,0.000000,0,0,0.00,0,0,0,0,SKIPPED,0,0,equal,,,,,,,,,,,used,,,,20260925-0914
,Pre-HAUSPM,C8T1S5I8N5K,11,0,0.000200,0.200,0.010,0,0,0,0,0,0,0,0,0,0,0,0,0.000000,0.000000,0.000000,0,0,0.00,0,0,0,0,SKIPPED,0,0,equal,,,,,,,,,,,used,,,,20260925-0914
,Pre-HAUSPM,C8T1S5I8N5K,12,0,0.000200,0.200,0.010,0,0,0,0,0,0,0,0,0,0,0,0,0.000000,0.000000,0.000000,0,0,0.00,0,0,0,0,SKIPPED,0,0,equal,,,,,,,,,,,used,,,,20260925-0914
,Pre-HAUSPM,C8T1S5I8N5K,13,0,0.000200,0.200,0.010,0,0,0,0,0,0,0,0,0,0,0,0,0.000000,0.000000,0.000000,0,0,0.00,0,0,0,0,SKIPPED,0,0,equal,,,,,,,,,,,used,,,,20260925-0914
,Pre-HAUSPM,C8T1S5I8N5K,14,0,0.000200,0.200,0.010,0,0,0,0,0,0,0,0,0,0,0,0,0.000000,0.000000,0.000000,0,0,0.00,0,0,0,0,SKIPPED,0,0,equal,,,,,,,,,,,used,,,,20260925-0914
,Pre-HAUSPM,C8T1S5I8N5K,15,0,0.000200,0.200,0.010,0,0,0,0,0,0,0,0,0,0,0,0,0.000000,0.000000,0.000000,0,0,0.00,0,0,0,0,SKIPPED,0,0,equal,,,,,,,,,,,used,,,,20260925-0914
,Pre-HAUSPM,C8T1S5I8N5K,16,0,0.000200,0.200,0.010,0,0,0,0,0,0,0,0,0,0,0,0,0.000000,0.000000,0.000000,0,0,0.00,0,0,0,0,SKIPPED,0,0,equal,,,,,,,,,,,used,,,,20260925-0914
,Pre-HAUSPM,C8T1S5I8N5K,17,0,0.000200,0.200,0.010,0,0,0,0,0,0,0,0,0,0,0,0,0.000000,0.000000,0.000000,0,0,0.00,0,0,0,0,SKIPPED,0,0,equal,,,,,,,,,,,used,,,,20260925-0914
,Pre-HAUSPM,C8T1S5I8N5K,18,0,0.000200,0.200,0.010,0,0,0,0,0,0,0,0,0,0,0,0,0.000000,0.000000,0.000000,0,0,0.00,0,0,0,0,SKIPPED,0,0,equal,,,,,,,,,,,used,,,,20260925-0914
,Pre-HAUSPM,C8T1S5I8N5K,19,0,0.000200,0.200,0.010,0,0,0,0,0,0,0,0,0,0,0,0,0.000000,0.000000,0.000000,0,0,0.00,0,0,0,0,SKIPPED,0,0,equal,,,,,,,,,,,used,,,,20260925-0914
,Pre-HAUSPM,C8T1S5I8N5K,20,0,0.000200,0.200,0.010,0,0,0,0,0,0,0,0,0,0,0,0,0.000000,0.000000,0.000000,0,0,0.00,0,0,0,0,SKIPPED,0,0,equal,,,,,,,,,,,used,,,,20260925-0914
,Pre-HAUSPM,C8T1S5I8N5K,21,0,0.000200,0.200,0.010,0,0,0,0,0,0,0,0,0,0,0,0,0.000000,0.000000,0.000000,0,0,0.00,0,0,0,0,SKIPPED,0,0,equal,,,,,,,,,,,used,,,,20260925-0914
,Pre-HAUSPM,C8T1S5I8N5K,22,0,0.000200,0.200,0.010,0,0,0,0,0,0,0,0,0,0,0,0,0.000000,0.000000,0.000000,0,0,0.00,0,0,0,0,SKIPPED,0,0,equal,,,,,,,,,,,used,,,,20260925-0914
,Pre-HAUSPM,C8T1S5I8N5K,23,0,0.000200,0.200,0.010,0,0,0,0,0,0,0,0,0,0,0,0,0.000000,0.000000,0.000000,0,0,0.00,0,0,0,0,SKIPPED,0,0,equal,,,,,,,,,,,used,,,,20260925-0914
,Pre-HAUSPM,C8T1S5I8N5K,24,0,0.000200,0.200,0.010,0,0,0,0,0,0,0,0,0,0,0,0,0.000000,0.000000,0.000000,0,0,0.00,0,0,0,0,SKIPPED,0,0,equal,,,,,,,,,,,used,,,,20260925-0914
,Pre-HAUSPM,C8T1S5I8N5K,25,0,0.000200,0.200,0.010,0,0,0,0,0,0,0,0,0,0,0,0,0.000000,0.000000,0.000000,0,0,0.00,0,0,0,0,SKIPPED,0,0,equal,,,,,,,,,,,used,,,,20260925-0914
,Pre-HAUSPM,C8T1S5I8N5K,26,0,0.000200,0.200,0.010,0,0,0,0,0,0,0,0,0,0,0,0,0.000000,0.000000,0.000000,0,0,0.00,0,0,0,0,SKIPPED,0,0,equal,,,,,,,,,,,used,,,,20260925-0914
,Pre-HAUSPM,C8T1S5I8N5K,27,0,0.000200,0.200,0.010,0,0,0,0,0,0,0,0,0,0,0,0,0.000000,0.000000,0.000000,0,0,0.00,0,0,0,0,SKIPPED,0,0,equal,,,,,,,,,,,used,,,,20260925-0914
,Pre-HAUSPM,C8T1S5I8N5K,28,0,0.000200,0.200,0.010,0,0,0,0,0,0,0,0,0,0,0,0,0.000000,0.000000,0.000000,0,0,0.00,0,0,0,0,SKIPPED,0,0,equal,,,,,,,,,,,used,,,,20260925-0914
,Pre-HAUSPM,C8T1S5I8N5K,29,0,0.000200,0.200,0.010,0,0,0,0,0,0,0,0,0,0,0,0,0.000000,0.000000,0.000000,0,0,0.00,0,0,0,0,SKIPPED,0,0,equal,,,,,,,,,,,used,,,,20260925-0914
,Pre-HAUSPM,C8T1S5I8N5K,30,0,0.000200,0.200,0.010,0,0,0,0,0,0,0,0,0,0,0,0,0.000000,0.000000,0.000000,0,0,0.00,0,0,0,0,SKIPPED,0,0,equal,,,,,,,,,,,used,,,,20260925-0914
,Pre-HAUSPM,C8T1S5I8N5K,31,0,0.000200,0.200,0.010,0,0,0,0,0,0,0,0,0,0,0,0,0.000000,0.000000,0.000000,0,0,0.00,0,0,0,0,SKIPPED,0,0,equal,,,,,,,,,,,used,,,,20260925-0914
,Pre-HAUSPM,C8T1S5I8N5K,32,0,0.000200,0.200,0.010,0,0,0,0,0,0,0,0,0,0,0,0,0.000000,0.000000,0.000000,0,0,0.00,0,0,0,0,SKIPPED,0,0,equal,,,,,,,,,,,used,,,,20260925-0914
,Pre-HAUSPM,C8T1S5I8N5K,33,0,0.000200,0.200,0.010,0,0,0,0,0,0,0,0,0,0,0,0,0.000000,0.000000,0.000000,0,0,0.00,0,0,0,0,SKIPPED,0,0,equal,,,,,,,,,,,used,,,,20260925-0914
,Pre-HAUSPM,C8T1S5I8N5K,34,0,0.000200,0.200,0.010,0,0,0,0,0,0,0,0,0,0,0,0,0.000000,0.000000,0.000000,0,0,0.00,0,0,0,0,SKIPPED,0,0,equal,,,,,,,,,,,used,,,,20260925-0914
,Pre-HAUSPM,C8T1S5I8N5K,35,0,0.000200,0.200,0.010,0,0,0,0,0,0,0,0,0,0,0,0,0.000000,0.000000,0.000000,0,0,0.00,0,0,0,0,SKIPPED,0,0,equal,,,,,,,,,,,used,,,,20260925-0914
,Pre-HAUSPM,C8T1S5I8N5K,36,0,0.000200,0.200,0.010,0,0,0,0,0,0,0,0,0,0,0,0,0.000000,0.000000,0.000000,0,0,0.00,0,0,0,0,SKIPPED,0,0,equal,,,,,,,,,,,used,,,,20260925-0914
,Pre-HAUSPM,C8T1S5I8N5K,37,0,0.000200,0.200,0.010,0,0,0,0,0,0,0,0,0,0,0,0,0.000000,0.000000,0.000000,0,0,0.00,0,0,0,0,SKIPPED,0,0,equal,,,,,,,,,,,used,,,,20260925-0914
,Pre-HAUSPM,C8T1S5I8N5K,38,0,0.000200,0.200,0.010,0,0,0,0,0,0,0,0,0,0,0,0,0.000000,0.000000,0.000000,0,0,0.00,0,0,0,0,SKIPPED,0,0,equal,,,,,,,,,,,used,,,,20260925-0914
,Pre-HAUSPM,C8T1S5I8N5K,39,0,0.000200,0.200,0.010,0,0,0,0,0,0,0,0,0,0,0,0,0.000000,0.000000,0.000000,0,0,0.00,0,0,0,0,SKIPPED,0,0,equal,,,,,,,,,,,used,,,,20260925-0914
,Pre-HAUSPM,C8T1S5I8N5K,40,0,0.000200,0.200,0.010,0,0,0,0,0,0,0,0,0,0,0,0,0.000000,0.000000,0.000000,0,0,0.00,0,0,0,0,SKIPPED,0,0,equal,,,,,,,,,,,used,,,,20260925-0914
,Pre-HAUSPM,C8T1S5I8N5K,41,0,0.000200,0.200,0.010,0,0,0,0,0,0,0,0,0,0,0,0,0.000000,0.000000,0.000000,0,0,0.00,0,0,0,0,SKIPPED,0,0,equal,,,,,,,,,,,used,,,,20260925-0914
,Pre-HAUSPM,C8T1S5I8N5K,42,0,0.000200,0.200,0.010,0,0,0,0,0,0,0,0,0,0,0,0,0.000000,0.000000,0.000000,0,0,0.00,0,0,0,0,SKIPPED,0,0,equal,,,,,,,,,,,used,,,,20260925-0914
,Pre-HAUSPM,C8T1S5I8N5K,43,0,0.000200,0.200,0.010,0,0,0,0,0,0,0,0,0,0,0,0,0.000000,0.000000,0.000000,0,0,0.00,0,0,0,0,SKIPPED,0,0,equal,,,,,,,,,,,used,,,,20260925-0914
,Pre-HAUSPM,C8T1S5I8N5K,44,0,0.000200,0.200,0.010,0,0,0,0,0,0,0,0,0,0,0,0,0.000000,0.000000,0.000000,0,0,0.00,0,0,0,0,SKIPPED,0,0,equal,,,,,,,,,,,used,,,,20260925-0914
,Pre-HAUSPM,C8T1S5I8N5K,45,0,0.000200,0.200,0.010,0,0,0,0,0,0,0,0,0,0,0,0,0.000000,0.000000,0.000000,0,0,0.00,0,0,0,0,SKIPPED,0,0,equal,,,,,,,,,,,used,,,,20260925-0914
,Pre-HAUSPM,C8T1S5I8N5K,46,0,0.000200,0.200,0.010,0,0,0,0,0,0,0,0,0,0,0,0,0.000000,0.000000,0.000000,0,0,0.00,0,0,0,0,SKIPPED,0,0,equal,,,,,,,,,,,used,,,,20260925-0914
,Pre-HAUSPM,C8T1S5I8N5K,47,0,0.000200,0.200,0.010,0,0,0,0,0,0,0,0,0,0,0,0,0.000000,0.000000,0.000000,0,0,0.00,0,0,0,0,SKIPPED,0,0,equal,,,,,,,,,,,used,,,,20260925-0914
,Pre-HAUSPM,C8T1S5I8N5K,48,0,0.000200,0.200,0.010,0,0,0,0,0,0,0,0,0,0,0,0,0.000000,0.000000,0.000000,0,0,0.00,0,0,0,0,SKIPPED,0,0,equal,,,,,,,,,,,used,,,,20260925-0914
,Pre-HAUSPM,C8T1S5I8N5K,49,0,0.000200,0.200,0.010,0,0,0,0,0,0,0,0,0,0,0,0,0.000000,0.000000,0.000000,0,0,0.00,0,0,0,0,SKIPPED,0,0,equal,,,,,,,,,,,used,,,,20260925-0914
,Pre-HAUSPM,C8T1S5I8N5K,50,0,0.000200,0.200,0.010,0,0,0,0,0,0,0,0,0,0,0,0,0.000000,0.000000,0.000000,0,0,0.00,0,0,0,0,SKIPPED,0,0,equal,,,,,,,,,,,used,,,,20260925-0914
,Pre-HAUSPM,C8T1S5I8N5K,51,0,0.000200,0.200,0.010,0,0,0,0,0,0,0,0,0,0,0,0,0.000000,0.000000,0.000000,0,0,0.00,0,0,0,0,SKIPPED,0,0,equal,,,,,,,,,,,used,,,,20260925-0914
,Pre-HAUSPM,C8T1S5I8N5K,52,0,0.000200,0.200,0.010,0,0,0,0,0,0,0,0,0,0,0,0,0.000000,0.000000,0.000000,0,0,0.00,0,0,0,0,SKIPPED,0,0,equal,,,,,,,,,,,used,,,,20260925-0914
,Pre-HAUSPM,C8T1S5I8N5K,53,0,0.000200,0.200,0.010,0,0,0,0,0,0,0,0,0,0,0,0,0.000000,0.000000,0.000000,0,0,0.00,0,0,0,0,SKIPPED,0,0,equal,,,,,,,,,,,used,,,,20260925-0914
,Pre-HAUSPM,C8T1S5I8N5K,54,0,0.000200,0.200,0.010,0,0,0,0,0,0,0,0,0,0,0,0,0.000000,0.000000,0.000000,0,0,0.00,0,0,0,0,SKIPPED,0,0,equal,,,,,,,,,,,used,,,,20260925-0914
,Pre-HAUSPM,C8T1S5I8N5K,55,0,0.000200,0.200,0.010,0,0,0,0,0,0,0,0,0,0,0,0,0.000000,0.000000,0.000000,0,0,0.00,0,0,0,0,SKIPPED,0,0,equal,,,,,,,,,,,used,,,,20260925-0914
,Pre-HAUSPM,C8T1S5I8N5K,56,0,0.000200,0.200,0.010,0,0,0,0,0,0,0,0,0,0,0,0,0.000000,0.000000,0.000000,0,0,0.00,0,0,0,0,SKIPPED,0,0,equal,,,,,,,,,,,used,,,,20260925-0914
,Pre-HAUSPM,C8T1S5I8N5K,57,0,0.000200,0.200,0.010,0,0,0,0,0,0,0,0,0,0,0,0,0.000000,0.000000,0.000000,0,0,0.00,0,0,0,0,SKIPPED,0,0,equal,,,,,,,,,,,used,,,,20260925-0914
,Pre-HAUSPM,C8T1S5I8N5K,58,0,0.000200,0.200,0.010,0,0,0,0,0,0,0,0,0,0,0,0,0.000000,0.000000,0.000000,0,0,0.00,0,0,0,0,SKIPPED,0,0,equal,,,,,,,,,,,used,,,,20260925-0914
,Pre-HAUSPM,C8T1S5I8N5K,59,0,0.000200,0.200,0.010,0,0,0,0,0,0,0,0,0,0,0,0,0.000000,0.000000,0.000000,0,0,0.00,0,0,0,0,SKIPPED,0,0,equal,,,,,,,,,,,used,,,,20260925-0914
,Pre-HAUSPM,C8T1S5I8N5K,60,0,0.000200,0.200,0.010,0,0,0,0,0,0,0,0,0,0,0,0,0.000000,0.000000,0.000000,0,0,0.00,0,0,0,0,SKIPPED,0,0,equal,,,,,,,,,,,used,,,,20260925-0914
,Pre-HAUSPM,C8T1S5I8N5K,61,0,0.000200,0.200,0.010,0,0,0,0,0,0,0,0,0,0,0,0,0.000000,0.000000,0.000000,0,0,0.00,0,0,0,0,SKIPPED,0,0,equal,,,,,,,,,,,used,,,,20260925-0914
,Pre-HAUSPM,C8T1S5I8N5K,62,0,0.000200,0.200,0.010,0,0,0,0,0,0,0,0,0,0,0,0,0.000000,0.000000,0.000000,0,0,0.00,0,0,0,0,SKIPPED,0,0,equal,,,,,,,,,,,used,,,,20260925-0914
,Pre-HAUSPM,C8T1S5I8N5K,63,0,0.000200,0.200,0.010,0,0,0,0,0,0,0,0,0,0,0,0,0.000000,0.000000,0.000000,0,0,0.00,0,0,0,0,SKIPPED,0,0,equal,,,,,,,,,,,used,,,,20260925-0914
,Pre-HAUSPM,C8T1S5I8N5K,64,0,0.000200,0.200,0.010,0,0,0,0,0,0,0,0,0,0,0,0,0.000000,0.000000,0.000000,0,0,0.00,0,0,0,0,SKIPPED,0,0,equal,,,,,,,,,,,used,,,,20260925-0914
,Pre-HAUSPM,C8T1S5I8N5K,65,0,0.000200,0.200,0.010,0,0,0,0,0,0,0,0,0,0,0,0,0.000000,0.000000,0.000000,0,0,0.00,0,0,0,0,SKIPPED,0,0,equal,,,,,,,,,,,used,,,,20260925-0914
,Pre-HAUSPM,C8T1S5I8N5K,66,0,0.000200,0.200,0.010,0,0,0,0,0,0,0,0,0,0,0,0,0.000000,0.000000,0.000000,0,0,0.00,0,0,0,0,SKIPPED,0,0,equal,,,,,,,,,,,used,,,,20260925-0914
,Pre-HAUSPM,C8T1S5I8N5K,67,0,0.000200,0.200,0.010,0,0,0,0,0,0,0,0,0,0,0,0,0.000000,0.000000,0.000000,0,0,0.00,0,0,0,0,SKIPPED,0,0,equal,,,,,,,,,,,used,,,,20260925-0914
,Pre-HAUSPM,C8T1S5I8N5K,68,0,0.000200,0.200,0.010,0,0,0,0,0,0,0,0,0,0,0,0,0.000000,0.000000,0.000000,0,0,0.00,0,0,0,0,SKIPPED,0,0,equal,,,,,,,,,,,used,,,,20260925-0914
,Pre-HAUSPM,C8T1S5I8N5K,69,0,0.000200,0.200,0.010,0,0,0,0,0,0,0,0,0,0,0,0,0.000000,0.000000,0.000000,0,0,0.00,0,0,0,0,SKIPPED,0,0,equal,,,,,,,,,,,used,,,,20260925-0914
,Pre-HAUSPM,C8T1S5I8N5K,70,0,0.000200,0.200,0.010,0,0,0,0,0,0,0,0,0,0,0,0,0.000000,0.000000,0.000000,0,0,0.00,0,0,0,0,SKIPPED,0,0,equal,,,,,,,,,,,used,,,,20260925-0914
,Pre-HAUSPM,C8T1S5I8N5K,71,0,0.000200,0.200,0.010,0,0,0,0,0,0,0,0,0,0,0,0,0.000000,0.000000,0.000000,0,0,0.00,0,0,0,0,SKIPPED,0,0,equal,,,,,,,,,,,used,,,,20260925-0914
,Pre-HAUSPM,C8T1S5I8N5K,72,0,0.000200,0.200,0.010,0,0,0,0,0,0,0,0,0,0,0,0,0.000000,0.000000,0.000000,0,0,0.00,0,0,0,0,SKIPPED,0,0,equal,,,,,,,,,,,used,,,,20260925-0914
,Pre-HAUSPM,C8T1S5I8N5K,73,0,0.000200,0.200,0.010,0,0,0,0,0,0,0,0,0,0,0,0,0.000000,0.000000,0.000000,0,0,0.00,0,0,0,0,SKIPPED,0,0,equal,,,,,,,,,,,used,,,,20260925-0914
,Pre-HAUSPM,C8T1S5I8N5K,74,0,0.000200,0.200,0.010,0,0,0,0,0,0,0,0,0,0,0,0,0.000000,0.000000,0.000000,0,0,0.00,0,0,0,0,SKIPPED,0,0,equal,,,,,,,,,,,used,,,,20260925-0914
,Pre-HAUSPM,C8T1S5I8N5K,75,0,0.000200,0.200,0.010,0,0,0,0,0,0,0,0,0,0,0,0,0.000000,0.000000,0.000000,0,0,0.00,0,0,0,0,SKIPPED,0,0,equal,,,,,,,,,,,used,,,,20260925-0914
,Pre-HAUSPM,C8T1S5I8N5K,76,0,0.000200,0.200,0.010,0,0,0,0,0,0,0,0,0,0,0,0,0.000000,0.000000,0.000000,0,0,0.00,0,0,0,0,SKIPPED,0,0,equal,,,,,,,,,,,used,,,,20260925-0914
,Pre-HAUSPM,C8T1S5I8N5K,77,0,0.000200,0.200,0.010,0,0,0,0,0,0,0,0,0,0,0,0,0.000000,0.000000,0.000000,0,0,0.00,0,0,0,0,SKIPPED,0,0,equal,,,,,,,,,,,used,,,,20260925-0914
,Pre-HAUSPM,C8T1S5I8N5K,78,0,0.000200,0.200,0.010,0,0,0,0,0,0,0,0,0,0,0,0,0.000000,0.000000,0.000000,0,0,0.00,0,0,0,0,SKIPPED,0,0,equal,,,,,,,,,,,used,,,,20260925-0914
,Pre-HAUSPM,C8T1S5I8N5K,79,0,0.000200,0.200,0.010,0,0,0,0,0,0,0,0,0,0,0,0,0.000000,0.000000,0.000000,0,0,0.00,0,0,0,0,SKIPPED,0,0,equal,,,,,,,,,,,used,,,,20260925-0914
,Pre-HAUSPM,C8T1S5I8N5K,80,0,0.000200,0.200,0.010,0,0,0,0,0,0,0,0,0,0,0,0,0.000000,0.000000,0.000000,0,0,0.00,0,0,0,0,SKIPPED,0,0,equal,,,,,,,,,,,used,,,,20260925-0914
,Pre-HAUSPM,C8T1S5I8N5K,81,0,0.000200,0.200,0.010,0,0,0,0,0,0,0,0,0,0,0,0,0.000000,0.000000,0.000000,0,0,0.00,0,0,0,0,SKIPPED,0,0,equal,,,,,,,,,,,used,,,,20260925-0914
,Pre-HAUSPM,C8T1S5I8N5K,82,0,0.000200,0.200,0.010,0,0,0,0,0,0,0,0,0,0,0,0,0.000000,0.000000,0.000000,0,0,0.00,0,0,0,0,SKIPPED,0,0,equal,,,,,,,,,,,used,,,,20260925-0914
,Pre-HAUSPM,C8T1S5I8N5K,83,0,0.000200,0.200,0.010,0,0,0,0,0,0,0,0,0,0,0,0,0.000000,0.000000,0.000000,0,0,0.00,0,0,0,0,SKIPPED,0,0,equal,,,,,,,,,,,used,,,,20260925-0914
,Pre-HAUSPM,C8T1S5I8N5K,84,0,0.000200,0.200,0.010,0,0,0,0,0,0,0,0,0,0,0,0,0.000000,0.000000,0.000000,0,0,0.00,0,0,0,0,SKIPPED,0,0,equal,,,,,,,,,,,used,,,,20260925-0914
,Pre-HAUSPM,C8T1S5I8N5K,85,0,0.000200,0.200,0.010,0,0,0,0,0,0,0,0,0,0,0,0,0.000000,0.000000,0.000000,0,0,0.00,0,0,0,0,SKIPPED,0,0,equal,,,,,,,,,,,used,,,,20260925-0914
,Pre-HAUSPM,C8T1S5I8N5K,86,0,0.000200,0.200,0.010,0,0,0,0,0,0,0,0,0,0,0,0,0.000000,0.000000,0.000000,0,0,0.00,0,0,0,0,SKIPPED,0,0,equal,,,,,,,,,,,used,,,,20260925-0914
,Pre-HAUSPM,C8T1S5I8N5K,87,0,0.000200,0.200,0.010,0,0,0,0,0,0,0,0,0,0,0,0,0.000000,0.000000,0.000000,0,0,0.00,0,0,0,0,SKIPPED,0,0,equal,,,,,,,,,,,used,,,,20260925-0914
,Pre-HAUSPM,C8T1S5I8N5K,88,0,0.000200,0.200,0.010,0,0,0,0,0,0,0,0,0,0,0,0,0.000000,0.000000,0.000000,0,0,0.00,0,0,0,0,SKIPPED,0,0,equal,,,,,,,,,,,used,,,,20260925-0914
,Pre-HAUSPM,C8T1S5I8N5K,89,0,0.000200,0.200,0.010,0,0,0,0,0,0,0,0,0,0,0,0,0.000000,0.000000,0.000000,0,0,0.00,0,0,0,0,SKIPPED,0,0,equal,,,,,,,,,,,used,,,,20260925-0914
,Pre-HAUSPM,C8T1S5I8N5K,90,0,0.000200,0.200,0.010,0,0,0,0,0,0,0,0,0,0,0,0,0.000000,0.000000,0.000000,0,0,0.00,0,0,0,0,SKIPPED,0,0,equal,,,,,,,,,,,used,,,,20260925-0914
,Pre-HAUSPM,C8T1S5I8N5K,91,0,0.000200,0.200,0.010,0,0,0,0,0,0,0,0,0,0,0,0,0.000000,0.000000,0.000000,0,0,0.00,0,0,0,0,SKIPPED,0,0,equal,,,,,,,,,,,used,,,,20260925-0914
,Pre-HAUSPM,C8T1S5I8N5K,92,0,0.000200,0.200,0.010,0,0,0,0,0,0,0,0,0,0,0,0,0.000000,0.000000,0.000000,0,0,0.00,0,0,0,0,SKIPPED,0,0,equal,,,,,,,,,,,used,,,,20260925-0914
,Pre-HAUSPM,C8T1S5I8N5K,93,0,0.000200,0.200,0.010,0,0,0,0,0,0,0,0,0,0,0,0,0.000000,0.000000,0.000000,0,0,0.00,0,0,0,0,SKIPPED,0,0,equal,,,,,,,,,,,used,,,,20260925-0914
,Pre-HAUSPM,C8T1S5I8N5K,94,0,0.000200,0.200,0.010,0,0,0,0,0,0,0,0,0,0,0,0,0.000000,0.000000,0.000000,0,0,0.00,0,0,0,0,SKIPPED,0,0,equal,,,,,,,,,,,used,,,,20260925-0914
,Pre-HAUSPM,C8T1S5I8N5K,95,0,0.000200,0.200,0.010,0,0,0,0,0,0,0,0,0,0,0,0,0.000000,0.000000,0.000000,0,0,0.00,0,0,0,0,SKIPPED,0,0,equal,,,,,,,,,,,used,,,,20260925-0914
,Pre-HAUSPM,C8T1S5I8N5K,96,0,0.000200,0.200,0.010,0,0,0,0,0,0,0,0,0,0,0,0,0.000000,0.000000,0.000000,0,0,0.00,0,0,0,0,SKIPPED,0,0,equal,,,,,,,,,,,used,,,,20260925-0914
,Pre-HAUSPM,C8T1S5I8N5K,97,0,0.000200,0.200,0.010,0,0,0,0,0,0,0,0,0,0,0,0,0.000000,0.000000,0.000000,0,0,0.00,0,0,0,0,SKIPPED,0,0,equal,,,,,,,,,,,used,,,,20260925-0914
,Pre-HAUSPM,C8T1S5I8N5K,98,0,0.000200,0.200,0.010,0,0,0,0,0,0,0,0,0,0,0,0,0.000000,0.000000,0.000000,0,0,0.00,0,0,0,0,SKIPPED,0,0,equal,,,,,,,,,,,used,,,,20260925-0914
,Pre-HAUSPM,C8T1S5I8N5K,99,0,0.000200,0.200,0.010,0,0,0,0,0,0,0,0,0,0,0,0,0.000000,0.000000,0.000000,0,0,0.00,0,0,0,0,SKIPPED,0,0,equal,,,,,,,,,,,used,,,,20260925-0914
