Timestamp,Algorithm,Dataset,BatchID,RunIndex,MinUtil,mu,DeltaRatio,TotalDBUtil,CumulativeDBSize,tScan(ms),tMining(ms),tTotal(ms),tLayer1(ms),tLayer2(ms),tLayer3(ms),Cand,PrunedL1(SWU),PrunedL2(IAUUB),PrunedL3(MFUUB),TightnessPEAU,TightnessIAUUB,TightnessMFUUB,HAUSP,SHAUS,MemPeak(MB),PoolBorrows,PoolReuses,PoolPeakLive,AudulActive,Status,ok
2026-07-01 06:49:34,EHAUSM-I,BIBLE,0,0,0.0004,0.0,1.0,35550162,36369,122,68274,68405,0,0,0,138453874,10561,138102544,0,0.532189,0.0,0.0,48469,0,3757.8,0,0,0,0,SUCCESS,True
2026-07-01 06:50:44,EHAUSM-I,BIBLE,0,1,0.0004,0.0,1.0,35550162,36369,101,69257,69358,0,0,0,138453874,10561,138102544,0,0.532189,0.0,0.0,48469,0,2830.56,0,0,0,0,SUCCESS,True
2026-07-01 06:51:55,EHAUSM-I,BIBLE,0,2,0.0004,0.0,1.0,35550162,36369,67,69592,69660,0,0,0,138453874,10561,138102544,0,0.532189,0.0,0.0,48469,0,5689.87,0,0,0,0,SUCCESS,True
2026-07-01 06:52:17,HAUSP-UB,BIBLE,0,0,0.0004,0.0,1.0,35550162,36369,235,21878,22113,24,700,138,352180,11753,128826864,17061,0.0,0.298656,0.306572,48469,0,431.95,129207008,129190468,16540,13905,SUCCESS,True
2026-07-01 06:52:40,HAUSP-UB,BIBLE,0,1,0.0004,0.0,1.0,35550162,36369,284,21724,22009,8,841,138,352180,11753,128826864,17061,0.0,0.298656,0.306572,48469,0,445.2,129207008,129190468,16540,13905,SUCCESS,True
2026-07-01 06:53:02,HAUSP-UB,BIBLE,0,2,0.0004,0.0,1.0,35550162,36369,211,21591,21802,12,696,139,352180,11753,128826864,17061,0.0,0.298656,0.306572,48469,0,437.36,129207008,129190468,16540,13905,SUCCESS,True
2026-07-01 06:54:25,EHAUSM-I,BIBLE,0,0,0.00035,0.0,1.0,35550162,36369,270,81866,82136,0,0,0,176667321,10265,176205495,0,0.539178,0.0,0.0,64871,0,6396.08,0,0,0,0,SUCCESS,True
2026-07-01 06:55:48,EHAUSM-I,BIBLE,0,1,0.00035,0.0,1.0,35550162,36369,64,81358,81422,0,0,0,176667321,10265,176205495,0,0.539178,0.0,0.0,64871,0,3239.39,0,0,0,0,SUCCESS,True
2026-07-01 06:57:10,EHAUSM-I,BIBLE,0,2,0.00035,0.0,1.0,35550162,36369,64,81623,81688,0,0,0,176667321,10265,176205495,0,0.539178,0.0,0.0,64871,0,4317.6,0,0,0,0,SUCCESS,True
2026-07-01 06:57:36,HAUSP-UB,BIBLE,0,0,0.00035,0.0,1.0,35550162,36369,185,25232,25418,14,898,181,462722,11565,165627374,22492,0.0,0.30348,0.311451,64871,0,450.02,166123257,166106434,16823,13905,SUCCESS,True
2026-07-01 06:58:02,HAUSP-UB,BIBLE,0,1,0.00035,0.0,1.0,35550162,36369,183,25492,25675,11,909,183,462722,11565,165627374,22492,0.0,0.30348,0.311451,64871,0,424.31,166123257,166106434,16823,13905,SUCCESS,True
2026-07-01 06:58:28,HAUSP-UB,BIBLE,0,2,0.00035,0.0,1.0,35550162,36369,178,25348,25526,12,899,182,462722,11565,165627374,22492,0.0,0.30348,0.311451,64871,0,429.95,166123257,166106434,16823,13905,SUCCESS,True
2026-07-01 07:00:08,EHAUSM-I,BIBLE,0,0,0.0003,0.0,1.0,35550162,36369,71,99143,99215,0,0,0,232998888,9946,232363387,0,0.546671,0.0,0.0,91002,0,7182.15,0,0,0,0,SUCCESS,True
2026-07-01 07:01:49,EHAUSM-I,BIBLE,0,1,0.0003,0.0,1.0,35550162,36369,63,99167,99231,0,0,0,232998888,9946,232363387,0,0.546671,0.0,0.0,91002,0,3783.67,0,0,0,0,SUCCESS,True
2026-07-01 07:03:28,EHAUSM-I,BIBLE,0,2,0.0003,0.0,1.0,35550162,36369,62,98467,98530,0,0,0,232998888,9946,232363387,0,0.546671,0.0,0.0,91002,0,7903.84,0,0,0,0,SUCCESS,True
2026-07-01 07:04:00,HAUSP-UB,BIBLE,0,0,0.0003,0.0,1.0,35550162,36369,184,30666,30851,12,1205,249,636489,11312,220227121,30832,0.0,0.308828,0.316861,91002,0,464.29,220904766,220887553,17213,13905,SUCCESS,True
2026-07-01 07:04:31,HAUSP-UB,BIBLE,0,1,0.0003,0.0,1.0,35550162,36369,173,30946,31119,10,1238,250,636489,11312,220227121,30832,0.0,0.308828,0.316861,91002,0,447.85,220904766,220887553,17213,13905,SUCCESS,True
2026-07-01 07:05:02,HAUSP-UB,BIBLE,0,2,0.0003,0.0,1.0,35550162,36369,182,30548,30731,12,1207,251,636489,11312,220227121,30832,0.0,0.308828,0.316861,91002,0,452.25,220904766,220887553,17213,13905,SUCCESS,True
2026-07-01 07:06:02,EHAUSM-I,BMS1_SPMF,0,0,0.0035,0.0,1.0,7229030,59601,39,58850,58890,0,0,0,103110382,133,102437138,0,0.171154,0.0,0.0,93,0,1055.13,0,0,0,0,SUCCESS,True
2026-07-01 07:07:02,EHAUSM-I,BMS1_SPMF,0,1,0.0035,0.0,1.0,7229030,59601,35,58789,58825,0,0,0,103110382,133,102437138,0,0.171154,0.0,0.0,93,0,894.33,0,0,0,0,SUCCESS,True
2026-07-01 07:08:02,EHAUSM-I,BMS1_SPMF,0,2,0.0035,0.0,1.0,7229030,59601,32,59062,59095,0,0,0,103110382,133,102437138,0,0.171154,0.0,0.0,93,0,2028.44,0,0,0,0,SUCCESS,True
2026-07-01 07:08:30,HAUSP-UB,BMS1_SPMF,0,0,0.0035,0.0,1.0,7229030,59601,140,27110,27251,32,625,259,673331,170,101041040,87,0.0,0.039763,0.039814,93,0,71.88,101714541,101713590,951,497,SUCCESS,True
2026-07-01 07:08:57,HAUSP-UB,BMS1_SPMF,0,1,0.0035,0.0,1.0,7229030,59601,30,26955,26986,3,623,260,673331,170,101041040,87,0.0,0.039763,0.039814,93,0,65.17,101714541,101713590,951,497,SUCCESS,True
2026-07-01 07:09:25,HAUSP-UB,BMS1_SPMF,0,2,0.0035,0.0,1.0,7229030,59601,35,26959,26995,4,623,258,673331,170,101041040,87,0.0,0.039763,0.039814,93,0,62.6,101714541,101713590,951,497,SUCCESS,True
2026-07-01 07:11:57,EHAUSM-I,BMS1_SPMF,0,0,0.0032,0.0,1.0,7229030,59601,39,150361,150400,0,0,0,262577496,128,260826568,0,0.180951,0.0,0.0,105,0,4222.41,0,0,0,0,SUCCESS,True
2026-07-01 07:14:29,EHAUSM-I,BMS1_SPMF,0,1,0.0032,0.0,1.0,7229030,59601,34,150318,150353,0,0,0,262577496,128,260826568,0,0.180951,0.0,0.0,105,0,3132.79,0,0,0,0,SUCCESS,True
2026-07-01 07:17:00,EHAUSM-I,BMS1_SPMF,0,2,0.0032,0.0,1.0,7229030,59601,39,149794,149834,0,0,0,262577496,128,260826568,0,0.180951,0.0,0.0,105,0,4282.3,0,0,0,0,SUCCESS,True
2026-07-01 07:18:09,HAUSP-UB,BMS1_SPMF,0,0,0.0032,0.0,1.0,7229030,59601,27,68722,68749,3,1604,674,1751022,159,258117809,94,0.0,0.044439,0.04446,105,0,63.88,259868990,259867995,995,497,SUCCESS,True
2026-07-01 07:19:18,HAUSP-UB,BMS1_SPMF,0,1,0.0032,0.0,1.0,7229030,59601,38,68691,68729,5,1611,673,1751022,159,258117809,94,0.0,0.044439,0.04446,105,0,63.88,259868990,259867995,995,497,SUCCESS,True
2026-07-01 07:20:27,HAUSP-UB,BMS1_SPMF,0,2,0.0032,0.0,1.0,7229030,59601,37,68574,68612,5,1617,675,1751022,159,258117809,94,0.0,0.044439,0.04446,105,0,63.88,259868990,259867995,995,497,SUCCESS,True
2026-07-01 07:26:28,EHAUSM-I,BMS1_SPMF,0,0,0.003,0.0,1.0,7229030,59601,37,357308,357345,0,0,0,622589180,125,618286892,0,0.187493,0.0,0.0,114,0,6513.37,0,0,0,0,SUCCESS,True
2026-07-01 07:32:28,EHAUSM-I,BMS1_SPMF,0,1,0.003,0.0,1.0,7229030,59601,30,357351,357381,0,0,0,622589180,125,618286892,0,0.187493,0.0,0.0,114,0,6452.64,0,0,0,0,SUCCESS,True
2026-07-01 07:38:29,EHAUSM-I,BMS1_SPMF,0,2,0.003,0.0,1.0,7229030,59601,28,357470,357499,0,0,0,622589180,125,618286892,0,0.187493,0.0,0.0,114,0,7327.62,0,0,0,0,SUCCESS,True
2026-07-01 07:41:12,HAUSP-UB,BMS1_SPMF,0,0,0.003,0.0,1.0,7229030,59601,127,162729,162856,17,3952,1657,4302377,157,613120529,89,0.0,0.046707,0.046716,114,0,71.88,617423063,617422043,1020,497,SUCCESS,True
2026-07-01 07:43:56,HAUSP-UB,BMS1_SPMF,0,1,0.003,0.0,1.0,7229030,59601,37,163317,163355,4,3954,1652,4302377,157,613120529,89,0.0,0.046707,0.046716,114,0,65.17,617423063,617422043,1020,497,SUCCESS,True
2026-07-01 07:46:40,HAUSP-UB,BMS1_SPMF,0,2,0.003,0.0,1.0,7229030,59601,31,162750,162782,3,3965,1654,4302377,157,613120529,89,0.0,0.046707,0.046716,114,0,65.17,617423063,617422043,1020,497,SUCCESS,True
2026-07-01 07:51:22,EHAUSM-I,FIFA,0,0,0.012,0.0,1.0,35721991,20450,234,279614,279849,0,0,0,22652772,2536,22524180,0,0.207961,0.0,0.0,334,0,4733.78,0,0,0,0,SUCCESS,True
2026-07-01 07:56:02,EHAUSM-I,FIFA,0,1,0.012,0.0,1.0,35721991,20450,230,278188,278418,0,0,0,22652772,2536,22524180,0,0.207961,0.0,0.0,334,0,6390.04,0,0,0,0,SUCCESS,True
2026-07-01 08:00:40,EHAUSM-I,FIFA,0,2,0.012,0.0,1.0,35721991,20450,230,276254,276485,0,0,0,22652772,2536,22524180,0,0.207961,0.0,0.0,334,0,6596.92,0,0,0,0,SUCCESS,True
2026-07-01 08:02:13,HAUSP-UB,FIFA,0,0,0.012,0.0,1.0,35721991,20450,325,91404,91730,46,191,54,128691,2701,20655889,267,0.0,0.096915,0.097026,334,0,622.78,20787449,20784128,3321,2990,SUCCESS,True
2026-07-01 08:03:45,HAUSP-UB,FIFA,0,1,0.012,0.0,1.0,35721991,20450,121,91768,91890,10,201,53,128691,2701,20655889,267,0.0,0.096915,0.097026,334,0,620.79,20787449,20784128,3321,2990,SUCCESS,True
2026-07-01 08:05:16,HAUSP-UB,FIFA,0,2,0.012,0.0,1.0,35721991,20450,126,90543,90669,15,196,54,128691,2701,20655889,267,0.0,0.096915,0.097026,334,0,623.86,20787449,20784128,3321,2990,SUCCESS,True
2026-07-01 08:12:44,EHAUSM-I,FIFA,0,0,0.01,0.0,1.0,35721991,20450,236,444344,444581,0,0,0,44846598,2503,44612408,0,0.223171,0.0,0.0,884,0,7963.89,0,0,0,0,SUCCESS,True
2026-07-01 08:20:13,EHAUSM-I,FIFA,0,1,0.01,0.0,1.0,35721991,20450,229,446042,446271,0,0,0,44846598,2503,44612408,0,0.223171,0.0,0.0,884,0,7075.46,0,0,0,0,SUCCESS,True
2026-07-01 08:27:42,EHAUSM-I,FIFA,0,2,0.01,0.0,1.0,35721991,20450,228,446124,446352,0,0,0,44846598,2503,44612408,0,0.223171,0.0,0.0,884,0,8271.06,0,0,0,0,SUCCESS,True
2026-07-01 08:30:06,HAUSP-UB,FIFA,0,0,0.01,0.0,1.0,35721991,20450,337,142729,143066,45,359,96,234304,2684,40206583,481,0.0,0.103822,0.103913,884,0,639.66,40443938,40440571,3367,2990,SUCCESS,True
2026-07-01 08:32:28,HAUSP-UB,FIFA,0,1,0.01,0.0,1.0,35721991,20450,82,142369,142451,8,347,96,234304,2684,40206583,481,0.0,0.103822,0.103913,884,0,623.33,40443938,40440571,3367,2990,SUCCESS,True
2026-07-01 08:34:52,HAUSP-UB,FIFA,0,2,0.01,0.0,1.0,35721991,20450,75,142461,142536,6,355,97,234304,2684,40206583,481,0.0,0.103822,0.103913,884,0,632.72,40443938,40440571,3367,2990,SUCCESS,True
2026-07-01 08:47:56,EHAUSM-I,FIFA,0,0,0.008,0.0,1.0,35721991,20450,63,779711,779774,0,0,0,99890031,2443,99407713,0,0.239057,0.0,0.0,1611,0,12240.86,0,0,0,0,SUCCESS,True
2026-07-01 09:01:03,EHAUSM-I,FIFA,0,1,0.008,0.0,1.0,35721991,20450,56,781140,781197,0,0,0,99890031,2443,99407713,0,0.239057,0.0,0.0,1611,0,12934.33,0,0,0,0,SUCCESS,True
2026-07-01 09:14:08,EHAUSM-I,FIFA,0,2,0.008,0.0,1.0,35721991,20450,52,779549,779602,0,0,0,99890031,2443,99407713,0,0.239057,0.0,0.0,1611,0,12888.91,0,0,0,0,SUCCESS,True
2026-07-01 09:18:21,HAUSP-UB,FIFA,0,0,0.008,0.0,1.0,35721991,20450,336,252520,252856,45,703,199,482505,2629,90056207,833,0.0,0.110943,0.11102,1611,0,645.08,90541987,90538543,3444,2990,SUCCESS,True
2026-07-01 09:22:33,HAUSP-UB,FIFA,0,1,0.008,0.0,1.0,35721991,20450,77,251435,251513,6,739,197,482505,2629,90056207,833,0.0,0.110943,0.11102,1611,0,642.04,90541987,90538543,3444,2990,SUCCESS,True
2026-07-01 09:26:45,HAUSP-UB,FIFA,0,2,0.008,0.0,1.0,35721991,20450,82,251013,251096,9,721,199,482505,2629,90056207,833,0.0,0.110943,0.11102,1611,0,644.21,90541987,90538543,3444,2990,SUCCESS,True
2026-07-01 09:29:34,EHAUSM-I,KOSARAK,0,0,0.0035,0.0,1.0,400890653,990002,1031,165044,166076,0,0,0,31140483,36875,31114588,0,0.051778,0.0,0.0,71,0,2480.0,0,0,0,0,SUCCESS,True
2026-07-01 09:32:20,EHAUSM-I,KOSARAK,0,1,0.0035,0.0,1.0,400890653,990002,885,164592,165478,0,0,0,31140483,36875,31114588,0,0.051778,0.0,0.0,71,0,3223.32,0,0,0,0,SUCCESS,True
2026-07-01 09:35:06,EHAUSM-I,KOSARAK,0,2,0.0035,0.0,1.0,400890653,990002,783,163980,164763,0,0,0,31140483,36875,31114588,0,0.051778,0.0,0.0,71,0,4360.11,0,0,0,0,SUCCESS,True
2026-07-01 09:36:21,HAUSP-UB,KOSARAK,0,0,0.0035,0.0,1.0,400890653,990002,9989,63309,73298,54,125,14,27454,37996,17552619,1559,0.0,0.02777,0.029873,71,0,4784.55,17618069,17574029,44040,41270,SUCCESS,True
2026-07-01 09:37:36,HAUSP-UB,KOSARAK,0,1,0.0035,0.0,1.0,400890653,990002,9780,64517,74298,55,126,14,27454,37996,17552619,1559,0.0,0.02777,0.029873,71,0,3717.4,17618069,17574029,44040,41270,SUCCESS,True
2026-07-01 09:38:51,HAUSP-UB,KOSARAK,0,2,0.0035,0.0,1.0,400890653,990002,9697,65054,74751,55,132,14,27454,37996,17552619,1559,0.0,0.02777,0.029873,71,0,3573.4,17618069,17574029,44040,41270,SUCCESS,True
2026-07-01 09:43:36,EHAUSM-I,KOSARAK,0,0,0.003,0.0,1.0,400890653,990002,717,282420,283137,0,0,0,71686014,36629,71632855,0,0.052892,0.0,0.0,103,0,3012.97,0,0,0,0,SUCCESS,True
2026-07-01 09:48:21,EHAUSM-I,KOSARAK,0,1,0.003,0.0,1.0,400890653,990002,783,282498,283282,0,0,0,71686014,36629,71632855,0,0.052892,0.0,0.0,103,0,5824.16,0,0,0,0,SUCCESS,True
2026-07-01 09:53:06,EHAUSM-I,KOSARAK,0,2,0.003,0.0,1.0,400890653,990002,784,282492,283277,0,0,0,71686014,36629,71632855,0,0.052892,0.0,0.0,103,0,4919.6,0,0,0,0,SUCCESS,True
2026-07-01 09:55:12,HAUSP-UB,KOSARAK,0,0,0.003,0.0,1.0,400890653,990002,9749,114880,124630,56,272,26,54696,37724,40515086,1537,0.0,0.027545,0.028679,103,0,4000.5,40607506,40563157,44349,41270,SUCCESS,True
2026-07-01 09:57:17,HAUSP-UB,KOSARAK,0,1,0.003,0.0,1.0,400890653,990002,9701,115385,125087,55,271,27,54696,37724,40515086,1537,0.0,0.027545,0.028679,103,0,3841.4,40607506,40563157,44349,41270,SUCCESS,True
2026-07-01 09:59:24,HAUSP-UB,KOSARAK,0,2,0.003,0.0,1.0,400890653,990002,9672,115782,125454,58,276,27,54696,37724,40515086,1537,0.0,0.027545,0.028679,103,0,3401.4,40607506,40563157,44349,41270,SUCCESS,True
2026-07-01 10:09:22,EHAUSM-I,KOSARAK,0,0,0.0025,0.0,1.0,400890653,990002,786,595074,595860,0,0,0,200007213,36334,199874111,0,0.055609,0.0,0.0,131,0,5030.64,0,0,0,0,SUCCESS,True
2026-07-01 10:19:19,EHAUSM-I,KOSARAK,0,1,0.0025,0.0,1.0,400890653,990002,807,593766,594574,0,0,0,200007213,36334,199874111,0,0.055609,0.0,0.0,131,0,6567.6,0,0,0,0,SUCCESS,True
2026-07-01 10:29:22,EHAUSM-I,KOSARAK,0,2,0.0025,0.0,1.0,400890653,990002,809,600052,600861,0,0,0,200007213,36334,199874111,0,0.055609,0.0,0.0,131,0,9029.75,0,0,0,0,SUCCESS,True
2026-07-01 10:33:35,HAUSP-UB,KOSARAK,0,0,0.0025,0.0,1.0,400890653,990002,10067,241554,251621,55,676,65,134637,37412,112624256,1535,0.0,0.027486,0.027985,131,0,4866.06,112796305,112751639,44666,41270,SUCCESS,True
2026-07-01 10:37:50,HAUSP-UB,KOSARAK,0,1,0.0025,0.0,1.0,400890653,990002,9762,244641,254403,56,704,64,134637,37412,112624256,1535,0.0,0.027486,0.027985,131,0,3713.4,112796305,112751639,44666,41270,SUCCESS,True
2026-07-01 10:42:11,HAUSP-UB,KOSARAK,0,2,0.0025,0.0,1.0,400890653,990002,9704,250138,259843,55,725,64,134637,37412,112624256,1535,0.0,0.027486,0.027985,131,0,3877.4,112796305,112751639,44666,41270,SUCCESS,True
2026-07-01 10:42:23,EHAUSM-I,LEVIATHAN,0,0,0.002,0.0,1.0,14156241,5834,82,10554,10636,0,0,0,17058202,7355,16996944,0,0.569576,0.0,0.0,16459,0,342.27,0,0,0,0,SUCCESS,True
2026-07-01 10:42:34,EHAUSM-I,LEVIATHAN,0,1,0.002,0.0,1.0,14156241,5834,22,10602,10625,0,0,0,17058202,7355,16996944,0,0.569576,0.0,0.0,16459,0,398.49,0,0,0,0,SUCCESS,True
2026-07-01 10:42:45,EHAUSM-I,LEVIATHAN,0,2,0.002,0.0,1.0,14156241,5834,24,10639,10664,0,0,0,17058202,7355,16996944,0,0.569576,0.0,0.0,16459,0,2057.27,0,0,0,0,SUCCESS,True
2026-07-01 10:42:49,HAUSP-UB,LEVIATHAN,0,0,0.002,0.0,1.0,14156241,5834,219,3092,3312,15,88,24,61706,8072,15739309,3685,0.0,0.390816,0.403422,16459,0,149.65,15812324,15802388,9936,9025,SUCCESS,True
2026-07-01 10:42:52,HAUSP-UB,LEVIATHAN,0,1,0.002,0.0,1.0,14156241,5834,88,2992,3081,3,110,24,61706,8072,15739309,3685,0.0,0.390816,0.403422,16459,0,146.44,15812324,15802388,9936,9025,SUCCESS,True
2026-07-01 10:42:56,HAUSP-UB,LEVIATHAN,0,2,0.002,0.0,1.0,14156241,5834,83,2987,3070,3,110,24,61706,8072,15739309,3685,0.0,0.390816,0.403422,16459,0,149.38,15812324,15802388,9936,9025,SUCCESS,True
2026-07-01 10:43:12,EHAUSM-I,LEVIATHAN,0,0,0.0015,0.0,1.0,14156241,5834,26,15605,15631,0,0,0,31649252,6958,31537476,0,0.59268,0.0,0.0,31684,0,1158.23,0,0,0,0,SUCCESS,True
2026-07-01 10:43:28,EHAUSM-I,LEVIATHAN,0,1,0.0015,0.0,1.0,14156241,5834,20,15619,15640,0,0,0,31649252,6958,31537476,0,0.59268,0.0,0.0,31684,0,667.15,0,0,0,0,SUCCESS,True
2026-07-01 10:43:44,EHAUSM-I,LEVIATHAN,0,2,0.0015,0.0,1.0,14156241,5834,18,15637,15656,0,0,0,31649252,6958,31537476,0,0.59268,0.0,0.0,31684,0,884.89,0,0,0,0,SUCCESS,True
2026-07-01 10:43:49,HAUSP-UB,LEVIATHAN,0,0,0.0015,0.0,1.0,14156241,5834,78,4360,4439,3,161,43,112358,7777,29656044,6374,0.0,0.406731,0.419213,31684,0,153.13,29781971,29771762,10209,9025,SUCCESS,True
2026-07-01 10:43:54,HAUSP-UB,LEVIATHAN,0,1,0.0015,0.0,1.0,14156241,5834,90,4303,4394,3,162,43,112358,7777,29656044,6374,0.0,0.406731,0.419213,31684,0,156.44,29781971,29771762,10209,9025,SUCCESS,True
2026-07-01 10:43:59,HAUSP-UB,LEVIATHAN,0,2,0.0015,0.0,1.0,14156241,5834,86,4482,4569,3,230,43,112358,7777,29656044,6374,0.0,0.406731,0.419213,31684,0,148.38,29781971,29771762,10209,9025,SUCCESS,True
2026-07-01 10:44:27,EHAUSM-I,LEVIATHAN,0,0,0.001,0.0,1.0,14156241,5834,26,27079,27105,0,0,0,70831859,6230,70570126,0,0.622234,0.0,0.0,79537,0,1126.13,0,0,0,0,SUCCESS,True
2026-07-01 10:44:54,EHAUSM-I,LEVIATHAN,0,1,0.001,0.0,1.0,14156241,5834,21,27062,27083,0,0,0,70831859,6230,70570126,0,0.622234,0.0,0.0,79537,0,884.41,0,0,0,0,SUCCESS,True
2026-07-01 10:45:22,EHAUSM-I,LEVIATHAN,0,2,0.001,0.0,1.0,14156241,5834,21,27259,27280,0,0,0,70831859,6230,70570126,0,0.622234,0.0,0.0,79537,0,905.15,0,0,0,0,SUCCESS,True
2026-07-01 10:45:31,HAUSP-UB,LEVIATHAN,0,0,0.001,0.0,1.0,14156241,5834,78,7834,7912,3,373,102,262464,7355,67634773,13964,0.0,0.428309,0.440658,79537,0,167.46,67917825,67907139,10686,9025,SUCCESS,True
2026-07-01 10:45:39,HAUSP-UB,LEVIATHAN,0,1,0.001,0.0,1.0,14156241,5834,89,7917,8006,4,538,101,262464,7355,67634773,13964,0.0,0.428309,0.440658,79537,0,152.24,67917825,67907139,10686,9025,SUCCESS,True
2026-07-01 10:45:47,HAUSP-UB,LEVIATHAN,0,2,0.001,0.0,1.0,14156241,5834,84,7689,7774,4,374,102,262464,7355,67634773,13964,0.0,0.428309,0.440658,79537,0,155.92,67917825,67907139,10686,9025,SUCCESS,True
2026-07-01 10:46:20,EHAUSM-I,SIGN,0,0,0.003,0.0,1.0,1668652,730,3,31611,31615,0,0,0,87193705,18,86599818,0,0.437143,0.0,0.0,12666,0,854.3,0,0,0,0,SUCCESS,True
2026-07-01 10:46:52,EHAUSM-I,SIGN,0,1,0.003,0.0,1.0,1668652,730,10,31604,31615,0,0,0,87193705,18,86599818,0,0.437143,0.0,0.0,12666,0,3625.63,0,0,0,0,SUCCESS,True
2026-07-01 10:47:24,EHAUSM-I,SIGN,0,2,0.003,0.0,1.0,1668652,730,10,31604,31615,0,0,0,87193705,18,86599818,0,0.437143,0.0,0.0,12666,0,2125.72,0,0,0,0,SUCCESS,True
2026-07-01 10:47:33,HAUSP-UB,SIGN,0,0,0.003,0.0,1.0,1668652,730,12,8484,8496,1,543,229,593947,32,86030002,60,0.0,0.176058,0.176085,12666,0,112.64,86623981,86622960,1021,267,SUCCESS,True
2026-07-01 10:47:42,HAUSP-UB,SIGN,0,1,0.003,0.0,1.0,1668652,730,13,8389,8402,1,543,230,593947,32,86030002,60,0.0,0.176058,0.176085,12666,0,108.55,86623981,86622960,1021,267,SUCCESS,True
2026-07-01 10:47:51,HAUSP-UB,SIGN,0,2,0.003,0.0,1.0,1668652,730,12,8387,8400,1,539,228,593947,32,86030002,60,0.0,0.176058,0.176085,12666,0,108.52,86623981,86622960,1021,267,SUCCESS,True
2026-07-01 10:48:36,EHAUSM-I,SIGN,0,0,0.0025,0.0,1.0,1668652,730,9,44227,44236,0,0,0,132129227,15,131201210,0,0.453955,0.0,0.0,24194,0,3936.83,0,0,0,0,SUCCESS,True
2026-07-01 10:49:20,EHAUSM-I,SIGN,0,1,0.0025,0.0,1.0,1668652,730,5,43820,43826,0,0,0,132129227,15,131201210,0,0.453955,0.0,0.0,24194,0,3047.93,0,0,0,0,SUCCESS,True
2026-07-01 10:50:05,EHAUSM-I,SIGN,0,2,0.0025,0.0,1.0,1668652,730,7,43875,43883,0,0,0,132129227,15,131201210,0,0.453955,0.0,0.0,24194,0,2159.16,0,0,0,0,SUCCESS,True
2026-07-01 10:50:17,HAUSP-UB,SIGN,0,0,0.0025,0.0,1.0,1668652,730,14,11720,11734,1,862,360,928104,28,130430215,87,0.0,0.186807,0.186824,24194,0,115.52,131358347,131357276,1071,267,SUCCESS,True
2026-07-01 10:50:29,HAUSP-UB,SIGN,0,1,0.0025,0.0,1.0,1668652,730,15,11693,11708,1,854,359,928104,28,130430215,87,0.0,0.186807,0.186824,24194,0,111.66,131358347,131357276,1071,267,SUCCESS,True
2026-07-01 10:50:41,HAUSP-UB,SIGN,0,2,0.0025,0.0,1.0,1668652,730,14,11646,11661,1,859,357,928104,28,130430215,87,0.0,0.186807,0.186824,24194,0,108.47,131358347,131357276,1071,267,SUCCESS,True
2026-07-01 10:51:48,EHAUSM-I,SIGN,0,0,0.002,0.0,1.0,1668652,730,12,66207,66220,0,0,0,217578304,12,215969817,0,0.472196,0.0,0.0,52370,0,3444.2,0,0,0,0,SUCCESS,True
2026-07-01 10:52:55,EHAUSM-I,SIGN,0,1,0.002,0.0,1.0,1668652,730,5,65927,65933,0,0,0,217578304,12,215969817,0,0.472196,0.0,0.0,52370,0,3327.78,0,0,0,0,SUCCESS,True
2026-07-01 10:54:03,EHAUSM-I,SIGN,0,2,0.002,0.0,1.0,1668652,730,6,66167,66174,0,0,0,217578304,12,215969817,0,0.472196,0.0,0.0,52370,0,6087.33,0,0,0,0,SUCCESS,True
2026-07-01 10:54:21,HAUSP-UB,SIGN,0,0,0.002,0.0,1.0,1668652,730,12,17660,17673,0,1529,620,1608583,20,215139792,96,0.0,0.200102,0.200114,52370,0,114.68,216748395,216747276,1119,267,SUCCESS,True
2026-07-01 10:54:39,HAUSP-UB,SIGN,0,1,0.002,0.0,1.0,1668652,730,16,17653,17670,1,1543,620,1608583,20,215139792,96,0.0,0.200102,0.200114,52370,0,108.64,216748395,216747276,1119,267,SUCCESS,True
2026-07-01 10:54:57,HAUSP-UB,SIGN,0,2,0.002,0.0,1.0,1668652,730,16,17648,17665,1,1539,620,1608583,20,215139792,96,0.0,0.200102,0.200114,52370,0,108.68,216748395,216747276,1119,267,SUCCESS,True
2026-07-02 13:14:50,EHAUSM-I,C8T1S5I8N5K,0,0,0.0003,0.0,1.0,47416411,47133,176,586,770,0,0,0,641061,40238,620706,0,0.410574,0.0,0.0,354,0,696.27,0,0,0,0,SUCCESS,True
2026-07-02 13:14:51,EHAUSM-I,C8T1S5I8N5K,0,1,0.0003,0.0,1.0,47416411,47133,175,485,661,0,0,0,641061,40238,620706,0,0.410574,0.0,0.0,354,0,621.18,0,0,0,0,SUCCESS,True
2026-07-02 13:14:52,EHAUSM-I,C8T1S5I8N5K,0,2,0.0003,0.0,1.0,47416411,47133,107,464,571,0,0,0,641061,40238,620706,0,0.410574,0.0,0.0,354,0,622.27,0,0,0,0,SUCCESS,True
2026-07-02 13:14:53,HAUSP-UB,C8T1S5I8N5K,0,0,0.0003,0.0,1.0,47416411,47133,428,421,849,25,11,11,28851,55737,299542,8496,0.0,0.15007,0.168666,354,0,851.0,384130,315627,68503,68240,SUCCESS,True
2026-07-02 13:14:55,HAUSP-UB,C8T1S5I8N5K,0,1,0.0003,0.0,1.0,47416411,47133,552,326,878,64,10,11,28851,55737,299542,8496,0.0,0.15007,0.168666,354,0,839.75,384130,315627,68503,68240,SUCCESS,True
2026-07-02 13:14:56,HAUSP-UB,C8T1S5I8N5K,0,2,0.0003,0.0,1.0,47416411,47133,365,255,621,10,9,11,28851,55737,299542,8496,0.0,0.15007,0.168666,354,0,849.13,384130,315627,68503,68240,SUCCESS,True
2026-07-02 13:14:58,EHAUSM-I,C8T1S5I8N5K,0,0,0.0002,0.0,1.0,47416411,47133,293,1689,1983,0,0,0,3020056,30941,2941503,0,0.460647,0.0,0.0,2623,0,768.42,0,0,0,0,SUCCESS,True
2026-07-02 13:15:00,EHAUSM-I,C8T1S5I8N5K,0,1,0.0002,0.0,1.0,47416411,47133,116,1576,1693,0,0,0,3020056,30941,2941503,0,0.460647,0.0,0.0,2623,0,903.2,0,0,0,0,SUCCESS,True
2026-07-02 13:15:02,EHAUSM-I,C8T1S5I8N5K,0,2,0.0002,0.0,1.0,47416411,47133,118,1571,1689,0,0,0,3020056,30941,2941503,0,0.460647,0.0,0.0,2623,0,942.33,0,0,0,0,SUCCESS,True
2026-07-02 13:15:04,HAUSP-UB,C8T1S5I8N5K,0,0,0.0002,0.0,1.0,47416411,47133,362,931,1294,10,38,36,91130,46615,1799929,12578,0.0,0.208598,0.21984,2623,0,864.54,1937675,1868773,68902,68240,SUCCESS,True
2026-07-02 13:15:06,HAUSP-UB,C8T1S5I8N5K,0,1,0.0002,0.0,1.0,47416411,47133,377,882,1260,11,37,36,91130,46615,1799929,12578,0.0,0.208598,0.21984,2623,0,864.95,1937675,1868773,68902,68240,SUCCESS,True
2026-07-02 13:15:07,HAUSP-UB,C8T1S5I8N5K,0,2,0.0002,0.0,1.0,47416411,47133,374,881,1255,10,37,36,91130,46615,1799929,12578,0.0,0.208598,0.21984,2623,0,864.95,1937675,1868773,68902,68240,SUCCESS,True
2026-07-02 13:15:17,EHAUSM-I,C8T1S5I8N5K,0,0,0.0001,0.0,1.0,47416411,47133,102,9195,9297,0,0,0,28770314,17311,28129577,0,0.52975,0.0,0.0,48018,0,3726.71,0,0,0,0,SUCCESS,True
2026-07-02 13:15:27,EHAUSM-I,C8T1S5I8N5K,0,1,0.0001,0.0,1.0,47416411,47133,98,9124,9223,0,0,0,28770314,17311,28129577,0,0.52975,0.0,0.0,48018,0,2454.33,0,0,0,0,SUCCESS,True
2026-07-02 13:15:37,EHAUSM-I,C8T1S5I8N5K,0,2,0.0001,0.0,1.0,47416411,47133,98,9108,9207,0,0,0,28770314,17311,28129577,0,0.52975,0.0,0.0,48018,0,1262.01,0,0,0,0,SUCCESS,True
2026-07-02 13:15:44,HAUSP-UB,C8T1S5I8N5K,0,0,0.0001,0.0,1.0,47416411,47133,375,6022,6398,11,316,262,657890,30939,20123516,17178,0.0,0.303627,0.306839,48018,0,882.83,20812370,20742430,69940,68240,SUCCESS,True
2026-07-02 13:15:50,HAUSP-UB,C8T1S5I8N5K,0,1,0.0001,0.0,1.0,47416411,47133,374,5540,5915,11,313,261,657890,30939,20123516,17178,0.0,0.303627,0.306839,48018,0,882.41,20812370,20742430,69940,68240,SUCCESS,True
2026-07-02 13:15:57,HAUSP-UB,C8T1S5I8N5K,0,2,0.0001,0.0,1.0,47416411,47133,377,6025,6403,11,313,262,657890,30939,20123516,17178,0.0,0.303627,0.306839,48018,0,882.62,20812370,20742430,69940,68240,SUCCESS,True
2026-07-03 19:26:07,EHAUSM-I,BIBLE,0,0,0.00025,0.0,1.0,35550162,36369,109,130402,130521,0,0,0,321540804,9506,320609897,0,0.554846,0.0,0.0,135751,0,4790.22,0,0,0,0,SUCCESS,True
2026-07-03 19:28:20,EHAUSM-I,BIBLE,0,1,0.00025,0.0,1.0,35550162,36369,80,131688,131769,0,0,0,321540804,9506,320609897,0,0.554846,0.0,0.0,135751,0,6119.89,0,0,0,0,SUCCESS,True
2026-07-03 19:30:29,EHAUSM-I,BIBLE,0,2,0.00025,0.0,1.0,35550162,36369,70,130999,131070,0,0,0,321540804,9506,320609897,0,0.554846,0.0,0.0,135751,0,4312.9,0,0,0,0,SUCCESS,True
2026-07-03 19:31:10,HAUSP-UB,BIBLE,0,0,0.00025,0.0,1.0,35550162,36369,262,39654,39917,22,1273,379,932010,10979,306491761,45492,0.0,0.315067,0.323167,135751,0,552.53,307479139,307461435,17704,13905,SUCCESS,True
2026-07-03 19:31:50,HAUSP-UB,BIBLE,0,1,0.00025,0.0,1.0,35550162,36369,355,39427,39783,8,1254,379,932010,10979,306491761,45492,0.0,0.315067,0.323167,135751,0,479.23,307479139,307461435,17704,13905,SUCCESS,True
2026-07-03 19:32:30,HAUSP-UB,BIBLE,0,2,0.00025,0.0,1.0,35550162,36369,193,39535,39729,11,1271,381,932010,10979,306491761,45492,0.0,0.315067,0.323167,135751,0,456.43,307479139,307461435,17704,13905,SUCCESS,True
2026-07-03 19:32:50,EHAUSM-I,C8T1S5I8N5K,0,0,8e-05,0.0,1.0,47416411,47133,159,16630,16789,0,0,0,59761300,14027,58392510,0,0.553724,0.0,0.0,121512,0,4447.22,0,0,0,0,SUCCESS,True
2026-07-03 19:33:07,EHAUSM-I,C8T1S5I8N5K,0,1,8e-05,0.0,1.0,47416411,47133,104,16467,16572,0,0,0,59761300,14027,58392510,0,0.553724,0.0,0.0,121512,0,4615.22,0,0,0,0,SUCCESS,True
2026-07-03 19:33:24,EHAUSM-I,C8T1S5I8N5K,0,2,8e-05,0.0,1.0,47416411,47133,104,16411,16515,0,0,0,59761300,14027,58392510,0,0.553724,0.0,0.0,121512,0,4956.45,0,0,0,0,SUCCESS,True
2026-07-03 19:33:36,HAUSP-UB,C8T1S5I8N5K,0,0,8e-05,0.0,1.0,47416411,47133,632,11072,11704,10,771,564,1389412,26080,45208086,20631,0.0,0.32868,0.330501,121512,0,881.67,46623587,46553222,70365,68240,SUCCESS,True
2026-07-03 19:33:49,HAUSP-UB,C8T1S5I8N5K,0,1,8e-05,0.0,1.0,47416411,47133,481,11850,12332,11,762,560,1389412,26080,45208086,20631,0.0,0.32868,0.330501,121512,0,778.07,46623587,46553222,70365,68240,SUCCESS,True
2026-07-03 19:34:03,HAUSP-UB,C8T1S5I8N5K,0,2,8e-05,0.0,1.0,47416411,47133,456,12973,13430,10,766,561,1389412,26080,45208086,20631,0.0,0.32868,0.330501,121512,0,878.56,46623587,46553222,70365,68240,SUCCESS,True
