# run_id=20260925-1835 git=cc7bf86 jvm=25.0.4.1 heap=24g host=PC-THAI tree=clean data=51a0304d3d57 cmd=--exp 5 --dataset syn_c8t1s5i8n5k --algo EHAUSM-R,HAUSP-UB[noEUCS] --repeats 1 --results-dir results --timeout 90
Timestamp,Algorithm,Dataset,BatchID,RunIndex,MinUtil,mu,DeltaRatio,TotalDBUtil,CumulativeDBSize,tScan(ms),tMining(ms),tTotal(ms),tLayer1(ms),tLayer2(ms),tLayer3(ms),Cand,PrunedL1(SWU),PrunedL2(IAUUB),PrunedL3(MFUUB),TightnessPEAU,TightnessIAUUB,TightnessMFUUB,HAUSP,SHAUS,MemPeak(MB),PoolBorrows,PoolReuses,PoolPeakLive,AudulActive,Status,Recursed,ArmOrder,Schedule,PoolBytes,FlatBytes,EucsBytes,AudulRootBytes,RescanTriggered,BufferUtil,BufferTested,SafetyBound,PrunedL3Node,PrunedL1Root,MemMode,MemLive(MB),MemRetained(MB),GcForced,RunID
2026-09-25 18:35:43,EHAUSM-R,C8T1S5I8N5K,0,0,0.000500,0.000,1.000,47416411,47132,125,375,500,0,0,0,70716,51910,68727,0,0.154440,0.000000,0.000000,33,0,266.70,0,0,0,0,SUCCESS,0,0,,,,,,,,,,,,used,,,,20260925-1835
2026-09-25 18:35:44,HAUSP-UB[noEUCS],C8T1S5I8N5K,0,0,0.000500,0.000,1.000,47416411,47132,78,62,140,15,0,0,70716,64042,53359,3236,0.000000,0.062268,0.093324,33,0,269.81,122626,53685,68941,68240,SUCCESS,5225,1,,340864,22186560,0,21455616,,,,,3236,12132,used,,,,20260925-1835
2026-09-25 18:35:45,EHAUSM-R,C8T1S5I8N5K,0,0,0.000300,0.000,1.000,47416411,47132,250,531,781,0,0,0,641061,40238,620706,0,0.246617,0.000000,0.000000,354,0,284.37,0,0,0,0,SUCCESS,0,0,,,,,,,,,,,,used,,,,20260925-1835
2026-09-25 18:35:46,HAUSP-UB[noEUCS],C8T1S5I8N5K,0,0,0.000300,0.000,1.000,47416411,47132,187,328,515,46,0,0,641061,55737,596711,8496,0.000000,0.150070,0.168666,354,0,273.29,681299,611443,69856,68240,SUCCESS,28851,1,,476288,22186560,0,21455616,,,,,8496,15499,used,,,,20260925-1835
2026-09-25 18:35:53,EHAUSM-R,C8T1S5I8N5K,0,0,0.000100,0.000,1.000,47416411,47132,78,5687,5765,0,0,0,28770314,17311,28129577,0,0.378451,0.000000,0.000000,48018,0,376.95,0,0,0,0,SUCCESS,0,0,,,,,,,,,,,,used,,,,20260925-1835
2026-09-25 18:35:57,HAUSP-UB[noEUCS],C8T1S5I8N5K,0,0,0.000100,0.000,1.000,47416411,47132,93,3593,3687,0,0,0,28770314,30939,28098771,17178,0.000000,0.303627,0.306839,48018,0,314.51,28787625,28715672,71953,68240,SUCCESS,657890,1,,1070848,22186560,0,21455616,,,,,17153,13628,used,,,,20260925-1835
# run_id=20260925-1835 git=cc7bf86 jvm=25.0.4.1 heap=24g host=PC-THAI tree=clean data=51a0304d3d57 cmd=--exp 5 --dataset tafeng --algo EHAUSM-R,HAUSP-UB[noEUCS] --repeats 1 --results-dir results --timeout 90
2026-09-25 18:35:59,EHAUSM-R,TAFENG,0,0,0.002000,0.000,1.000,108290594,32266,78,1328,1406,0,0,0,5614666,17403,5612194,0,0.022710,0.000000,0.000000,81,0,115.74,0,0,0,0,SUCCESS,0,0,,,,,,,,,,,,used,,,,20260925-1835
2026-09-25 18:36:00,HAUSP-UB[noEUCS],TAFENG,0,0,0.002000,0.000,1.000,108290594,32266,93,609,703,15,0,0,5614666,20253,5607532,1812,0.000000,0.028380,0.039214,81,0,140.58,5632069,5602200,29869,23812,SUCCESS,4284,1,,11206272,20582408,0,19256576,,,,,1812,2850,used,,,,20260925-1835
2026-09-25 18:36:03,EHAUSM-R,TAFENG,0,0,0.001500,0.000,1.000,108290594,32266,46,1718,1765,0,0,0,9003918,15945,8999686,0,0.022060,0.000000,0.000000,97,0,122.34,0,0,0,0,SUCCESS,0,0,,,,,,,,,,,,used,,,,20260925-1835
2026-09-25 18:36:04,HAUSP-UB[noEUCS],TAFENG,0,0,0.001500,0.000,1.000,108290594,32266,109,640,750,15,0,0,9003918,19225,8994259,2147,0.000000,0.025197,0.035053,97,0,140.61,9019863,8988649,31214,23812,SUCCESS,6377,1,,12661248,20582408,0,19256576,,,,,2145,3280,used,,,,20260925-1835
2026-09-25 18:36:07,EHAUSM-R,TAFENG,0,0,0.001000,0.000,1.000,108290594,32266,46,2890,2937,0,0,0,18559674,13837,18510429,0,0.036156,0.000000,0.000000,38829,0,365.51,0,0,0,0,SUCCESS,0,0,,,,,,,,,,,,used,,,,20260925-1835
2026-09-25 18:36:09,HAUSP-UB[noEUCS],TAFENG,0,0,0.001000,0.000,1.000,108290594,32266,31,906,937,0,0,0,18559674,17403,18467251,39612,0.000000,0.439267,0.440320,38829,0,141.45,18573511,18540147,33364,23812,SUCCESS,88846,1,,14717824,20582408,0,19256576,,,,,39601,3566,used,,,,20260925-1835
# run_id=20260925-1836 git=cc7bf86 jvm=25.0.4.1 heap=24g host=PC-THAI tree=clean data=51a0304d3d57 cmd=--exp 5 --dataset leviathan --algo EHAUSM-R,HAUSP-UB[noEUCS] --repeats 1 --results-dir results --timeout 90
2026-09-25 18:36:48,EHAUSM-R,LEVIATHAN,0,0,0.003000,0.000,1.000,14156241,5834,31,4750,4781,0,0,0,6599011,7777,6572852,0,0.439127,0.000000,0.000000,6511,0,100.70,0,0,0,0,SUCCESS,0,0,,,,,,,,,,,,used,,,,20260925-1836
2026-09-25 18:36:50,HAUSP-UB[noEUCS],LEVIATHAN,0,0,0.003000,0.000,1.000,14156241,5834,15,1625,1640,15,0,0,6599011,8336,6570516,1777,0.000000,0.366961,0.379732,6511,0,89.54,6606788,6597074,9714,9025,SUCCESS,26495,1,,16198656,6312032,0,5128320,,,,,336,559,used,,,,20260925-1836
2026-09-25 18:36:56,EHAUSM-R,LEVIATHAN,0,0,0.002400,0.000,1.000,14156241,5834,15,6015,6031,0,0,0,11274360,7546,11232531,0,0.451675,0.000000,0.000000,10818,0,148.15,0,0,0,0,SUCCESS,0,0,,,,,,,,,,,,used,,,,20260925-1836
2026-09-25 18:36:59,HAUSP-UB[noEUCS],LEVIATHAN,0,0,0.002400,0.000,1.000,14156241,5834,31,2093,2125,0,0,0,11274360,8198,11229287,2592,0.000000,0.380079,0.392729,10818,0,90.91,11281906,11272054,9852,9025,SUCCESS,42221,1,,17046528,6312032,0,5128320,,,,,392,652,used,,,,20260925-1836
2026-09-25 18:37:11,EHAUSM-R,LEVIATHAN,0,0,0.001500,0.000,1.000,14156241,5834,15,11218,11234,0,0,0,31649252,6958,31537476,0,0.476277,0.000000,0.000000,31684,0,298.85,0,0,0,0,SUCCESS,0,0,,,,,,,,,,,,used,,,,20260925-1836
2026-09-25 18:37:15,HAUSP-UB[noEUCS],LEVIATHAN,0,0,0.001500,0.000,1.000,14156241,5834,15,3656,3671,0,0,0,31649252,7777,31530283,6374,0.000000,0.406731,0.419213,31684,0,95.92,31656210,31645939,10271,9025,SUCCESS,112358,1,,31003392,6312032,0,5128320,,,,,582,819,used,,,,20260925-1836
# run_id=20260925-1837 git=cc7bf86 jvm=25.0.4.1 heap=24g host=PC-THAI tree=clean data=51a0304d3d57 cmd=--exp 5 --dataset sign --algo EHAUSM-R,HAUSP-UB[noEUCS] --repeats 1 --results-dir results --timeout 90
2026-09-25 18:37:19,EHAUSM-R,SIGN,0,0,0.008000,0.000,1.000,1668652,730,15,3656,3671,0,0,0,8417656,39,8363706,0,0.221447,0.000000,0.000000,309,0,273.58,0,0,0,0,SUCCESS,0,0,,,,,,,,,,,,used,,,,20260925-1837
2026-09-25 18:37:21,HAUSP-UB[noEUCS],SIGN,0,0,0.008000,0.000,1.000,1668652,730,15,1453,1468,15,0,0,8417656,63,8363628,54,0.000000,0.123158,0.123390,309,0,22.67,8417695,8416915,780,267,SUCCESS,54004,1,,3585536,1214656,0,905472,,,,,54,24,used,,,,20260925-1837
2026-09-25 18:37:27,EHAUSM-R,SIGN,0,0,0.006400,0.000,1.000,1668652,730,0,5390,5390,0,0,0,14506368,33,14413626,0,0.235622,0.000000,0.000000,736,0,17.68,0,0,0,0,SUCCESS,0,0,,,,,,,,,,,,used,,,,20260925-1837
2026-09-25 18:37:29,HAUSP-UB[noEUCS],SIGN,0,0,0.006400,0.000,1.000,1668652,730,15,1671,1687,15,0,0,14506368,54,14413547,58,0.000000,0.134685,0.134839,736,0,23.03,14506401,14505565,836,267,SUCCESS,92800,1,,3980288,1214656,0,905472,,,,,58,21,used,,,,20260925-1837
2026-09-25 18:37:42,EHAUSM-R,SIGN,0,0,0.004000,0.000,1.000,1668652,730,15,12359,12375,0,0,0,44724742,20,44431735,0,0.266045,0.000000,0.000000,4479,0,35.15,0,0,0,0,SUCCESS,0,0,,,,,,,,,,,,used,,,,20260925-1837
2026-09-25 18:37:46,HAUSP-UB[noEUCS],SIGN,0,0,0.004000,0.000,1.000,1668652,730,0,3796,3796,0,0,0,44724742,39,44431655,61,0.000000,0.159872,0.159925,4479,0,27.31,44724762,44723810,952,267,SUCCESS,293068,1,,4787200,1214656,0,905472,,,,,61,19,used,,,,20260925-1837
# run_id=20260925-1925 git=cc7bf86 jvm=25.0.4.1 heap=24g host=PC-THAI tree=clean data=51a0304d3d57 cmd=--exp 5 --dataset bible --algo EHAUSM-R,HAUSP-UB[noEUCS] --repeats 1 --results-dir results --timeout 90
2026-09-25 19:25:42,EHAUSM-R,BIBLE,0,0,0.000500,0.000,1.000,35550162,36369,93,39156,39250,0,0,0,90922505,10979,90699589,0,0.355649,0.000000,0.000000,29772,0,550.36,0,0,0,0,SUCCESS,0,0,,,,,,,,,,,,used,,,,20260925-1925
2026-09-25 19:25:56,HAUSP-UB[noEUCS],BIBLE,0,0,0.000500,0.000,1.000,35550162,36369,93,13203,13296,15,0,0,90922505,12054,90687418,11096,0.000000,0.290140,0.297948,29772,0,387.27,90933484,90917390,16094,13905,SUCCESS,223663,1,,130105856,25186112,0,18466944,,,,,747,1075,used,,,,20260925-1925
2026-09-25 19:26:48,EHAUSM-R,BIBLE,0,0,0.000400,0.000,1.000,35550162,36369,140,51000,51140,0,0,0,138453874,10561,138102544,0,0.365089,0.000000,0.000000,48469,0,745.90,0,0,0,0,SUCCESS,0,0,,,,,,,,,,,,used,,,,20260925-1925
2026-09-25 19:27:05,HAUSP-UB[noEUCS],BIBLE,0,0,0.000400,0.000,1.000,35550162,36369,62,16500,16562,0,0,0,138453874,11753,138084291,17061,0.000000,0.298656,0.306572,48469,0,389.67,138464435,138447890,16545,13905,SUCCESS,352180,1,,131835392,25186112,0,18466944,,,,,850,1192,used,,,,20260925-1925
2026-09-25 19:28:38,EHAUSM-R,BIBLE,0,0,0.000250,0.000,1.000,35550162,36369,62,90421,90500,0,0,0,321540804,9506,320609897,0,0.383210,0.000000,0.000000,135751,0,552.37,0,0,0,0,SUCCESS,0,0,,,,,,,,,,,,used,,,,20260925-1925
2026-09-25 19:29:07,HAUSP-UB[noEUCS],BIBLE,0,0,0.000250,0.000,1.000,35550162,36369,46,28484,28531,15,0,0,321540804,10979,320562932,45492,0.000000,0.315067,0.323167,135751,0,436.52,321550310,321532603,17707,13905,SUCCESS,932010,1,,193599488,25186112,0,18466944,,,,,1103,1473,used,,,,20260925-1925
# run_id=20260925-2031 git=cc7bf86 jvm=25.0.4.1 heap=24g host=PC-THAI tree=clean data=51a0304d3d57 cmd=--exp 5 --dataset bms1_spmf --algo EHAUSM-R,HAUSP-UB[noEUCS] --repeats 1 --results-dir results --timeout 90
2026-09-25 20:32:09,EHAUSM-R,BMS1_SPMF,0,0,0.003500,0.000,1.000,7229030,59601,46,36437,36484,0,0,0,103110382,133,102437138,0,0.090065,0.000000,0.000000,93,0,299.50,0,0,0,0,SUCCESS,0,0,,,,,,,,,,,,used,,,,20260925-2031
2026-09-25 20:32:32,HAUSP-UB[noEUCS],BMS1_SPMF,0,0,0.003500,0.000,1.000,7229030,59601,31,22312,22343,0,0,0,103110382,170,102437014,87,0.000000,0.039763,0.039814,93,0,65.35,103110515,103109564,951,497,SUCCESS,673331,1,,1800704,4788416,0,3355264,,,,,87,37,used,,,,20260925-2031
2026-09-25 20:34:09,EHAUSM-R,BMS1_SPMF,0,0,0.003200,0.000,1.000,7229030,59601,15,95171,95187,0,0,0,262577496,128,260826568,0,0.098763,0.000000,0.000000,105,0,77.55,0,0,0,0,SUCCESS,0,0,,,,,,,,,,,,used,,,,20260925-2031
2026-09-25 20:35:07,HAUSP-UB[noEUCS],BMS1_SPMF,0,0,0.003200,0.000,1.000,7229030,59601,46,57968,58015,0,0,0,262577496,159,260826443,94,0.000000,0.044439,0.044460,105,0,62.80,262577624,262576629,995,497,SUCCESS,1751022,1,,1581568,4788416,0,3355264,,,,,94,31,used,,,,20260925-2031
2026-09-25 20:38:56,EHAUSM-R,BMS1_SPMF,0,0,0.003000,0.000,1.000,7229030,59601,15,224687,224703,0,0,0,622589180,125,618286892,0,0.103648,0.000000,0.000000,114,0,254.55,0,0,0,0,SUCCESS,0,0,,,,,,,,,,,,used,,,,20260925-2031
2026-09-25 20:41:09,HAUSP-UB[noEUCS],BMS1_SPMF,0,0,0.003000,0.000,1.000,7229030,59601,62,132062,132125,0,0,0,622589180,157,618286771,89,0.000000,0.046707,0.046716,114,0,58.33,622589305,622588285,1020,497,SUCCESS,4302377,1,,1627648,4788416,0,3355264,,,,,89,32,used,,,,20260925-2031
# run_id=20260925-2116 git=cc7bf86 jvm=25.0.4.1 heap=24g host=PC-THAI tree=clean data=51a0304d3d57 cmd=--exp 5 --dataset fifa --algo EHAUSM-R,HAUSP-UB[noEUCS] --repeats 1 --results-dir results --timeout 90
2026-09-25 21:18:20,EHAUSM-R,FIFA,0,0,0.015000,0.000,1.000,35721991,20450,78,135000,135078,0,0,0,9720973,2607,9659665,0,0.126015,0.000000,0.000000,83,0,269.73,0,0,0,0,SUCCESS,0,0,,,,,,,,,,,,used,,,,20260925-2116
2026-09-25 21:19:01,HAUSP-UB[noEUCS],FIFA,0,0,0.015000,0.000,1.000,35721991,20450,109,39984,40093,15,0,0,9720973,2733,9659380,159,0.000000,0.089099,0.089256,83,0,257.53,9723580,9720307,3273,2990,SUCCESS,61388,1,,36012032,23714944,0,16070656,,,,,80,126,used,,,,20260925-2116
2026-09-25 21:22:52,EHAUSM-R,FIFA,0,0,0.012000,0.000,1.000,35721991,20450,31,225640,225671,0,0,0,22652772,2536,22524180,0,0.134802,0.000000,0.000000,334,0,187.32,0,0,0,0,SUCCESS,0,0,,,,,,,,,,,,used,,,,20260925-2116
2026-09-25 21:24:03,HAUSP-UB[noEUCS],FIFA,0,0,0.012000,0.000,1.000,35721991,20450,31,70078,70109,0,0,0,22652772,2701,22523748,267,0.000000,0.096915,0.097026,334,0,264.43,22655308,22651987,3321,2990,SUCCESS,128691,1,,41418752,23714944,0,16070656,,,,,99,165,used,,,,20260925-2116
2026-09-25 21:30:04,EHAUSM-R,FIFA,0,0,0.010000,0.000,1.000,35721991,20450,62,353937,354000,0,0,0,44846598,2503,44612408,0,0.142589,0.000000,0.000000,884,0,277.69,0,0,0,0,SUCCESS,0,0,,,,,,,,,,,,used,,,,20260925-2116
2026-09-25 21:31:58,HAUSP-UB[noEUCS],FIFA,0,0,0.010000,0.000,1.000,35721991,20450,78,114125,114203,15,0,0,44846598,2684,44611746,481,0.000000,0.103822,0.103913,884,0,275.50,44849101,44845733,3368,2990,SUCCESS,234304,1,,46858240,23714944,0,16070656,,,,,114,181,used,,,,20260925-2116
# run_id=20260925-2202 git=cc7bf86 jvm=25.0.4.1 heap=24g host=PC-THAI tree=clean data=51a0304d3d57 cmd=--exp 5 --dataset kosarak --algo EHAUSM-R,HAUSP-UB[noEUCS] --repeats 1 --results-dir results --timeout 90
2026-09-25 22:04:32,EHAUSM-R,KOSARAK,0,0,0.004000,0.000,1.000,400890653,990002,968,95000,95968,0,0,0,16590936,37099,16575432,0,0.025253,0.000000,0.000000,61,0,3438.91,0,0,0,0,SUCCESS,0,0,,,,,,,,,,,,used,,,,20260925-2202
2026-09-25 22:05:13,HAUSP-UB[noEUCS],KOSARAK,0,0,0.004000,0.000,1.000,400890653,990002,671,38421,39093,187,0,0,16590936,38222,16572694,1615,0.000000,0.027519,0.030676,61,0,3051.06,16628035,16583718,44317,41270,SUCCESS,17119,1,,287326208,256608480,0,187468288,,,,,1615,1123,used,,,,20260925-2202
2026-09-25 22:09:13,EHAUSM-R,KOSARAK,0,0,0.003000,0.000,1.000,400890653,990002,921,236546,237468,0,0,0,71686014,36629,71632855,0,0.024214,0.000000,0.000000,103,0,2432.17,0,0,0,0,SUCCESS,0,0,,,,,,,,,,,,used,,,,20260925-2202
2026-09-25 22:10:50,HAUSP-UB[noEUCS],KOSARAK,0,0,0.003000,0.000,1.000,400890653,990002,703,95390,96093,125,0,0,71686014,37724,71630223,1537,0.000000,0.027545,0.028679,103,0,2899.07,71722643,71677828,44815,41270,SUCCESS,54696,1,,329646080,256608480,0,187468288,,,,,1537,1095,used,,,,20260925-2202
2026-09-25 22:18:56,EHAUSM-R,KOSARAK,0,0,0.002500,0.000,1.000,400890653,990002,843,477500,478343,0,0,0,200007213,36334,199874111,0,0.024327,0.000000,0.000000,131,0,2955.00,0,0,0,0,SUCCESS,0,0,,,,,,,,,,,,used,,,,20260925-2202
2026-09-25 22:22:17,HAUSP-UB[noEUCS],KOSARAK,0,0,0.002500,0.000,1.000,400890653,990002,546,198984,199531,140,0,0,200007213,37412,199871498,1535,0.000000,0.027486,0.027985,131,0,2923.07,200043547,199998420,45127,41270,SUCCESS,134637,1,,352649216,256608480,0,187468288,,,,,1535,1078,used,,,,20260925-2202
