# run_id=20260904-1258 git=de94c3a jvm=26.0.1 heap=24g host=ThaiTMs-MacBook-Pro.local tree=clean cmd=--exp 2 --algo HAUSP-UB-L1L3,HAUSP-UB*,HAUSP-UB --repeats 1 --results-dir results-2026-09/counts --timeout 90 --resume
Timestamp,Algorithm,Dataset,BatchID,RunIndex,MinUtil,mu,DeltaRatio,TotalDBUtil,CumulativeDBSize,tScan(ms),tMining(ms),tTotal(ms),tLayer1(ms),tLayer2(ms),tLayer3(ms),Cand,PrunedL1(SWU),PrunedL2(IAUUB),PrunedL3(MFUUB),TightnessPEAU,TightnessIAUUB,TightnessMFUUB,HAUSP,SHAUS,MemPeak(MB),PoolBorrows,PoolReuses,PoolPeakLive,AudulActive,Status,Recursed,ArmOrder,Schedule,PoolBytes,FlatBytes,EucsBytes,AudulRootBytes,RescanTriggered,BufferUtil,BufferTested,SafetyBound,PrunedL3Node,PrunedL1Root,RunID
2026-09-04 12:58:44,HAUSP-UB-L1L3,BIBLE,0,0,0.001000,0.000,1.000,35550162,36369,258,7275,7534,19,37,23,18767867,12820,0,18711458,0.000000,0.261646,0.269156,6713,0,554.41,18779921,18760688,19233,13905,SUCCESS,56071,0,,131991424,25186112,33836048,18466944,,,,,428,766,20260904-1258
2026-09-04 12:58:52,HAUSP-UB*,BIBLE,0,0,0.001000,0.000,1.000,35550162,36369,221,8071,8292,0,0,0,32162180,12820,32102838,0,0.000000,0.264856,0.000000,6713,0,409.73,32174234,32158146,16088,13905,SUCCESS,58576,1,,,,,,,,,,,766,20260904-1258
2026-09-04 12:59:01,HAUSP-UB,BIBLE,0,0,0.001000,0.000,1.000,35550162,36369,189,7701,7890,10,165,22,18767867,12820,18708525,2933,0.000000,0.261646,0.269156,6713,0,390.87,18779921,18764758,15163,13905,SUCCESS,56071,2,,97838080,25186112,33836048,18466944,,,,,428,766,20260904-1258
2026-09-04 12:59:10,HAUSP-UB-L1L3,BIBLE,0,0,0.000900,0.000,1.000,35550162,36369,165,8740,8906,10,98,29,23866876,12719,0,23797723,0.000000,0.266298,0.273845,8375,0,635.15,23878803,23859098,19705,13905,SUCCESS,68845,0,,248606720,25186112,33836048,18466944,,,,,484,792,20260904-1258
2026-09-04 12:59:20,HAUSP-UB*,BIBLE,0,0,0.000900,0.000,1.000,35550162,36369,173,9103,9276,0,0,0,39850558,12719,39777798,0,0.000000,0.269481,0.000000,8375,0,411.01,39862485,39846249,16236,13905,SUCCESS,71968,1,,,,,,,,,,,792,20260904-1258
2026-09-04 12:59:29,HAUSP-UB,BIBLE,0,0,0.000900,0.000,1.000,35550162,36369,172,8496,8668,12,206,27,23866876,12719,23794116,3607,0.000000,0.266298,0.273845,8375,0,373.56,23878803,23863536,15267,13905,SUCCESS,68845,2,,97132544,25186112,33836048,18466944,,,,,484,792,20260904-1258
2026-09-04 12:59:40,HAUSP-UB-L1L3,BIBLE,0,0,0.000800,0.000,1.000,35550162,36369,166,10113,10279,10,125,37,31103002,12612,0,31015459,0.000000,0.271352,0.278945,10826,0,692.74,31114755,31094247,20508,13905,SUCCESS,87209,0,,235890816,25186112,33836048,18466944,,,,,525,859,20260904-1258
2026-09-04 12:59:51,HAUSP-UB*,BIBLE,0,0,0.000800,0.000,1.000,35550162,36369,205,10450,10655,0,0,0,50615667,12612,50523703,0,0.000000,0.274394,0.000000,10826,0,427.73,50627420,50611002,16418,13905,SUCCESS,91105,1,,,,,,,,,,,859,20260904-1258
2026-09-04 13:00:02,HAUSP-UB,BIBLE,0,0,0.000800,0.000,1.000,35550162,36369,164,9827,9992,10,269,35,31103002,12612,31011038,4421,0.000000,0.271352,0.278945,10826,0,378.45,31114755,31099352,15403,13905,SUCCESS,87209,2,,105474048,25186112,33836048,18466944,,,,,525,859,20260904-1258
2026-09-04 13:00:14,HAUSP-UB-L1L3,BIBLE,0,0,0.000700,0.000,1.000,35550162,36369,163,11877,12040,9,164,48,41527302,12476,0,41413381,0.000000,0.276494,0.284128,14383,0,722.18,41538868,41517650,21218,13905,SUCCESS,113590,0,,283072768,25186112,33836048,18466944,,,,,579,910,20260904-1258
2026-09-04 13:00:27,HAUSP-UB*,BIBLE,0,0,0.000700,0.000,1.000,35550162,36369,176,12209,12385,0,0,0,65551353,12476,65431767,0,0.000000,0.279523,0.000000,14383,0,430.33,65562919,65546225,16694,13905,SUCCESS,118676,1,,,,,,,,,,,910,20260904-1258
2026-09-04 13:00:39,HAUSP-UB,BIBLE,0,0,0.000700,0.000,1.000,35550162,36369,164,11521,11685,10,354,45,41527302,12476,41407716,5665,0.000000,0.276494,0.284128,14383,0,390.44,41538868,41523266,15602,13905,SUCCESS,113590,2,,112502784,25186112,33836048,18466944,,,,,579,910,20260904-1258
2026-09-04 13:00:55,HAUSP-UB-L1L3,BIBLE,0,0,0.000600,0.000,1.000,35550162,36369,166,14455,14622,10,224,65,57578675,12297,0,57423440,0.000000,0.282644,0.290343,20003,0,711.51,57589989,57567885,22104,13905,SUCCESS,154911,0,,270511744,25186112,33836048,18466944,,,,,659,983,20260904-1258
2026-09-04 13:01:10,HAUSP-UB*,BIBLE,0,0,0.000600,0.000,1.000,35550162,36369,161,14642,14803,0,0,0,87718534,12297,87555476,0,0.000000,0.285686,0.000000,20003,0,452.75,87729848,87712842,17006,13905,SUCCESS,162075,1,,,,,,,,,,,983,20260904-1258
2026-09-04 13:01:25,HAUSP-UB,BIBLE,0,0,0.000600,0.000,1.000,35550162,36369,164,14074,14238,10,500,61,57578675,12297,57415617,7823,0.000000,0.282644,0.290343,20003,0,461.59,57589989,57574186,15803,13905,SUCCESS,154911,2,,125759488,25186112,33836048,18466944,,,,,659,983,20260904-1258
2026-09-04 13:01:43,HAUSP-UB-L1L3,BIBLE,0,0,0.000500,0.000,1.000,35550162,36369,165,18070,18235,10,323,94,83528915,12054,0,83304924,0.000000,0.290140,0.297948,29772,0,760.86,83539894,83516365,23529,13905,SUCCESS,223663,0,,309610368,25186112,33836048,18466944,,,,,747,1075,20260904-1258
2026-09-04 13:02:02,HAUSP-UB*,BIBLE,0,0,0.000500,0.000,1.000,35550162,36369,160,18106,18266,0,0,0,122491226,12054,122256139,0,0.000000,0.293137,0.000000,29772,0,460.00,122502205,122484800,17405,13905,SUCCESS,234012,1,,,,,,,,,,,1075,20260904-1258
2026-09-04 13:02:20,HAUSP-UB,BIBLE,0,0,0.000500,0.000,1.000,35550162,36369,165,17542,17708,10,706,88,83528915,12054,83293828,11096,0.000000,0.290140,0.297948,29772,0,497.51,83539894,83523808,16086,13905,SUCCESS,223663,2,,137192448,25186112,33836048,18466944,,,,,747,1075,20260904-1258
2026-09-04 13:02:21,HAUSP-UB-L1L3,BMS1_SPMF,0,0,0.006000,0.000,1.000,7229030,59601,25,237,263,2,3,1,661448,224,0,657129,0.000000,0.033432,0.039517,45,0,59.73,661605,660292,1313,497,SUCCESS,4343,0,,2442240,4788416,3121200,3355264,,,,,91,67,20260904-1258
2026-09-04 13:02:22,HAUSP-UB*,BMS1_SPMF,0,0,0.006000,0.000,1.000,7229030,59601,38,205,243,0,0,0,703611,224,699201,0,0.000000,0.033432,0.000000,45,0,59.91,703768,702952,816,497,SUCCESS,4343,1,,,,,,,,,,,67,20260904-1258
2026-09-04 13:02:22,HAUSP-UB,BMS1_SPMF,0,0,0.006000,0.000,1.000,7229030,59601,34,235,270,5,5,1,661448,224,657038,91,0.000000,0.033432,0.039517,45,0,59.34,661605,660822,783,497,SUCCESS,4343,2,,0,4788416,3121200,3355264,,,,,91,67,20260904-1258
2026-09-04 13:02:24,HAUSP-UB-L1L3,BMS1_SPMF,0,0,0.005000,0.000,1.000,7229030,59601,37,843,881,5,13,6,2694472,211,0,2677636,0.000000,0.031622,0.033346,53,0,61.61,2694620,2693067,1553,497,SUCCESS,16858,0,,2862336,4788416,3121200,3355264,,,,,85,63,20260904-1258
2026-09-04 13:02:25,HAUSP-UB*,BMS1_SPMF,0,0,0.005000,0.000,1.000,7229030,59601,37,698,735,0,0,0,2919424,211,2902503,0,0.000000,0.031622,0.000000,53,0,59.80,2919572,2918707,865,497,SUCCESS,16858,1,,,,,,,,,,,63,20260904-1258
2026-09-04 13:02:26,HAUSP-UB,BMS1_SPMF,0,0,0.005000,0.000,1.000,7229030,59601,37,839,877,4,22,6,2694472,211,2677551,85,0.000000,0.031622,0.033346,53,0,59.86,2694620,2693798,822,497,SUCCESS,16858,2,,0,4788416,3121200,3355264,,,,,85,63,20260904-1258
2026-09-04 13:02:29,HAUSP-UB-L1L3,BMS1_SPMF,0,0,0.004500,0.000,1.000,7229030,59601,38,2256,2295,5,38,18,7455840,202,0,7408173,0.000000,0.033075,0.033711,68,0,61.95,7455982,7454388,1594,497,SUCCESS,47691,0,,2966016,4788416,3121200,3355264,,,,,84,60,20260904-1258
2026-09-04 13:02:31,HAUSP-UB*,BMS1_SPMF,0,0,0.004500,0.000,1.000,7229030,59601,42,1851,1893,0,0,0,8346482,202,8298731,0,0.000000,0.033075,0.000000,68,0,60.17,8346624,8345706,918,497,SUCCESS,47691,1,,,,,,,,,,,60,20260904-1258
2026-09-04 13:02:34,HAUSP-UB,BMS1_SPMF,0,0,0.004500,0.000,1.000,7229030,59601,36,2236,2273,5,62,18,7455840,202,7408089,84,0.000000,0.033075,0.033711,68,0,59.85,7455982,7455125,857,497,SUCCESS,47691,2,,0,4788416,3121200,3355264,,,,,84,60,20260904-1258
2026-09-04 13:02:41,HAUSP-UB-L1L3,BMS1_SPMF,0,0,0.004000,0.000,1.000,7229030,59601,36,6574,6611,5,115,56,22588848,187,0,22445181,0.000000,0.035469,0.035693,78,0,63.24,22588987,22587167,1820,497,SUCCESS,143707,0,,3418624,4788416,3121200,3355264,,,,,88,48,20260904-1258
2026-09-04 13:02:47,HAUSP-UB*,BMS1_SPMF,0,0,0.004000,0.000,1.000,7229030,59601,46,5338,5384,0,0,0,25235879,187,25092124,0,0.000000,0.035469,0.000000,78,0,59.77,25236018,25235062,956,497,SUCCESS,143707,1,,,,,,,,,,,48,20260904-1258
2026-09-04 13:02:54,HAUSP-UB,BMS1_SPMF,0,0,0.004000,0.000,1.000,7229030,59601,38,6503,6542,6,186,56,22588848,187,22445093,88,0.000000,0.035469,0.035693,78,0,59.85,22588987,22588085,902,497,SUCCESS,143707,2,,0,4788416,3121200,3355264,,,,,88,48,20260904-1258
2026-09-04 13:03:24,HAUSP-UB-L1L3,BMS1_SPMF,0,0,0.003500,0.000,1.000,7229030,59601,33,29309,29343,4,530,264,101714408,170,0,101041127,0.000000,0.039763,0.039814,93,0,63.58,101714541,101712506,2035,497,SUCCESS,673331,0,,3681280,4788416,3121200,3355264,,,,,87,37,20260904-1258
2026-09-04 13:03:48,HAUSP-UB*,BMS1_SPMF,0,0,0.003500,0.000,1.000,7229030,59601,38,23797,23835,0,0,0,115755637,170,115082269,0,0.000000,0.039763,0.000000,93,0,60.50,115755770,115754763,1007,497,SUCCESS,673331,1,,,,,,,,,,,37,20260904-1258
2026-09-04 13:04:18,HAUSP-UB,BMS1_SPMF,0,0,0.003500,0.000,1.000,7229030,59601,38,28951,28989,5,848,260,101714408,170,101041040,87,0.000000,0.039763,0.039814,93,0,60.24,101714541,101713590,951,497,SUCCESS,673331,2,,1721344,4788416,3121200,3355264,,,,,87,37,20260904-1258
2026-09-04 13:05:49,HAUSP-UB-L1L3,FIFA,0,0,0.012000,0.000,1.000,35721991,20450,102,90317,90419,7,119,57,20784913,2701,0,20656156,0.000000,0.096915,0.097026,334,0,789.98,20787449,20783315,4134,2990,SUCCESS,128691,0,,120782848,23714944,417892180,16070656,,,,,99,165,20260904-1258
2026-09-04 13:07:21,HAUSP-UB*,FIFA,0,0,0.012000,0.000,1.000,35721991,20450,100,91283,91383,0,0,0,28410209,2701,28281185,0,0.000000,0.096959,0.000000,334,0,672.53,28412745,28409311,3434,2990,SUCCESS,128859,1,,,,,,,,,,,165,20260904-1258
2026-09-04 13:08:55,HAUSP-UB,FIFA,0,0,0.012000,0.000,1.000,35721991,20450,170,93344,93514,72,266,55,20784913,2701,20655889,267,0.000000,0.096915,0.097026,334,0,640.67,20787449,20784128,3321,2990,SUCCESS,128691,2,,31424512,23714944,417892180,16070656,,,,,99,165,20260904-1258
2026-09-04 13:10:53,HAUSP-UB-L1L3,FIFA,0,0,0.011000,0.000,1.000,35721991,20450,70,118191,118262,6,217,74,27998672,2688,0,27828001,0.000000,0.100327,0.100428,555,0,748.70,28001194,27997021,4173,2990,SUCCESS,170616,0,,116195328,23714944,417892180,16070656,,,,,111,166,20260904-1258
2026-09-04 13:12:49,HAUSP-UB*,FIFA,0,0,0.011000,0.000,1.000,35721991,20450,181,114764,114946,0,0,0,39411265,2688,39240255,0,0.000000,0.100370,0.000000,555,0,653.83,39413787,39410336,3451,2990,SUCCESS,170844,1,,,,,,,,,,,166,20260904-1258
2026-09-04 13:14:47,HAUSP-UB,FIFA,0,0,0.011000,0.000,1.000,35721991,20450,70,117335,117406,8,313,71,27998672,2688,27827662,339,0.000000,0.100327,0.100428,555,0,648.37,28001194,27997860,3334,2990,SUCCESS,170616,2,,44367872,23714944,417892180,16070656,,,,,111,166,20260904-1258
2026-09-04 13:17:20,HAUSP-UB-L1L3,FIFA,0,0,0.010000,0.000,1.000,35721991,20450,67,152697,152764,7,291,100,40441435,2684,0,40207064,0.000000,0.103822,0.103913,884,0,821.08,40443938,40439601,4337,2990,SUCCESS,234304,0,,137510912,23714944,417892180,16070656,,,,,114,181,20260904-1258
2026-09-04 13:19:50,HAUSP-UB*,FIFA,0,0,0.010000,0.000,1.000,35721991,20450,73,149076,149149,0,0,0,55516195,2684,55281343,0,0.000000,0.103868,0.000000,884,0,675.96,55518698,55515226,3472,2990,SUCCESS,234671,1,,,,,,,,,,,181,20260904-1258
2026-09-04 13:22:18,HAUSP-UB,FIFA,0,0,0.010000,0.000,1.000,35721991,20450,78,147666,147745,8,430,98,40441435,2684,40206583,481,0.000000,0.103822,0.103913,884,0,655.41,40443938,40440571,3367,2990,SUCCESS,234304,2,,41353216,23714944,417892180,16070656,,,,,114,181,20260904-1258
2026-09-04 13:25:09,HAUSP-UB-L1L3,FIFA,0,0,0.009500,0.000,1.000,35721991,20450,70,170423,170493,7,349,119,48582471,2681,0,48304717,0.000000,0.105478,0.105564,1023,0,855.74,48584971,48580562,4409,2990,SUCCESS,277690,0,,143753216,23714944,417892180,16070656,,,,,117,181,20260904-1258
2026-09-04 13:27:56,HAUSP-UB*,FIFA,0,0,0.009500,0.000,1.000,35721991,20450,74,166505,166579,0,0,0,66502917,2681,66224680,0,0.000000,0.105524,0.000000,1023,0,671.09,66505417,66501930,3487,2990,SUCCESS,278056,1,,,,,,,,,,,181,20260904-1258
2026-09-04 13:30:44,HAUSP-UB,FIFA,0,0,0.009500,0.000,1.000,35721991,20450,69,167038,167107,7,514,115,48582471,2681,48304234,483,0.000000,0.105478,0.105564,1023,0,677.35,48584971,48581586,3385,2990,SUCCESS,277690,2,,49938432,23714944,417892180,16070656,,,,,117,181,20260904-1258
2026-09-04 13:34:04,HAUSP-UB-L1L3,FIFA,0,0,0.009000,0.000,1.000,35721991,20450,71,199913,199984,8,419,143,58822327,2664,0,58490393,0.000000,0.107228,0.107311,1174,0,841.94,58824807,58820365,4442,2990,SUCCESS,331894,0,,144048128,23714944,417892180,16070656,,,,,144,184,20260904-1258
2026-09-04 13:37:16,HAUSP-UB*,FIFA,0,0,0.009000,0.000,1.000,35721991,20450,331,190797,191128,0,0,0,80604508,2664,80271983,0,0.000000,0.107271,0.000000,1174,0,671.55,80606988,80603477,3511,2990,SUCCESS,332341,1,,,,,,,,,,,184,20260904-1258
2026-09-04 13:40:29,HAUSP-UB,FIFA,0,0,0.009000,0.000,1.000,35721991,20450,70,192019,192089,8,611,140,58822327,2664,58489802,591,0.000000,0.107228,0.107311,1174,0,681.16,58824807,58821405,3402,2990,SUCCESS,331894,2,,51052544,23714944,417892180,16070656,,,,,144,184,20260904-1258
2026-09-04 13:40:49,HAUSP-UB-L1L3,KOSARAK,0,0,0.008000,0.000,1.000,400890653,990002,9713,8426,18139,51,5,1,380806,40059,0,377354,0.000000,0.027560,0.038911,21,0,4005.08,419028,375568,43460,41270,SUCCESS,2385,0,,0,256608480,1074450560,187468288,,,,,770,1837,20260904-1258
2026-09-04 13:41:07,HAUSP-UB*,KOSARAK,0,0,0.008000,0.000,1.000,400890653,990002,7034,9961,16995,0,0,0,826661,40059,822439,0,0.000000,0.027560,0.000000,21,0,4005.52,864883,821188,43695,41270,SUCCESS,2385,1,,,,,,,,,,,1837,20260904-1258
2026-09-04 13:41:26,HAUSP-UB,KOSARAK,0,0,0.008000,0.000,1.000,400890653,990002,9705,8305,18011,51,7,1,380806,40059,376584,770,0.000000,0.027560,0.038911,21,0,4005.52,419028,376726,42302,41270,SUCCESS,2385,2,,0,256608480,1074450560,187468288,,,,,770,1837,20260904-1258
2026-09-04 13:41:47,HAUSP-UB-L1L3,KOSARAK,0,0,0.007000,0.000,1.000,400890653,990002,9696,11185,20882,50,7,1,692475,39715,0,688331,0.000000,0.026038,0.035451,29,0,3994.05,730471,686452,44019,41270,SUCCESS,3415,0,,0,256608480,1074450560,187468288,,,,,990,1719,20260904-1258
2026-09-04 13:42:08,HAUSP-UB*,KOSARAK,0,0,0.007000,0.000,1.000,400890653,990002,6822,12801,19623,0,0,0,1395705,39715,1390571,0,0.000000,0.026038,0.000000,29,0,4002.94,1433701,1389695,44006,41270,SUCCESS,3415,1,,,,,,,,,,,1719,20260904-1258
2026-09-04 13:42:29,HAUSP-UB,KOSARAK,0,0,0.007000,0.000,1.000,400890653,990002,9700,11142,20842,49,11,1,692475,39715,687341,990,0.000000,0.026038,0.035451,29,0,4003.03,730471,687890,42581,41270,SUCCESS,3415,2,,0,256608480,1074450560,187468288,,,,,990,1719,20260904-1258
2026-09-04 13:42:55,HAUSP-UB-L1L3,KOSARAK,0,0,0.006000,0.000,1.000,400890653,990002,9705,15192,24898,49,11,2,1312361,39310,0,1307050,0.000000,0.026535,0.034021,38,0,4010.40,1350085,1305343,44742,41270,SUCCESS,4936,0,,0,256608480,1074450560,187468288,,,,,1211,1586,20260904-1258
2026-09-04 13:43:22,HAUSP-UB*,KOSARAK,0,0,0.006000,0.000,1.000,400890653,990002,9143,17212,26355,0,0,0,2564612,39310,2558090,0,0.000000,0.026535,0.000000,38,0,4002.92,2602336,2557987,44349,41270,SUCCESS,4936,1,,,,,,,,,,,1586,20260904-1258
2026-09-04 13:43:48,HAUSP-UB,KOSARAK,0,0,0.006000,0.000,1.000,400890653,990002,9714,15089,24804,49,17,2,1312361,39310,1305839,1211,0.000000,0.026535,0.034021,38,0,3992.73,1350085,1307165,42920,41270,SUCCESS,4936,2,,0,256608480,1074450560,187468288,,,,,1211,1586,20260904-1258
2026-09-04 13:44:23,HAUSP-UB-L1L3,KOSARAK,0,0,0.005000,0.000,1.000,400890653,990002,9707,24112,33819,51,23,4,3144185,38834,0,3135710,0.000000,0.027005,0.032215,44,0,3991.86,3181597,3135686,45911,41270,SUCCESS,8432,0,,0,256608480,1074450560,187468288,,,,,1379,1422,20260904-1258
2026-09-04 13:44:59,HAUSP-UB*,KOSARAK,0,0,0.005000,0.000,1.000,400890653,990002,9136,26723,35859,0,0,0,5720025,38834,5710171,0,0.000000,0.027005,0.000000,44,0,3997.52,5757437,5712645,44792,41270,SUCCESS,8432,1,,,,,,,,,,,1422,20260904-1258
2026-09-04 13:45:34,HAUSP-UB,KOSARAK,0,0,0.005000,0.000,1.000,400890653,990002,9699,24266,33965,50,38,4,3144185,38834,3134331,1379,0.000000,0.027005,0.032215,44,0,3992.50,3181597,3138291,43306,41270,SUCCESS,8432,2,,0,256608480,1074450560,187468288,,,,,1379,1422,20260904-1258
2026-09-04 13:46:29,HAUSP-UB-L1L3,KOSARAK,0,0,0.004000,0.000,1.000,400890653,990002,9709,44095,53804,50,53,10,9022936,38222,0,9006309,0.000000,0.027519,0.030676,61,0,4002.91,9060035,9012624,47411,41270,SUCCESS,17119,0,,0,256608480,1074450560,187468288,,,,,1615,1123,20260904-1258
2026-09-04 13:47:27,HAUSP-UB*,KOSARAK,0,0,0.004000,0.000,1.000,400890653,990002,9161,47887,57048,0,0,0,15339483,38222,15321241,0,0.000000,0.027519,0.000000,61,0,4345.52,15376582,15331244,45338,41270,SUCCESS,17119,1,,,,,,,,,,,1123,20260904-1258
2026-09-04 13:48:22,HAUSP-UB,KOSARAK,0,0,0.004000,0.000,1.000,400890653,990002,9701,44535,54237,50,93,8,9022936,38222,9004694,1615,0.000000,0.027519,0.030676,61,0,3992.97,9060035,9016255,43780,41270,SUCCESS,17119,2,,0,256608480,1074450560,187468288,,,,,1615,1123,20260904-1258
2026-09-04 13:50:30,HAUSP-UB-L1L3,KOSARAK,0,0,0.003000,0.000,1.000,400890653,990002,9690,117235,126925,49,188,32,40570877,37724,0,40516623,0.000000,0.027545,0.028679,103,0,3997.52,40607506,40557407,50099,41270,SUCCESS,54696,0,,0,256608480,1074450560,187468288,,,,,1537,1095,20260904-1258
2026-09-04 13:52:47,HAUSP-UB*,KOSARAK,0,0,0.003000,0.000,1.000,400890653,990002,9141,127529,136670,0,0,0,68399626,37724,68343835,0,0.000000,0.027545,0.000000,103,0,4377.52,68436255,68390084,46171,41270,SUCCESS,54696,1,,,,,,,,,,,1095,20260904-1258
2026-09-04 13:54:58,HAUSP-UB,KOSARAK,0,0,0.003000,0.000,1.000,400890653,990002,9693,119731,129425,50,396,27,40570877,37724,40515086,1537,0.000000,0.027545,0.028679,103,0,4013.52,40607506,40563157,44349,41270,SUCCESS,54696,2,,0,256608480,1074450560,187468288,,,,,1537,1095,20260904-1258
2026-09-04 13:54:59,HAUSP-UB-L1L3,LEVIATHAN,0,0,0.006000,0.000,1.000,14156241,5834,78,753,831,3,5,2,892302,8654,0,885906,0.000000,0.319665,0.332578,1296,0,164.58,900638,890313,10325,9025,SUCCESS,6267,0,,28880896,6312032,33754736,5128320,,,,,189,318,20260904-1258
2026-09-04 13:55:01,HAUSP-UB*,LEVIATHAN,0,0,0.006000,0.000,1.000,14156241,5834,127,790,917,0,0,0,2038824,8654,2031893,0,0.000000,0.326615,0.000000,1296,0,1863.97,2047160,2037505,9655,9025,SUCCESS,6613,1,,,,,,,,,,,318,20260904-1258
2026-09-04 13:55:02,HAUSP-UB,LEVIATHAN,0,0,0.006000,0.000,1.000,14156241,5834,85,741,826,3,8,2,892302,8654,885371,535,0.000000,0.319665,0.332578,1296,0,179.34,900638,891262,9376,9025,SUCCESS,6267,2,,13534208,6312032,33754736,5128320,,,,,189,318,20260904-1258
2026-09-04 13:55:03,HAUSP-UB-L1L3,LEVIATHAN,0,0,0.005000,0.000,1.000,14156241,5834,92,957,1050,4,8,3,1491113,8593,0,1481799,0.000000,0.333641,0.346442,1983,0,220.63,1499343,1488766,10577,9025,SUCCESS,9161,0,,35846144,6312032,33754736,5128320,,,,,210,363,20260904-1258
2026-09-04 13:55:05,HAUSP-UB*,LEVIATHAN,0,0,0.005000,0.000,1.000,14156241,5834,129,918,1047,0,0,0,3391679,8593,3381598,0,0.000000,0.340669,0.000000,1983,0,1851.70,3399909,3390125,9784,9025,SUCCESS,9718,1,,,,,,,,,,,363,20260904-1258
2026-09-04 13:55:06,HAUSP-UB,LEVIATHAN,0,0,0.005000,0.000,1.000,14156241,5834,89,947,1036,4,13,3,1491113,8593,1481032,767,0.000000,0.333641,0.346442,1983,0,176.40,1499343,1489912,9431,9025,SUCCESS,9161,2,,15907840,6312032,33754736,5128320,,,,,210,363,20260904-1258
2026-09-04 13:55:08,HAUSP-UB-L1L3,LEVIATHAN,0,0,0.004000,0.000,1.000,14156241,5834,89,1298,1388,4,13,5,2785058,8502,0,2770306,0.000000,0.349138,0.361933,3310,0,184.56,2793130,2782109,11021,9025,SUCCESS,14559,0,,40766592,6312032,33754736,5128320,,,,,237,430,20260904-1258
2026-09-04 13:55:10,HAUSP-UB*,LEVIATHAN,0,0,0.004000,0.000,1.000,14156241,5834,131,1236,1367,0,0,0,5862592,8502,5846773,0,0.000000,0.355633,0.000000,3310,0,1858.48,5870664,5860713,9951,9025,SUCCESS,15389,1,,,,,,,,,,,430,20260904-1258
2026-09-04 13:55:12,HAUSP-UB,LEVIATHAN,0,0,0.004000,0.000,1.000,14156241,5834,89,1268,1357,4,22,5,2785058,8502,2769240,1066,0.000000,0.349138,0.361933,3310,0,180.20,2793130,2783612,9518,9025,SUCCESS,14559,2,,18017280,6312032,33754736,5128320,,,,,237,430,20260904-1258
2026-09-04 13:55:14,HAUSP-UB-L1L3,LEVIATHAN,0,0,0.003000,0.000,1.000,14156241,5834,89,1917,2006,4,27,10,5958464,8336,0,5931746,0.000000,0.366961,0.379732,6511,0,194.38,5966241,5954596,11645,9025,SUCCESS,26495,0,,49320192,6312032,33754736,5128320,,,,,336,559,20260904-1258
2026-09-04 13:55:17,HAUSP-UB*,LEVIATHAN,0,0,0.003000,0.000,1.000,14156241,5834,138,1833,1971,0,0,0,11438410,8336,11409914,0,0.000000,0.373142,0.000000,6511,0,1867.67,11446187,11435984,10203,9025,SUCCESS,27937,1,,,,,,,,,,,559,20260904-1258
2026-09-04 13:55:19,HAUSP-UB,LEVIATHAN,0,0,0.003000,0.000,1.000,14156241,5834,91,1863,1954,4,47,10,5958464,8336,5929969,1777,0.000000,0.366961,0.379732,6511,0,190.03,5966241,5956562,9679,9025,SUCCESS,26495,2,,20989696,6312032,33754736,5128320,,,,,336,559,20260904-1258
2026-09-04 13:55:23,HAUSP-UB-L1L3,LEVIATHAN,0,0,0.002000,0.000,1.000,14156241,5834,91,3380,3471,4,66,24,15804969,8072,0,15742994,0.000000,0.390816,0.403422,16459,0,222.20,15812324,15799380,12944,9025,SUCCESS,61706,0,,62894336,6312032,33754736,5128320,,,,,448,717,20260904-1258
2026-09-04 13:55:27,HAUSP-UB*,LEVIATHAN,0,0,0.002000,0.000,1.000,14156241,5834,134,3151,3285,0,0,0,27244400,8072,27178735,0,0.000000,0.396184,0.000000,16459,0,1882.95,27251755,27241031,10724,9025,SUCCESS,64948,1,,,,,,,,,,,717,20260904-1258
2026-09-04 13:55:31,HAUSP-UB,LEVIATHAN,0,0,0.002000,0.000,1.000,14156241,5834,88,3251,3340,3,121,24,15804969,8072,15739309,3685,0.000000,0.390816,0.403422,16459,0,196.82,15812324,15802388,9936,9025,SUCCESS,61706,2,,26256896,6312032,33754736,5128320,,,,,448,717,20260904-1258
2026-09-04 13:55:32,HAUSP-UB-L1L3,SIGN,0,0,0.009000,0.000,1.000,1668652,730,8,1406,1414,0,32,15,6035907,67,0,5995466,0.000000,0.117371,0.117661,204,0,121.44,6035948,6034688,1260,267,SUCCESS,40470,0,,6427136,1214656,74809588,905472,,,,,55,26,20260904-1258
2026-09-04 13:55:34,HAUSP-UB*,SIGN,0,0,0.009000,0.000,1.000,1668652,730,20,1162,1182,0,0,0,6975985,67,6935489,0,0.000000,0.117371,0.000000,204,0,116.51,6976026,6975219,807,267,SUCCESS,40470,1,,,,,,,,,,,26,20260904-1258
2026-09-04 13:55:36,HAUSP-UB,SIGN,0,0,0.009000,0.000,1.000,1668652,730,18,1271,1290,1,51,15,6035907,67,5995411,55,0.000000,0.117371,0.117661,204,0,115.84,6035948,6035196,752,267,SUCCESS,40470,2,,3596288,1214656,74809588,905472,,,,,55,26,20260904-1258
2026-09-04 13:55:38,HAUSP-UB-L1L3,SIGN,0,0,0.008000,0.000,1.000,1668652,730,19,1603,1623,1,43,21,8172083,63,0,8118109,0.000000,0.123158,0.123390,309,0,122.34,8172122,8170788,1334,267,SUCCESS,54004,0,,6854656,1214656,74809588,905472,,,,,54,24,20260904-1258
2026-09-04 13:55:39,HAUSP-UB*,SIGN,0,0,0.008000,0.000,1.000,1668652,730,24,1420,1444,0,0,0,9317393,63,9263365,0,0.000000,0.123158,0.000000,309,0,116.94,9317432,9316603,829,267,SUCCESS,54004,1,,,,,,,,,,,24,20260904-1258
2026-09-04 13:55:41,HAUSP-UB,SIGN,0,0,0.008000,0.000,1.000,1668652,730,19,1560,1580,1,69,21,8172083,63,8118055,54,0.000000,0.123158,0.123390,309,0,116.20,8172122,8171342,780,267,SUCCESS,54004,2,,3808768,1214656,74809588,905472,,,,,54,24,20260904-1258
2026-09-04 13:55:44,HAUSP-UB-L1L3,SIGN,0,0,0.007000,0.000,1.000,1668652,730,18,2024,2043,1,59,29,11402615,59,0,11327924,0.000000,0.129924,0.130109,527,0,123.22,11402651,11401217,1434,267,SUCCESS,74722,0,,7329792,1214656,74809588,905472,,,,,54,23,20260904-1258
2026-09-04 13:55:46,HAUSP-UB*,SIGN,0,0,0.007000,0.000,1.000,1668652,730,20,1770,1790,0,0,0,12849791,59,12775046,0,0.000000,0.129924,0.000000,527,0,117.06,12849827,12848972,855,267,SUCCESS,74722,1,,,,,,,,,,,23,20260904-1258
2026-09-04 13:55:48,HAUSP-UB,SIGN,0,0,0.007000,0.000,1.000,1668652,730,19,1968,1987,1,95,29,11402615,59,11327870,54,0.000000,0.129924,0.130109,527,0,116.52,11402651,11401839,812,267,SUCCESS,74722,2,,3927552,1214656,74809588,905472,,,,,54,23,20260904-1258
2026-09-04 13:55:52,HAUSP-UB-L1L3,SIGN,0,0,0.006000,0.000,1.000,1668652,730,20,2639,2659,1,85,43,16677806,50,0,16569324,0.000000,0.137873,0.138006,966,0,124.04,16677838,16676318,1520,267,SUCCESS,108524,0,,7736320,1214656,74809588,905472,,,,,60,18,20260904-1258
2026-09-04 13:55:54,HAUSP-UB*,SIGN,0,0,0.006000,0.000,1.000,1668652,730,21,2298,2319,0,0,0,18522981,50,18414439,0,0.000000,0.137873,0.000000,966,0,117.60,18523013,18522116,897,267,SUCCESS,108524,1,,,,,,,,,,,18,20260904-1258
2026-09-04 13:55:57,HAUSP-UB,SIGN,0,0,0.006000,0.000,1.000,1668652,730,19,2565,2584,1,139,42,16677806,50,16569264,60,0.000000,0.137873,0.138006,966,0,117.28,16677838,16676979,859,267,SUCCESS,108524,2,,4228352,1214656,74809588,905472,,,,,60,18,20260904-1258
2026-09-04 13:56:01,HAUSP-UB-L1L3,SIGN,0,0,0.005000,0.000,1.000,1668652,730,18,3633,3651,1,134,67,25920143,41,0,25750632,0.000000,0.147657,0.147748,1907,0,124.43,25920171,25918546,1625,267,SUCCESS,169561,0,,8017920,1214656,74809588,905472,,,,,63,13,20260904-1258
2026-09-04 13:56:05,HAUSP-UB*,SIGN,0,0,0.005000,0.000,1.000,1668652,730,23,3129,3152,0,0,0,28460254,41,28290680,0,0.000000,0.147657,0.000000,1907,0,118.10,28460282,28459347,935,267,SUCCESS,169561,1,,,,,,,,,,,13,20260904-1258
2026-09-04 13:56:09,HAUSP-UB,SIGN,0,0,0.005000,0.000,1.000,1668652,730,19,3552,3572,1,217,66,25920143,41,25750569,63,0.000000,0.147657,0.147748,1907,0,118.11,25920171,25919268,903,267,SUCCESS,169561,2,,4506880,1214656,74809588,905472,,,,,63,13,20260904-1258
2026-09-04 13:56:15,HAUSP-UB-L1L3,SIGN,0,0,0.004000,0.000,1.000,1668652,730,19,5421,5440,1,229,114,44221264,39,0,43928238,0.000000,0.159872,0.159925,4479,0,124.61,44221284,44219501,1783,267,SUCCESS,293068,0,,8030464,1214656,74809588,905472,,,,,61,19,20260904-1258
2026-09-04 13:56:20,HAUSP-UB*,SIGN,0,0,0.004000,0.000,1.000,1668652,730,24,4585,4609,0,0,0,47842767,39,47549680,0,0.000000,0.159872,0.000000,4479,0,118.49,47842787,47841810,977,267,SUCCESS,293068,1,,,,,,,,,,,19,20260904-1258
2026-09-04 13:56:25,HAUSP-UB,SIGN,0,0,0.004000,0.000,1.000,1668652,730,19,5241,5260,1,368,113,44221264,39,43928177,61,0.000000,0.159872,0.159925,4479,0,118.34,44221284,44220332,952,267,SUCCESS,293068,2,,4758528,1214656,74809588,905472,,,,,61,19,20260904-1258
2026-09-04 13:56:35,HAUSP-UB-L1L3,SIGN,0,0,0.003000,0.000,1.000,1668652,730,22,9143,9165,1,453,231,86623963,32,0,86030062,0.000000,0.176058,0.176085,12666,0,129.00,86623981,86622081,1900,267,SUCCESS,593947,0,,9517568,1214656,74809588,905472,,,,,60,14,20260904-1258
2026-09-04 13:56:43,HAUSP-UB*,SIGN,0,0,0.003000,0.000,1.000,1668652,730,20,7478,7498,0,0,0,91664505,32,91070544,0,0.000000,0.176058,0.000000,12666,0,119.27,91664523,91663480,1043,267,SUCCESS,593947,1,,,,,,,,,,,14,20260904-1258
2026-09-04 13:56:52,HAUSP-UB,SIGN,0,0,0.003000,0.000,1.000,1668652,730,19,8747,8767,1,727,229,86623963,32,86030002,60,0.000000,0.176058,0.176085,12666,0,119.03,86623981,86622960,1021,267,SUCCESS,593947,2,,5195264,1214656,74809588,905472,,,,,60,14,20260904-1258
2026-09-04 13:56:54,HAUSP-UB-L1L3,C8T1S5I8N5K,0,0,0.000300,0.000,1.000,47416411,47133,415,566,982,10,10,11,343892,55737,0,308038,0.000000,0.150070,0.168666,354,0,871.84,384130,315627,68503,68240,SUCCESS,28851,0,,392704,22186560,155545888,21455616,,,,,8496,15499,20260904-1258
2026-09-04 13:56:55,HAUSP-UB*,C8T1S5I8N5K,0,0,0.000300,0.000,1.000,47416411,47133,444,686,1130,0,0,0,1054224,55737,1009874,0,0.000000,0.150070,0.000000,354,0,978.19,1094462,1025905,68557,68240,SUCCESS,28851,1,,,,,,,,,,,15499,20260904-1258
2026-09-04 13:56:56,HAUSP-UB,C8T1S5I8N5K,0,0,0.000300,0.000,1.000,47416411,47133,360,381,742,10,11,11,343892,55737,299542,8496,0.000000,0.150070,0.168666,354,0,979.50,384130,315627,68503,68240,SUCCESS,28851,2,,199168,22186560,155545888,21455616,,,,,8496,15499,20260904-1258
2026-09-04 13:56:58,HAUSP-UB-L1L3,C8T1S5I8N5K,0,0,0.000250,0.000,1.000,47416411,47133,357,530,888,10,18,19,745426,51908,0,689814,0.000000,0.184606,0.199242,858,0,982.07,781367,712707,68660,68240,SUCCESS,49892,0,,464896,22186560,155545888,21455616,,,,,10247,15967,20260904-1258
2026-09-04 13:56:59,HAUSP-UB*,C8T1S5I8N5K,0,0,0.000250,0.000,1.000,47416411,47133,400,609,1009,0,0,0,2232608,51908,2166749,0,0.000000,0.184606,0.000000,858,0,923.48,2268549,2199809,68740,68240,SUCCESS,49892,1,,,,,,,,,,,15967,20260904-1258
2026-09-04 13:57:01,HAUSP-UB,C8T1S5I8N5K,0,0,0.000250,0.000,1.000,47416411,47133,357,506,864,11,20,19,745426,51908,679567,10247,0.000000,0.184606,0.199242,858,0,984.68,781367,712707,68660,68240,SUCCESS,49892,2,,247168,22186560,155545888,21455616,,,,,10247,15967,20260904-1258
2026-09-04 13:57:02,HAUSP-UB-L1L3,C8T1S5I8N5K,0,0,0.000200,0.000,1.000,47416411,47133,355,1000,1355,10,38,35,1906734,46615,0,1812507,0.000000,0.208598,0.219840,2623,0,995.70,1937675,1868773,68902,68240,SUCCESS,91130,0,,1012608,22186560,155545888,21455616,,,,,12577,15674,20260904-1258
2026-09-04 13:57:04,HAUSP-UB*,C8T1S5I8N5K,0,0,0.000200,0.000,1.000,47416411,47133,391,1069,1460,0,0,0,4808979,46615,4702174,0,0.000000,0.208598,0.000000,2623,0,988.08,4839920,4770906,69014,68240,SUCCESS,91131,1,,,,,,,,,,,15674,20260904-1258
2026-09-04 13:57:06,HAUSP-UB,C8T1S5I8N5K,0,0,0.000200,0.000,1.000,47416411,47133,358,983,1341,11,43,35,1906734,46615,1799929,12578,0.000000,0.208598,0.219840,2623,0,994.09,1937675,1868773,68902,68240,SUCCESS,91130,2,,350464,22186560,155545888,21455616,,,,,12577,15674,20260904-1258
2026-09-04 13:57:09,HAUSP-UB-L1L3,C8T1S5I8N5K,0,0,0.000150,0.000,1.000,47416411,47133,363,2189,2553,11,92,79,5333398,40238,0,5129588,0.000000,0.247764,0.254812,10089,0,1006.83,5358139,5288896,69243,68240,SUCCESS,202753,0,,1521408,22186560,155545888,21455616,,,,,14440,15497,20260904-1258
2026-09-04 13:57:12,HAUSP-UB*,C8T1S5I8N5K,0,0,0.000150,0.000,1.000,47416411,47133,398,1961,2359,0,0,0,10639643,40238,10421386,0,0.000000,0.247766,0.000000,10089,0,997.65,10664384,10594994,69390,68240,SUCCESS,202760,1,,,,,,,,,,,15497,20260904-1258
2026-09-04 13:57:15,HAUSP-UB,C8T1S5I8N5K,0,0,0.000150,0.000,1.000,47416411,47133,365,2181,2547,11,109,79,5333398,40238,5115141,14447,0.000000,0.247764,0.254812,10089,0,1005.41,5358139,5288896,69243,68240,SUCCESS,202753,2,,423168,22186560,155545888,21455616,,,,,14440,15497,20260904-1258
2026-09-04 13:57:22,HAUSP-UB-L1L3,C8T1S5I8N5K,0,0,0.000100,0.000,1.000,47416411,47133,364,6262,6626,12,322,257,20795059,30939,0,20140694,0.000000,0.303627,0.306839,48018,0,1011.35,20812370,20742417,69953,68240,SUCCESS,657890,0,,2307328,22186560,155545888,21455616,,,,,17153,13628,20260904-1258
2026-09-04 13:57:28,HAUSP-UB*,C8T1S5I8N5K,0,0,0.000100,0.000,1.000,47416411,47133,392,5089,5481,0,0,0,35380149,30939,34708606,0,0.000000,0.303632,0.000000,48018,0,1005.49,35397460,35327391,70069,68240,SUCCESS,657915,1,,,,,,,,,,,13628,20260904-1258
2026-09-04 13:57:35,HAUSP-UB,C8T1S5I8N5K,0,0,0.000100,0.000,1.000,47416411,47133,364,5963,6327,11,393,266,20795059,30939,20123516,17178,0.000000,0.303627,0.306839,48018,0,961.49,20812370,20742430,69940,68240,SUCCESS,657890,2,,564224,22186560,155545888,21455616,,,,,17153,13628,20260904-1258
